master_record_number,agency,agency_tracking_number,county,city,collision_date,vehicles_involved,number_injured,number_dead,latitude,longitude,roadway_name,roadway_suffix,roadway_number,roadway_local_id,distance_from_reference,miles-feet_indicator,direction_from_reference,intersection_road_name,intersection_road_name_suffix,intersection_road_number,intersection_local_id,mile_marker,intersection_indicator,intersect_type,interchange_related_indicator,relation_to_junction,work_zone_type,construction_maintenance_zone,construction_maintenance_zone_location,fatal_case_number,officer_first_name,officer_last_name,weather_condition(s),manner_of_crash,pedestrian,bicycle,scooter,parking,hitrun,mou
102738422,METROPOLITAN NASHVILLE POLICE DEPT,20200448666,Davidson,Nashville,7/7/2020 11:05:00 AM,1,0,0,36.172480,-86.727120,HUNTLEIGH DR,,,,150.00,Feet,West,RIVERSIDE DR,,,,0.00,N,Not at Intersection, ,Non-Junction,None,,,         ,Russell,Freeman,Clear,Not Collision with Motor Vehicle in Transport,no,no,no,no,no,False
102738428,METROPOLITAN NASHVILLE POLICE DEPT,20200448585,Davidson,Goodlettsville,7/7/2020 8:40:00 AM,1,0,0,36.288180,-86.725260,I 65,,,,0.00,,,,,,,94.05,N,Not at Intersection,N,Non-Junction,None,,,         ,Ricki,Armstrong,Clear,Not Collision with Motor Vehicle in Transport,no,no,no,no,no,False
102738430,METROPOLITAN NASHVILLE POLICE DEPT,20200448889,Davidson,Nashville,7/7/2020 12:03:00 PM,2,0,0,36.133100,-86.779200,8TH AVS,,,,175.00,Feet,South,ROYCROFT PL,,,,0.00,N,Not at Intersection,N,Non-Junction,None,,,         ,Jackson,Smythe,Clear,"Sideswipe, Opposite Direction",no,no,no,yes,yes,False
102738444,METROPOLITAN NASHVILLE POLICE DEPT,20200448633,Davidson,Antioch,7/7/2020 9:17:00 AM,2,1,0,36.058560,-86.597750,HAMILTON CHURCH RD,,,,0.00,,,HOBSON PKE,,,,0.00,Y,Four-Way,N,Intersection,None,,,         ,Timothy,Mead,Clear,Angle,no,no,no,no,no,False
102738455,METROPOLITAN NASHVILLE POLICE DEPT,20200448819,Davidson,Nashville,7/7/2020 11:14:00 AM,3,2,0,36.046430,-86.654700,HICKORY HOLLOW PKWY,,,,0.00,,,HICKORY HOLLOW LN,,,,0.00,Y,Four-Way,Y,Intersection,None,,,         ,Steven,Williams,Clear,Angle,no,no,no,no,no,False
102738456,METROPOLITAN NASHVILLE POLICE DEPT,20200448715,Davidson,Nashville,7/7/2020 10:06:00 AM,2,1,0,36.087430,-86.692210,ANTIOCH PKE,,,,0.00,,,HARDING PL,,,,0.00,Y,OTHER,N,Non-Junction,None,,,         ,Alex,Moore,Clear,Angle,no,no,no,no,no,False
102738464,METROPOLITAN NASHVILLE POLICE DEPT,20200448917,Davidson,Nashville,7/7/2020 12:10:00 PM,2,1,0,36.069820,-86.897360,HIGHWAY 100,,,,0.00,,,HARPETH TRACE DR,,,,0.00,Y,T-Intersection,N,Intersection,None,,,         ,Douglas,Atwood,Clear,Angle,no,no,no,no,no,False
102738477,METROPOLITAN NASHVILLE POLICE DEPT,20200448916,Davidson,Nashville,7/7/2020 12:25:00 PM,2,0,0,36.205540,-86.763590,E TRINITY LN,,,,67.00,Feet,West,SULTANA AV,,,,0.00,N,Not at Intersection,N,Non-Junction,None,,,         ,Russell,Freeman,Cloudy,Front to Rear,no,no,no,no,no,False
102738478,METROPOLITAN NASHVILLE POLICE DEPT,20200448964,Davidson,Nashville,7/7/2020 12:30:00 PM,3,1,0,36.146100,-86.870730,CHARLOTTE PKE,,,,0.00,,,WESTBORO DR,,,,0.00,Y,T-Intersection,N,Intersection,None,,,         ,Benjamin,Cantrell,Clear,Front to Rear,no,no,no,no,no,False
102738480,METROPOLITAN NASHVILLE POLICE DEPT,20200448911,Davidson,Nashville,7/7/2020 12:15:00 PM,2,1,0,36.207360,-86.790900,W TRINITY LN,,,,241.00,Feet,East,BAPTIST WORLD CENTER DR,,,,0.00,N,Not at Intersection,N,Non-Junction,None,,,         ,Kenneth,Oneal,Clear,Angle,no,no,no,no,no,False
102738481,METROPOLITAN NASHVILLE POLICE DEPT,20200448984,Davidson,Not in City Limit,7/7/2020 1:12:00 PM,2,1,0,36.269500,-86.692180,ROOSEVELT AV,,,,0.00,,,SCALF DR,,,,0.00,Y,Four-Way,N,Intersection,None,,,         ,Michelle,Steidl,Rain,Angle,no,no,no,no,no,False
102738491,METROPOLITAN NASHVILLE POLICE DEPT,20200448565,Davidson,Not in City Limit,7/7/2020 8:35:00 AM,2,0,0,36.258000,-86.738270,I 65,,,,0.00,,,,,,,91.80,N,Not at Intersection, ,,None,,,         ,Ricki,Armstrong,,,no,no,no,no,no,False
102738532,METROPOLITAN NASHVILLE POLICE DEPT,20200449065,Davidson,Nashville,7/7/2020 2:00:00 PM,1,0,0,36.124410,-86.737170,I 440,,,,0.00,,,,,,,7.00,N,Not at Intersection, ,Non-Junction,None,,,         ,Todd,Watson,Cloudy,Not Collision with Motor Vehicle in Transport,no,no,no,no,no,False
102738538,METROPOLITAN NASHVILLE POLICE DEPT,20200449036,Davidson,Nashville,7/7/2020 12:23:00 PM,1,0,0,36.086790,-86.648600,MURFREESBORO PKE,,,,50.00,Feet,South,NASHBORO BLVD,,,,0.00,N,Not at Intersection,N,Non-Junction,None,,,         ,Caleb,Jernigan,Clear,Not Collision with Motor Vehicle in Transport,no,no,no,yes,yes,False
102738543,METROPOLITAN NASHVILLE POLICE DEPT,20200447541,Davidson,Nashville,7/6/2020 7:16:00 PM,1,1,0,36.067110,-86.724390,NORTHCREST DR,,,,0.00,,,COTTON LN,,,,0.00,Y,T-Intersection,N,Intersection,None,,,         ,William,King,Clear,Not Collision with Motor Vehicle in Transport,no,no,no,no,no,False
102738554,METROPOLITAN NASHVILLE POLICE DEPT,20200448757,Davidson,Nashville,7/7/2020 10:30:00 AM,2,0,0,36.160470,-86.778440,5TH AVS,,,,0.00,,,BROADWAY,,,,0.00,Y,Four-Way, ,Non-Junction,Construction Zone,,,         ,Frank,Campbell,Clear,Other,no,no,no,no,yes,False
102738559,METROPOLITAN NASHVILLE POLICE DEPT,20200448974,Davidson,Nashville,7/7/2020 1:05:00 PM,2,1,0,36.131810,-86.895500,CONNECTING ROAD,,,,0.00,,,RAMP,,,,0.00,Y,Four-Way,N,Intersection,None,,,         ,Charles,Boles,Cloudy,Angle,no,no,no,no,no,False
102738572,METROPOLITAN NASHVILLE POLICE DEPT,20200449081,Davidson,Nashville,7/7/2020 2:15:00 PM,3,0,0,36.151710,-86.635970,I 40,,,,0.00,,,,,,,218.50,N,Not at Intersection,N,Non-Junction,None,,,         ,Adam,Warren,Clear,Angle,no,no,no,no,no,False
102738578,METROPOLITAN NASHVILLE POLICE DEPT,20200448855,Davidson,Nashville,7/7/2020 11:35:00 AM,2,1,0,36.194640,-86.776200,I 65,,,,0.00,,,,,,,86.50,N,Not at Intersection,N,Non-Junction,None,,,         ,Jedidayah,Merriweather,Cloudy,Angle,no,no,no,no,no,False
102738579,METROPOLITAN NASHVILLE POLICE DEPT,20200448963,Davidson,Nashville,7/7/2020 12:51:00 PM,1,0,0,36.206730,-86.780320,US HWY 431,,,,568.00,Feet,West,HAMPTON ST,,,,0.00,N,Not at Intersection, ,OtherLocation,None,,,         ,Jedidayah,Merriweather,Cloudy,Not Collision with Motor Vehicle in Transport,no,no,no,yes,no,False
102738584,METROPOLITAN NASHVILLE POLICE DEPT,20200449092,Davidson,Nashville,7/7/2020 2:30:00 PM,2,0,0,36.112890,-86.689010,MURFREESBORO PKE,,,,0.00,,,MCGAVOCK PKE,,,,0.00,Y,OTHER, ,Non-Junction,None,,,         ,Keith,Covert,Clear,Angle,no,no,no,yes,no,False
102738589,METROPOLITAN NASHVILLE POLICE DEPT,20200449260,Davidson,Nashville,7/7/2020 2:10:00 PM,2,0,0,36.192650,-86.815050,ROSA L PARKS BLVD,,,,206.00,Feet,East,MAINSTREAM DR,,,,0.00,N,Not at Intersection, ,,None,,,         ,Daniel,Kallman,,,no,no,no,no,no,False
102738610,METROPOLITAN NASHVILLE POLICE DEPT,20200449248,Davidson,Nashville,7/7/2020 4:00:00 PM,1,0,0,36.177790,-86.586220,FOREST RIDGE DR,,,,39.00,Feet,South,BROOKE VALLEY DR,,,,0.00,N,Not at Intersection, ,,None,,,         ,Heather,Fox,,,no,no,no,no,no,False
102738616,METROPOLITAN NASHVILLE POLICE DEPT,20200449239,Davidson,Nashville,7/7/2020 3:54:00 PM,2,0,0,36.089580,-86.642670,LONG HUNTER CT,,,,43.00,Feet,South,NASHBORO BLVD,,,,0.00,N,Not at Intersection,N,Non-Junction,None,,,         ,Peter,Kinsey,Cloudy,Angle,no,no,no,no,no,False
102738619,METROPOLITAN NASHVILLE POLICE DEPT,20200449234,Davidson,Nashville,7/7/2020 3:31:00 PM,2,1,0,36.241960,-86.757080,DICKERSON PKE,,,,0.00,Feet,,DICKERSON PKE ENT RAMP,,,,0.00,Y,T-Intersection,Y,Intersection-Related,None,,,         ,Sarah,Cartwright,Clear,Angle,no,no,no,no,no,False
102738622,METROPOLITAN NASHVILLE POLICE DEPT,20200449244,Davidson,Not in City Limit,7/7/2020 3:19:00 PM,2,0,0,36.327490,-86.892140,I 24,,,,0.00,,,,,,,33.65,N,Not at Intersection,N,Non-Junction,None,,,         ,Brian,Woodard,Rain,Front to Rear,no,no,no,no,no,False
102738629,METROPOLITAN NASHVILLE POLICE DEPT,20200449382,Davidson,Nashville,7/7/2020 2:30:00 PM,1,0,0,36.163980,-86.819370,I 40,,,,0.00,,,,,,,206.40,N,Not at Intersection, ,,None,,,         ,Je-Marc,Sears,,,no,no,no,no,no,False
102738643,METROPOLITAN NASHVILLE POLICE DEPT,20200449155,Davidson,Not in City Limit,7/7/2020 2:33:00 PM,2,0,0,36.263070,-86.711920,STATE RT 45,,,,0.00,,,OLD HICKORY BLVDW,,,,0.00,Y,Four-Way, ,Intersection,None,,,         ,Christopher,Littles,Clear,"Sideswipe, Same Direction",no,no,no,no,no,False
102738644,METROPOLITAN NASHVILLE POLICE DEPT,20200449167,Davidson,Goodlettsville,7/7/2020 3:13:00 PM,3,0,0,36.303250,-86.692250,CONFERENCE DR,,,,250.00,Feet,South,THE SHOPPES AT RIVERGATE PVTDR,,,,0.00,N,Not at Intersection,N,Non-Junction,None,,,         ,Christopher,Littles,Clear,Front to Rear,no,no,no,no,no,False
102738645,METROPOLITAN NASHVILLE POLICE DEPT,20200449392,Davidson,Not in City Limit,7/7/2020 5:09:00 PM,1,0,0,36.290920,-86.809880,I 24,,,,0.00,,,,,,,39.45,N,Not at Intersection, ,Non-Junction,None,,,         ,Christopher,Littles,Clear,Not Collision with Motor Vehicle in Transport,no,no,no,no,no,False
102738651,METROPOLITAN NASHVILLE POLICE DEPT,20200449374,Davidson,Nashville,7/7/2020 4:52:00 PM,2,0,0,36.130510,-86.801780,21ST AVS,,,,60.00,Feet,East,BLAIR BLVD,,,,0.00,N,Not at Intersection,N,Non-Junction,None,,,         ,Thomas,Odom,Clear,"Sideswipe, Opposite Direction",no,no,no,yes,yes,False
102738652,METROPOLITAN NASHVILLE POLICE DEPT,20200449346,Davidson,Nashville,7/7/2020 4:50:00 PM,2,0,0,36.160130,-86.799020,PEARL ST,,,,19.00,Feet,East,17TH AVN,,,,0.00,N,Not at Intersection,N,Non-Junction,None,,,         ,Pamela,Caulder,Clear,Angle,no,no,no,no,yes,False
102738657,METROPOLITAN NASHVILLE POLICE DEPT,20200449498,Davidson,Nashville,7/7/2020 6:26:00 PM,2,1,0,36.153710,-86.721560,SPENCE LN,,,,0.00,Feet,,LEBANON PKE,,,,0.00,Y,Four-Way,N,Intersection,None,,,         ,Jason,Milyaro Lucas,Clear,Angle,no,no,no,no,yes,False
102738665,METROPOLITAN NASHVILLE POLICE DEPT,20200449339,Davidson,Not in City Limit,7/7/2020 3:35:00 PM,2,1,0,36.082430,-86.958870,HIGHWAY 70S,,,,184.00,Feet,West,HARPETH VALLEY RD,,,,0.00,N,Not at Intersection,N,Non-Junction,None,,,         ,William,Vanbergen,Clear,Angle,no,no,no,no,no,False
102738668,METROPOLITAN NASHVILLE POLICE DEPT,20200449379,Davidson,Not in City Limit,7/7/2020 3:20:00 PM,2,1,0,36.048390,-86.952910,TEMPLE RD,,,,0.00,Feet,,OLD HARDING PKE,,,,0.00,Y,T-Intersection,N,Intersection-Related,None,,,         ,Brian,DeMarce,Clear,Front to Rear,no,no,no,no,yes,False
102738669,METROPOLITAN NASHVILLE POLICE DEPT,20200449413,Davidson,Not in City Limit,7/7/2020 5:29:00 PM,2,0,0,36.265810,-86.680590,N DUPONT AV,,,,0.00,,,RIO VISTA DR,,,,0.00,Y,Four-Way,Y,Intersection,None,,,         ,Benjamin,Williams,Clear,Angle,no,no,no,no,no,False
102738674,METROPOLITAN NASHVILLE POLICE DEPT,20200449553,Davidson,Nashville,7/7/2020 12:00:00 AM,2,1,0,36.074370,-86.921320,HIGHWAY 70S,,,,117.00,Feet,West,OLD HICKORY BLVD,,,,0.00,N,Not at Intersection,N,Non-Junction,None,,,         ,McKenzie,Harper,Clear,"Sideswipe, Same Direction",no,no,no,no,yes,False
102738689,METROPOLITAN NASHVILLE POLICE DEPT,20200447686,Davidson,Nashville,7/6/2020 9:06:00 PM,1,1,0,36.123990,-86.811690,I 440,,,,0.00,,,,,,,2.50,N,Not at Intersection,N,Non-Junction,None,,,         ,Russell,Ward,Clear,Not Collision with Motor Vehicle in Transport,no,no,no,no,no,False
102738765,METROPOLITAN NASHVILLE POLICE DEPT,20200449829,Davidson,Nashville,7/7/2020 5:40:00 PM,2,0,0,36.046210,-86.713360,NOLENSVILLE PKE,,,,307.00,Feet,North,OLD HICKORY BLVD,,,,0.00,N,Not at Intersection, ,,None,,,         ,Justan,Vance,,,no,no,no,no,no,False
102738785,METROPOLITAN NASHVILLE POLICE DEPT,20200449840,Davidson,Not in City Limit,7/7/2020 10:51:00 PM,1,1,0,36.262440,-86.709430,E OLD HICKORY BLVD,,,,496.00,Feet,North,3RD AV,,,,0.00,N,Not at Intersection,N,Non-Junction,None,,,         ,Natalie,Robinson,Clear,Not Collision with Motor Vehicle in Transport,no,no,no,no,no,False
102738791,METROPOLITAN NASHVILLE POLICE DEPT,20200449901,Davidson,Nashville,7/7/2020 10:39:00 PM,2,0,0,36.175110,-86.797990,ARTHUR AV,,,,106.00,Feet,East,CHEATHAM PL,,,,0.00,N,Not at Intersection, ,Non-Junction,None,,,         ,Joshua,Green,Clear,"Sideswipe, Same Direction",no,no,no,no,no,False
102738792,METROPOLITAN NASHVILLE POLICE DEPT,20200449872,Davidson,Not in City Limit,7/7/2020 10:50:00 PM,2,0,0,36.267930,-86.756470,DICKERSON PKE,,,,173.00,Feet,South,BELL GRIMES LN,,,,0.00,N,Not at Intersection,N,Non-Junction,None,,,         ,Coleman,McKellar,Clear,Angle,no,no,no,no,no,False
102738798,METROPOLITAN NASHVILLE POLICE DEPT,20200449922,Davidson,Not in City Limit,7/7/2020 10:40:00 PM,1,1,0,36.267480,-86.699390,N DUPONT AV,,,,788.00,Feet,East,SEALEY DR,,,,0.00,N,Not at Intersection,N,"Driveway, Alley Access, etc",None,,,         ,Michael,Reid,Clear,Not Collision with Motor Vehicle in Transport,no,no,no,no,no,False
102738800,METROPOLITAN NASHVILLE POLICE DEPT,20200450144,Davidson,Nashville,7/8/2020 1:55:00 AM,1,0,0,36.172860,-86.890830,COCKRILL BEND BLVD,,,,1625.00,Feet,South,COCKRILL BEND CIR,,,,0.00,N,Not at Intersection, ,Non-Junction,None,,,         ,Jonathan,Phipps,Clear,Not Collision with Motor Vehicle in Transport,no,no,no,no,no,False
102738860,METROPOLITAN NASHVILLE POLICE DEPT,20200450357,Davidson,Nashville,7/8/2020 5:45:00 AM,2,0,0,36.125900,-86.752610,NOLENSVILLE PKE,,,,14.00,Feet,North,GLENROSE AV,,,,0.00,N,Not at Intersection, ,Non-Junction,None,,,         ,Garrett,Reingardt,Clear,Angle,no,no,no,no,no,False
102738869,METROPOLITAN NASHVILLE POLICE DEPT,20200450417,Davidson,Nashville,7/8/2020 6:48:00 AM,2,0,0,36.122490,-86.727380,I 24,,,,0.00,,,,,,,52.75,N,Not at Intersection,N,Non-Junction,None,,,         ,Robert,Higgins,Clear,Front to Rear,no,no,no,no,yes,False
102738870,BERRY HILL POLICE DEPT,20-2454,Davidson,Berry Hill,7/7/2020 7:37:00 AM,2,0,0,36.127610,-86.776650,MELPARK DR,,,,215.00,Feet,West,MELPARK CT,,,,0.00,N,Not at Intersection, ,"Driveway, Alley Access, etc",None,,,         ,Ronnie,Hill,Cloudy,Angle,no,no,no,yes,no,False
102738872,METROPOLITAN NASHVILLE POLICE DEPT,20200450379,Davidson,Nashville,7/8/2020 6:07:00 AM,2,1,0,36.143270,-86.737020,I 40,,,,0.00,,,,,,,212.70,N,Not at Intersection,N,Non-Junction,None,,,         ,Joseph,Patricio,Clear,Front to Rear,no,no,no,no,no,False
102738874,METROPOLITAN NASHVILLE POLICE DEPT,20200450406,Davidson,Nashville,7/8/2020 6:44:00 AM,2,0,0,36.151600,-86.752160,I 40,,,,0.00,,,,,,,211.45,N,Not at Intersection,N,Non-Junction,None,,,         ,Michael,Brooks,Clear,Front to Rear,no,no,no,no,yes,False
102738887,METROPOLITAN NASHVILLE POLICE DEPT,20200450439,Davidson,Nashville,7/8/2020 6:56:00 AM,2,0,0,36.072490,-86.636780,MURFREESBORO PKE,,,,287.00,Feet,North,BELL RD,,,,0.00,N,Not at Intersection, ,Non-Junction,None,,,         ,Jason,Hees,Clear,"Sideswipe, Same Direction",no,no,no,no,yes,False
102738894,METROPOLITAN NASHVILLE POLICE DEPT,20200450392,Davidson,Nashville,7/8/2020 6:15:00 AM,2,0,0,36.194800,-86.776170,I 65,,,,0.00,,,,,,,86.50,N,Not at Intersection,N,Non-Junction,None,,,         ,Wesley,Young,Clear,"Sideswipe, Same Direction",no,no,no,no,yes,False
102738912,VANDERBILT UNIVERSITY POLICE,200448942,Davidson,Nashville,7/7/2020 11:35:00 AM,2,0,0,36.139380,-86.802400,PIERCE AVE,,,,0.00,,,,,,,0.00,,,N,Non-Junction,None,,,         ,Eugene,Kessler,Clear,Front to Rear,no,no,no,yes,yes,Campus
102738918,METROPOLITAN NASHVILLE POLICE DEPT,20200450420,Davidson,Nashville,7/8/2020 6:50:00 AM,1,1,0,36.148110,-86.777020,I65 S ENT RAMP,,,,0.00,,,I 40,,,,0.00,Y,OTHER,Y,Entrance/Exit Ramp Related,None,,,         ,Marvin,Williams,Clear,Not Collision with Motor Vehicle in Transport,no,no,no,no,no,False
102738922,METROPOLITAN NASHVILLE POLICE DEPT,20200450424,Davidson,Nashville,7/8/2020 6:54:00 AM,3,1,0,36.217470,-86.781560,BRICK CHURCH PKE,,,,0.00,,,WOODFOLK AV,,,,0.00,Y,Four-Way,N,Intersection-Related,None,,,         ,Tyler,Adcock,Clear,Front to Rear,no,no,no,no,no,False
102738934,METROPOLITAN NASHVILLE POLICE DEPT,20200450588,Davidson,Nashville,7/8/2020 8:30:00 AM,2,1,0,36.168080,-86.786300,JAMES ROBERTSON PKWY,,,,50.00,Feet,East,7TH AVN,,,,0.00,N,Not at Intersection, ,Non-Junction,None,,,         ,Kimberly,Forsyth,Clear,Front to Rear,no,no,no,no,no,False
102738936,METROPOLITAN NASHVILLE POLICE DEPT,20200450603,Davidson,Nashville,7/8/2020 8:56:00 AM,2,0,0,36.149490,-86.747220,I 40,,,,0.00,,,,,,,211.80,N,Not at Intersection, ,Non-Junction,None,,,         ,Michael,Dance,Clear,Front to Rear,no,no,no,no,no,False
102738948,METROPOLITAN NASHVILLE POLICE DEPT,20200450633,Davidson,Nashville,7/8/2020 9:13:00 AM,2,0,0,36.145530,-86.743980,FESSLERS LN,,,,439.00,Feet,South,RUNDLE AV,,,,0.00,N,Not at Intersection,N,"Driveway, Alley Access, etc",None,,,         ,Michael,Dance,Clear,Angle,no,no,no,no,no,False
102738954,METROPOLITAN NASHVILLE POLICE DEPT,20200450732,Davidson,Nashville,7/8/2020 10:10:00 AM,2,0,0,36.147770,-86.743550,I40 W ENT RAMP,,,,0.00,,,I 40,,,,0.00,Y,T-Intersection, ,Intersection,None,,,         ,Michael,Dance,Clear,Front to Rear,no,no,no,no,no,False
102738956,METROPOLITAN NASHVILLE POLICE DEPT,20200450393,Davidson,Nashville,7/8/2020 6:32:00 AM,3,0,0,36.145530,-86.741250,I 40,,,,0.00,,,,,,,212.20,N,Not at Intersection,N,Non-Junction,None,,,         ,Jacob,West,Clear,Angle,no,no,no,no,no,False
102738957,METROPOLITAN NASHVILLE POLICE DEPT,20200450781,Davidson,Nashville,7/8/2020 10:45:00 AM,2,0,0,36.088950,-86.798180,BATTERY LN,,,,208.00,Feet,East,ROBIN SPRINGS RD,,,,0.00,N,Not at Intersection,N,Non-Junction,None,,,         ,Nathan,Kemp,Clear,Front to Rear,no,no,no,no,no,False
102738958,METROPOLITAN NASHVILLE POLICE DEPT,20200450757,Davidson,Nashville,7/8/2020 10:15:00 AM,2,0,0,36.210610,-86.733340,GALLATIN PKE,,,,132.00,Feet,South,GREENFIELD AV,,,,0.00,N,Not at Intersection, ,,None,,,         ,Eric,Knight,,,no,no,no,yes,no,False
102738961,METROPOLITAN NASHVILLE POLICE DEPT,20200450471,Davidson,Nashville,7/8/2020 7:21:00 AM,2,0,0,36.116570,-86.798580,I 440,,,,0.00,,,,,,,3.30,N,Not at Intersection, ,Non-Junction,None,,,         ,Nathan,Kemp,Clear,"Sideswipe, Same Direction",no,no,no,no,no,False
102738962,METROPOLITAN NASHVILLE POLICE DEPT,20200450825,Davidson,Nashville,7/8/2020 11:06:00 AM,2,0,0,36.157050,-86.708980,LEBANON PKE,,,,0.00,,,OMOHUNDRO DR,,,,0.00,Y,T-Intersection, ,Non-Junction,None,,,         ,Michael,Brooks,Clear,Front to Rear,no,no,no,no,no,False
102738963,METROPOLITAN NASHVILLE POLICE DEPT,20200450681,Davidson,Not in City Limit,7/8/2020 9:40:00 AM,1,0,0,36.056350,-86.925260,HIGHWAY 100,,,,732.00,Feet,South,NOTTINGHAM PL,,,,0.00,N,Not at Intersection, ,Non-Junction,None,,,         ,Brandon,O'Guin,Clear,Not Collision with Motor Vehicle in Transport,no,no,no,no,no,False
102738972,METROPOLITAN NASHVILLE POLICE DEPT,20200450786,Davidson,Nashville,7/8/2020 10:50:00 AM,2,0,0,36.167130,-86.763430,SHELBY AV,,,,100.00,Feet,East,S 4TH ST,,,,0.00,N,Not at Intersection, ,,None,,,         ,Russell,Freeman,,,no,no,no,no,no,False
102738974,METROPOLITAN NASHVILLE POLICE DEPT,20200450866,Davidson,Nashville,7/8/2020 11:35:00 AM,2,0,0,36.074720,-86.635010,BELL RD,,,,0.00,,,ANDERSON RD,,,,0.00,Y,T-Intersection,N,Intersection,None,,,         ,Michael,Brooks,Clear,Front to Rear,no,no,no,no,yes,False
102738976,METROPOLITAN NASHVILLE POLICE DEPT,20200450760,Davidson,Nashville,7/8/2020 10:15:00 AM,2,0,0,36.210460,-86.785600,MONTICELLO ST,,,,124.00,Feet,South,MONTICELLO DR,,,,0.00,N,Not at Intersection, ,Non-Junction,None,,,         ,Wesley,Young,Clear,Angle,no,no,no,no,no,False
102738980,METROPOLITAN NASHVILLE POLICE DEPT,20200450867,Davidson,Nashville,7/8/2020 11:33:00 AM,1,0,0,36.227180,-86.697070,MUSIC VALLEY DR,,,,1256.00,Feet,North,MUSIC CITY CIR,,,,0.00,N,Not at Intersection, ,Non-Junction,None,,,         ,Michael,Dance,Clear,Not Collision with Motor Vehicle in Transport,no,no,no,no,no,False
102738981,METROPOLITAN NASHVILLE POLICE DEPT,20200450714,Davidson,Not in City Limit,7/8/2020 10:00:00 AM,2,1,0,36.133710,-86.927120,RIVER RD,,,,205.00,Feet,East,RIVER VIEW DR,,,,0.00,N,Not at Intersection,N,Non-Junction,None,,,         ,Benjamin,Cantrell,Clear,"Sideswipe, Opposite Direction",no,no,no,no,no,False
102738998,METROPOLITAN NASHVILLE POLICE DEPT,20200450907,Davidson,Nashville,7/8/2020 12:29:00 PM,1,0,0,36.123850,-86.810980,I 440,,,,0.00,,,,,,,2.45,N,Not at Intersection, ,Non-Junction,None,,,         ,Curtis,Rich,Rain,Not Collision with Motor Vehicle in Transport,no,no,no,no,no,False
102738999,METROPOLITAN NASHVILLE POLICE DEPT,20200450785,Davidson,Goodlettsville,7/8/2020 10:30:00 AM,2,0,0,36.302750,-86.691850,GALLATIN PKEN,,,,0.00,,,CONFERENCE DR,,,,0.00,Y,Four-Way, ,,None,,,         ,Shawn,Kaelin,,,no,no,no,no,no,False
102739003,METROPOLITAN NASHVILLE POLICE DEPT,20200450895,Davidson,Nashville,7/8/2020 11:38:00 AM,1,0,0,36.227110,-86.697010,MUSIC VALLEY DR,,,,1222.00,Feet,North,MUSIC CITY CIR,,,,0.00,N,Not at Intersection, ,Non-Junction,None,,,         ,Michael,Dance,Clear,Not Collision with Motor Vehicle in Transport,no,no,no,no,no,False
102739018,METROPOLITAN NASHVILLE POLICE DEPT,20200450900,Davidson,Nashville,7/8/2020 11:45:00 AM,1,0,0,36.227200,-86.697080,MUSIC VALLEY DR,,,,1261.00,Feet,North,MUSIC CITY CIR,,,,0.00,N,Not at Intersection, ,Non-Junction,None,,,         ,Michael,Dance,Clear,Not Collision with Motor Vehicle in Transport,no,no,no,no,no,False
102739029,METROPOLITAN NASHVILLE POLICE DEPT,20200450944,Davidson,Nashville,7/8/2020 12:40:00 PM,2,0,0,36.151370,-86.666550,DONELSON PKE,,,,64.00,Feet,South,NODYNE DR,,,,0.00,N,Not at Intersection,N,"Driveway, Alley Access, etc",None,,,         ,Michael,Dance,Clear,Angle,no,no,no,no,no,False
102739034,METROPOLITAN NASHVILLE POLICE DEPT,20200450994,Davidson,Nashville,7/8/2020 1:03:00 PM,1,0,0,36.116800,-86.786990,LEALAND LN,,,,16.00,Feet,South,GALE LN,,,,0.00,N,Not at Intersection,N,Non-Junction,None,,,         ,Nathan,Kemp,Clear,Not Collision with Motor Vehicle in Transport,no,no,no,no,no,False
102739036,METROPOLITAN NASHVILLE POLICE DEPT,20200450840,Davidson,Nashville,7/8/2020 11:29:00 AM,2,1,0,36.183500,-86.610760,OLD HICKORY BLVD,,,,0.00,,,DODSON CHAPEL RD,,,,0.00,Y,Four-Way,N,Intersection,None,,,         ,Cassandra,Del Bosco,Clear,"Sideswipe, Same Direction",no,no,no,no,no,False
102739038,METROPOLITAN NASHVILLE POLICE DEPT,20200450856,Davidson,Not in City Limit,7/8/2020 11:40:00 AM,2,2,0,36.271820,-86.761480,OLD HICKORY BLVD,,,,0.00,,,MARYDALE DR,,,,0.00,Y,Four-Way,N,Intersection,None,,,         ,Shawn,Kaelin,Clear,Angle,no,no,no,no,no,False
102739039,METROPOLITAN NASHVILLE POLICE DEPT,20200448954,Davidson,Nashville,7/7/2020 12:48:00 PM,1,1,0,36.250270,-86.776480,BRICK CHURCH PIKE,,,,215.00,Feet,North,NORTHBROOK DR,,,,0.00,N,Not at Intersection,N,Non-Junction,None,,,         ,Ruben,Mariano,Clear,Not Collision with Motor Vehicle in Transport,no,no,no,no,no,False
102739043,METROPOLITAN NASHVILLE POLICE DEPT,20200451009,Davidson,Nashville,7/8/2020 1:19:00 PM,2,0,0,36.143540,-86.857760,WHITE BRIDGE PKE,,,,93.00,Feet,North,CORBETT LN,,,,0.00,N,Not at Intersection, ,Non-Junction,None,,,         ,Curtis,Rich,Cloudy,Rear to Side,no,no,no,no,no,False
102739050,METROPOLITAN NASHVILLE POLICE DEPT,20200450974,Davidson,Nashville,7/8/2020 11:24:00 AM,2,0,0,36.195580,-86.775550,I 65,,,,0.00,,,,,,,86.55,N,Not at Intersection,N,Non-Junction,None,,,         ,Doyle,Price,Clear,"Sideswipe, Same Direction",no,no,no,no,yes,False