master_record_number,agency,agency_tracking_number,county,city,collision_date,vehicles_involved,number_injured,number_dead,latitude,longitude,roadway_name,roadway_suffix,roadway_number,roadway_local_id,distance_from_reference,miles-feet_indicator,direction_from_reference,intersection_road_name,intersection_road_name_suffix,intersection_road_number,intersection_local_id,mile_marker,intersection_indicator,intersect_type,interchange_related_indicator,relation_to_junction,work_zone_type,construction_maintenance_zone,construction_maintenance_zone_location,fatal_case_number,officer_first_name,officer_last_name,weather_condition(s),manner_of_crash,pedestrian,bicycle,scooter,parking,hitrun,mou
102740847,METROPOLITAN NASHVILLE POLICE DEPT,20200457168,Davidson,Nashville,7/11/2020 6:03:00 PM,1,0,0,36.209300,-86.729840,SHELTON AV,,,,340.00,Feet,West,KATHERINE ST,,,,0.00,N,Not at Intersection, ,Non-Junction,None,,,         ,Randy,Puckett,Clear,Not Collision with Motor Vehicle in Transport,no,no,no,no,no,False
102740850,METROPOLITAN NASHVILLE POLICE DEPT,20200457142,Davidson,Nashville,7/11/2020 12:00:00 AM,2,0,0,36.205680,-86.744100,THOMAS AV,,,,6.00,Feet,East,KEELING AV,,,,0.00,N,Not at Intersection, ,,None,,,         ,Maryanne,Bartello,,,no,no,no,no,no,False
102740860,METROPOLITAN NASHVILLE POLICE DEPT,20200457122,Davidson,Nashville,7/11/2020 6:15:00 PM,2,0,0,36.197180,-86.741970,GALLATIN PKE,,,,69.00,Feet,North,CAROLYN AV,,,,0.00,N,Not at Intersection, ,Non-Junction,None,,,         ,Christopher,Beery,Clear,"Sideswipe, Same Direction",no,no,no,no,no,False
102740861,METROPOLITAN NASHVILLE POLICE DEPT,20200457212,Davidson,Nashville,7/11/2020 6:30:00 PM,2,0,0,36.177360,-86.795980,CHEATHAM PL,,,,153.00,Feet,South,DELTA AV,,,,0.00,N,Not at Intersection,N,Non-Junction,None,,,         ,Eric,McCoy,Clear,"Sideswipe, Same Direction",no,no,no,no,yes,False
102740882,METROPOLITAN NASHVILLE POLICE DEPT,20200457261,Davidson,Nashville,7/11/2020 8:05:00 PM,3,0,0,36.193670,-86.831220,US HWY 41 ALT,,,,9.00,Feet,West,BUENA VISTA PIKE,,,,0.00,N,Not at Intersection,N,Non-Junction,None,,,         ,Jacob,Krispin,Clear,"Sideswipe, Opposite Direction",no,no,no,no,yes,False
102740885,METROPOLITAN NASHVILLE POLICE DEPT,20200457257,Davidson,Nashville,7/11/2020 8:00:00 PM,1,0,0,36.123510,-86.772880,I 65,,,,0.00,,,,,,,80.60,N,Not at Intersection,N,Non-Junction,None,,,         ,Citlaly,Juarez,Clear,Not Collision with Motor Vehicle in Transport,no,no,no,no,no,False
102740886,METROPOLITAN NASHVILLE POLICE DEPT,20200457232,Davidson,Nashville,7/11/2020 5:55:00 PM,3,1,0,36.147350,-86.625870,TRAILS CIR,,,,0.00,,,BELL RD,,,,0.00,Y,T-Intersection,N,Intersection,None,,,         ,Steven,Powers,Clear,Front to Rear,no,no,no,no,no,False
102740887,METROPOLITAN NASHVILLE POLICE DEPT,2020-0457078,Davidson,Not in City Limit,7/11/2020 4:00:00 PM,2,0,0,36.264450,-86.732280,OLD HICKORY BLVDW,,,,0.00,Feet,,N GRAYCROFT AV,,,,0.00,Y,Four-Way,N,Intersection,None,,,         ,Arthur,Hipp,Clear,Front to Rear,no,no,no,no,yes,False
102740888,METROPOLITAN NASHVILLE POLICE DEPT,20200457270,Davidson,Nashville,7/11/2020 7:46:00 PM,2,0,0,36.078500,-86.726000,NOLENSVILLE PKE,,,,413.00,Feet,South,HARDING PL,,,,0.00,N,Not at Intersection,N,Non-Junction,None,,,         ,Thomas,Parsons,Clear,Angle,no,no,no,no,no,False
102740889,METROPOLITAN NASHVILLE POLICE DEPT,20200457209,Davidson,Nashville,7/11/2020 7:12:00 PM,2,0,0,36.152170,-86.625070,BELL RD,,,,0.00,,,STEWARTS FERRY PKE,,,,0.00,Y,Four-Way,N,Intersection-Related,None,,,         ,Michael,Fox,Clear,Front to Rear,no,no,no,no,no,False
102740893,METROPOLITAN NASHVILLE POLICE DEPT,20200457233,Davidson,Nashville,7/11/2020 7:25:00 PM,2,1,0,36.246680,-86.721170,BERKLEY DR,,,,0.00,Feet,North,GALLATIN PKES,,,,0.00,N,Not at Intersection,N,Non-Junction,None,,,         ,Carey,Steel,Clear,Front to Rear,no,no,no,no,yes,False
102740894,METROPOLITAN NASHVILLE POLICE DEPT,20200457162,Davidson,Not in City Limit,7/11/2020 6:47:00 PM,2,2,0,36.137830,-86.949720,RIVER ROAD PKE,,,,1807.00,Feet,East,INDIAN CREEK RD,,,,0.00,N,Not at Intersection,N,Non-Junction,None,,,         ,Eric,Westbrook,Clear,Not Collision with Motor Vehicle in Transport,no,no,no,no,no,False
102740904,METROPOLITAN NASHVILLE POLICE DEPT,20200457222,Davidson,Nashville,7/11/2020 7:31:00 PM,2,0,0,36.057560,-86.716000,NOLENSVILLE PKE,,,,522.00,Feet,South,TUSCULUM RD,,,,0.00,N,Not at Intersection, ,Non-Junction,None,,,         ,John,McDonnell,Clear,Front to Rear,no,no,no,yes,yes,False
102740907,METROPOLITAN NASHVILLE POLICE DEPT,20200457300,Davidson,Not in City Limit,7/11/2020 8:33:00 PM,1,0,0,36.280970,-86.784990,BRICK CHURCH PKE,,,,664.00,Feet,North,OLD HICKORY BLVD,,,,0.00,N,Not at Intersection, ,Non-Junction,None,,,         ,Jarret,Sonnenberg,Clear,Not Collision with Motor Vehicle in Transport,no,no,no,no,no,False
102740909,METROPOLITAN NASHVILLE POLICE DEPT,20200457329,Davidson,Nashville,7/11/2020 8:47:00 PM,2,0,0,36.154860,-86.626970,STEWARTS FERRY PIKE,,,,0.00,,,EXIT 219,,,,0.00,Y,T-Intersection, ,Intersection,None,,,         ,Steven,Powers,Clear,Front to Rear,no,no,no,no,no,False
102740914,METROPOLITAN NASHVILLE POLICE DEPT,20200457338,Davidson,Nashville,7/11/2020 9:10:00 PM,2,2,0,36.088600,-86.701890,I 24,,,,0.00,,,,,,,55.50,N,Not at Intersection,N,Non-Junction,None,,,         ,Timothy,Ward,Clear,Front to Rear,no,no,no,no,yes,False
102740916,METROPOLITAN NASHVILLE POLICE DEPT,20200457267,Davidson,Nashville,7/11/2020 6:01:00 PM,2,0,0,36.038670,-86.648000,I24 E EXT RAMP,,,,0.00,Feet,East,I 24,,,,0.00,N,Not at Intersection,N,Non-Junction,None,,,         ,Matthew,Swindell,Clear,Angle,no,no,no,no,yes,False
102740923,METROPOLITAN NASHVILLE POLICE DEPT,20200457231,Davidson,Nashville,7/11/2020 7:40:00 PM,2,6,0,36.091600,-86.651510,MURFREESBORO PKE,,,,146.00,Feet,North,BRITISH WOODS DR,,,,0.00,N,Not at Intersection,N,Non-Junction,None,,,         ,Corey,Reed,,Front to Rear,no,no,no,no,no,False
102740933,METROPOLITAN NASHVILLE POLICE DEPT,20200457428,Davidson,Nashville,7/11/2020 9:40:00 PM,2,0,0,36.125870,-86.752590,NOLENSVILLE PKE,,,,4.00,Feet,North,GLENROSE AV,,,,0.00,N,Not at Intersection, ,Non-Junction,None,,,         ,Garrett,Reingardt,Clear,Front to Rear,no,no,no,no,no,False
102740936,METROPOLITAN NASHVILLE POLICE DEPT,20200457447,Davidson,Nashville,7/11/2020 1:51:00 PM,1,0,0,36.204650,-86.614620,BELINDA DR,,,,0.00,,,LEBANON PKE,,,,0.00,Y,T-Intersection,N,Intersection,None,,,         ,Randall,Ward,Clear,Not Collision with Motor Vehicle in Transport,no,no,no,no,yes,False
102740939,METROPOLITAN NASHVILLE POLICE DEPT,20200457373,Davidson,Nashville,7/11/2020 9:20:00 PM,2,0,0,36.069590,-86.693910,HAYWOOD LN,,,,0.00,,,EZELL RD,,,,0.00,Y,Four-Way,N,Intersection,None,,,         ,Phillip,Burke,Clear,"Sideswipe, Same Direction",no,no,no,no,yes,False
102740940,METROPOLITAN NASHVILLE POLICE DEPT,20200457534,Davidson,Nashville,7/11/2020 9:35:00 PM,2,0,0,36.045260,-86.717040,KNOLLS PL,,,,0.00,Feet,West,HICKORY PLZ,,,,0.00,N,Not at Intersection,N,Non-Junction,None,,,         ,Justan,Vance,Clear,Angle,no,no,no,no,yes,False
102740941,METROPOLITAN NASHVILLE POLICE DEPT,20200457246,Davidson,Antioch,7/11/2020 7:55:00 PM,2,1,0,36.058210,-86.596890,HAMILTON CHURCH RD,,,,282.00,Feet,East,HAMILTON CIR,,,,0.00,N,Not at Intersection,N,Non-Junction,None,,,         ,Garrett,Latham,Clear,Front to Rear,no,no,no,no,yes,False
102740945,METROPOLITAN NASHVILLE POLICE DEPT,20200457541,Davidson,Nashville,7/12/2020 12:10:00 AM,2,0,0,36.187170,-86.798440,ROSA L PARKS BLVD,,,,273.00,Feet,South,DOMINICAN DR,,,,0.00,N,Not at Intersection,N,Non-Junction,None,,,         ,Eric,Schaefer,Clear,Angle,no,no,no,no,yes,False
102740947,METROPOLITAN NASHVILLE POLICE DEPT,20200457526,Davidson,Nashville,7/11/2020 9:44:00 PM,2,0,0,36.255430,-86.714840,GALLATIN PKES,,,,305.00,Feet,South,NEELYS BEND RD,,,,0.00,N,Not at Intersection, ,,None,,,         ,Natalie,Robinson,,,no,no,no,no,no,False
102740950,METROPOLITAN NASHVILLE POLICE DEPT,20200457610,Davidson,Nashville,7/11/2020 10:24:00 PM,2,0,0,36.182230,-86.608290,OLD HICKORY BLVD,,,,59.00,Feet,West,ANDREW JACKSON WAY,,,,0.00,N,Not at Intersection,N,Non-Junction,None,,,         ,Randall,Ward,Clear,Front to Rear,no,no,no,no,yes,False
102740957,METROPOLITAN NASHVILLE POLICE DEPT,20200457463,Davidson,Nashville,7/11/2020 12:00:00 AM,1,1,0,36.222870,-86.816900,GARRISON DR,,,,0.00,Feet,East,CHARLIE PL,,,,0.00,N,Not at Intersection,N,Non-Junction,None,,,         ,Abigail,Malone,Clear,Not Collision with Motor Vehicle in Transport,yes,no,no,no,yes,False
102740959,METROPOLITAN NASHVILLE POLICE DEPT,20200457723,Davidson,Nashville,7/12/2020 1:35:00 AM,2,0,0,36.193560,-86.761890,N 5TH ST,,,,147.00,Feet,South,DOUGLAS AV,,,,0.00,N,Not at Intersection, ,Non-Junction,None,,,         ,Joshua,Whitworth,Clear,HeadOn,no,no,no,no,yes,False
102740963,METROPOLITAN NASHVILLE POLICE DEPT,20200457694,Davidson,Nashville,7/12/2020 1:11:00 AM,2,0,0,36.139670,-86.700310,BRILEY PKWY,,,,57.00,Feet,North,KAREN DR,,,,0.00,N,Not at Intersection, ,Non-Junction,None,,,         ,Corey,Ethridge,Clear,"Sideswipe, Same Direction",no,no,no,no,no,False
102740979,METROPOLITAN NASHVILLE POLICE DEPT,20200457800,Davidson,Antioch,7/11/2020 9:56:00 PM,1,0,0,36.012260,-86.684770,CULBERTSON RD,,,,428.00,Feet,North,MILL CREEK LENOX VILLAGE GRNWY,,,,0.00,N,Not at Intersection,N,Non-Junction,None,,,         ,Holly,Davis,Clear,Not Collision with Motor Vehicle in Transport,no,no,no,no,yes,False
102740980,METROPOLITAN NASHVILLE POLICE DEPT,20200457833,Davidson,Nashville,7/12/2020 3:05:00 AM,1,0,0,36.208040,-86.749650,ELLINGTON PKWYS,,,,1238.00,Feet,North,E TRINITY LN,,,,0.00,N,Not at Intersection,N,Non-Junction,None,,,         ,Ralph,Gault,Cloudy,Not Collision with Motor Vehicle in Transport,no,no,no,no,no,False
102740982,METROPOLITAN NASHVILLE POLICE DEPT,20200457861,Davidson,Nashville,7/12/2020 3:40:00 AM,1,1,0,36.241650,-86.723270,US HWY 31E,,,,1046.00,Feet,North,LAKEWOOD DR,,,,0.00,N,Not at Intersection,N,Non-Junction,None,,,         ,Zachary,Lang,Rain,Not Collision with Motor Vehicle in Transport,no,no,no,no,no,False
102740987,METROPOLITAN NASHVILLE POLICE DEPT,20200457925,Davidson,Not in City Limit,7/12/2020 5:03:00 AM,1,0,0,36.257740,-86.738440,I 65,,,,0.00,,,,,,,91.80,N,Not at Intersection, ,Non-Junction,None,,,         ,Jonathon,Sheppard,Rain,Not Collision with Motor Vehicle in Transport,no,no,no,no,no,False
102740991,METROPOLITAN NASHVILLE POLICE DEPT,20200457922,Davidson,Nashville,7/12/2020 5:00:00 AM,1,1,0,36.187650,-86.689460,BRILEY PKWYS,,,,247.00,Feet,West,BRILEY PKWY S ENT RAMP,,,,0.00,N,Not at Intersection,N,Non-Junction,None,,,         ,Amy,Hirschmann,Rain,Not Collision with Motor Vehicle in Transport,no,no,no,no,no,False
102741001,METROPOLITAN NASHVILLE POLICE DEPT,20200457880,Davidson,Nashville,7/12/2020 4:14:00 AM,2,2,0,36.077090,-86.725560,EDMONDSON PKE,,,,0.00,,,WALLACE RD,,,,0.00,Y,Four-Way,Y,Intersection,None,,,         ,Tony,Mingsing,Rain,Front to Rear,no,no,no,no,no,False
102741002,METROPOLITAN NASHVILLE POLICE DEPT,20200457834,Davidson,Not in City Limit,7/12/2020 3:14:00 AM,1,0,0,36.077110,-87.028190,I 40,,,,0.00,,,,,,,192.10,N,Not at Intersection,N,Non-Junction,None,,,         ,David,Moser,Clear,Not Collision with Motor Vehicle in Transport,no,no,no,no,no,False
102741030,METROPOLITAN NASHVILLE POLICE DEPT,20200457844,Davidson,Nashville,7/12/2020 3:20:00 AM,1,1,0,36.044280,-86.848980,NOEL DR,,,,193.00,Feet,South,OLD HICKORY BLVD,,,,0.00,N,Not at Intersection,N,Non-Junction,None,,,         ,Justan,Vance,Clear,Not Collision with Motor Vehicle in Transport,no,no,no,no,no,False
102741031,METROPOLITAN NASHVILLE POLICE DEPT,20200457956,Davidson,Nashville,7/12/2020 5:48:00 AM,1,0,0,36.239300,-86.776830,BRILEY PKWYW,,,,285.00,Feet,North,DOVERSIDE DR,,,,0.00,N,Not at Intersection,N,Non-Junction,None,,,         ,Coleman,McKellar,Rain,Not Collision with Motor Vehicle in Transport,no,no,no,no,no,False
102741038,METROPOLITAN NASHVILLE POLICE DEPT,20200457897,Davidson,Nashville,7/12/2020 4:36:00 AM,1,0,0,36.092440,-86.697740,ANTIOCH PIKE,,,,1198.00,Feet,East,HARDING INDUSTRIAL DR,,,,0.00,N,Not at Intersection,N,Non-Junction,None,,,         ,Robert,Leverick,Rain,Not Collision with Motor Vehicle in Transport,no,no,no,yes,no,False
102741044,BELLE MEADE POLICE DEPT,20-0129,Davidson,Belle Meade,7/11/2020 2:44:00 PM,2,0,0,36.113270,-86.862950,HARDING PKE,,,,0.00,,,JACKSON BLVD,,,,0.00,Y,T-Intersection,N,Intersection-Related,None,,,         ,Mark,Hill,Clear,Front to Rear,no,no,no,no,no,False
102741047,METROPOLITAN NASHVILLE POLICE DEPT,20200457979,Davidson,Nashville,7/12/2020 6:11:00 AM,1,1,0,36.163680,-86.616210,I 40,,,,0.00,,,,,,,219.90,N,Not at Intersection,N,Non-Junction,None,,,         ,Graham,Binkley,Rain,Not Collision with Motor Vehicle in Transport,no,no,no,no,no,False
102741055,METROPOLITAN NASHVILLE POLICE DEPT,20200457984,Davidson,Nashville,7/12/2020 6:15:00 AM,1,0,0,36.062730,-86.682430,I 24,,,,0.00,,,,,,,57.60,N,Not at Intersection, ,Non-Junction,None,,,         ,Kevin,Breeding,Rain,Not Collision with Motor Vehicle in Transport,no,no,no,no,no,False
102741059,METROPOLITAN NASHVILLE POLICE DEPT,20200458014,Davidson,Nashville,7/12/2020 6:47:00 AM,1,0,0,36.062580,-86.682280,I 24,,,,0.00,,,,,,,57.60,N,Not at Intersection,N,Non-Junction,None,,,         ,Caleb,Jernigan,Rain,Not Collision with Motor Vehicle in Transport,no,no,no,no,no,False
102741062,METROPOLITAN NASHVILLE POLICE DEPT,20200457938,Davidson,Nashville,7/12/2020 5:22:00 AM,2,1,0,36.106580,-86.718930,I 24,,,,0.00,,,,,,,54.00,N,Not at Intersection,N,Non-Junction,None,,,         ,Teresah,Pinho,Rain,"Sideswipe, Same Direction",no,no,no,no,no,False
102741069,METROPOLITAN NASHVILLE POLICE DEPT,20200458050,Davidson,Nashville,7/12/2020 7:26:00 AM,1,0,0,36.151470,-86.751350,I40 W EXT RAMP,,,,0.00,Feet,East,I 40,,,,0.00,N,Not at Intersection,N,Non-Junction,None,,,         ,Mario,Diaz,Rain,Not Collision with Motor Vehicle in Transport,no,no,no,no,no,False
102741071,METROPOLITAN NASHVILLE POLICE DEPT,20200456834,Davidson,Nashville,7/11/2020 2:19:00 PM,2,0,0,36.130510,-86.726960,I 24,,,,0.00,,,,,,,52.15,N,Not at Intersection,N,Non-Junction,None,,,         ,Ryan,Howard,Clear,Front to Rear,no,no,no,no,no,False
102741073,METROPOLITAN NASHVILLE POLICE DEPT,20200457999,Davidson,Nashville,7/12/2020 6:41:00 AM,2,0,0,36.149870,-86.669220,ELM HILL PKE,,,,557.00,Feet,West,NELSON PL,,,,0.00,N,Not at Intersection,N,"Driveway, Alley Access, etc",None,,,         ,Roger,Luther,Rain,Angle,no,no,no,no,yes,False
102741074,METROPOLITAN NASHVILLE POLICE DEPT,20200457995,Davidson,Nashville,7/12/2020 6:34:00 AM,2,1,0,36.090390,-86.703350,I 24,,,,0.00,,,,,,,55.35,N,Not at Intersection,N,Non-Junction,None,,,         ,Robert,Higgins,Rain,Not Collision with Motor Vehicle in Transport,no,no,no,no,no,False
102741076,METROPOLITAN NASHVILLE POLICE DEPT,20200458004,Davidson,Nashville,7/12/2020 6:20:00 AM,2,0,0,36.219940,-86.718550,GREENLAND AV,,,,517.00,Feet,West,KENNEDY AV,,,,0.00,N,Not at Intersection,N,Non-Junction,None,,,         ,Torrance,Bennett,Rain,Front to Rear,no,no,no,no,yes,False
102741082,METROPOLITAN NASHVILLE POLICE DEPT,20200458009,Davidson,Nashville,7/12/2020 12:00:00 AM,1,0,0,36.227200,-86.789150,BRICK CHURCH PARK DR,,,,0.00,Feet,East,ALDRICH LN,,,,0.00,N,Not at Intersection,N,Non-Junction,None,,,         ,Jedidayah,Merriweather,Clear,Not Collision with Motor Vehicle in Transport,no,no,no,no,no,False
102741086,METROPOLITAN NASHVILLE POLICE DEPT,20200458116,Davidson,Nashville,7/12/2020 8:36:00 AM,2,0,0,36.100010,-86.711410,I 24,,,,0.00,,,,,,,54.55,N,Not at Intersection,N,Non-Junction,None,,,         ,Robert,Higgins,Rain,Front to Rear,no,no,no,no,yes,False
102741089,METROPOLITAN NASHVILLE POLICE DEPT,20200458107,Davidson,Nashville,7/12/2020 8:38:00 AM,1,1,0,36.142060,-86.735180,I 40,,,,0.00,,,,,,,212.80,N,Not at Intersection,N,Non-Junction,None,,,         ,Mario,Diaz,Rain,Not Collision with Motor Vehicle in Transport,no,no,no,no,no,False
102741114,METROPOLITAN NASHVILLE POLICE DEPT,20200458041,Davidson,Nashville,7/12/2020 7:26:00 AM,3,0,0,36.151330,-86.751040,I 40,,,,0.00,,,,,,,211.55,N,Not at Intersection,N,Non-Junction,None,,,         ,Jason,Thomas,Rain,"Sideswipe, Same Direction",no,no,no,no,no,False
102741123,METROPOLITAN NASHVILLE POLICE DEPT,20200458144,Davidson,Nashville,7/12/2020 9:11:00 AM,2,0,0,36.153200,-86.764580,I 40,,,,0.00,,,I24 W ENT RAMP,,,,0.00,Y,Y-Intersection,Y,Entrance/Exit Ramp Related,None,,,         ,Roger,Luther,Rain,"Sideswipe, Same Direction",no,no,no,no,no,False
102741130,METROPOLITAN NASHVILLE POLICE DEPT,20200458212,Davidson,Nashville,7/12/2020 10:04:00 AM,1,0,0,36.226600,-86.773930,I 65,,,,0.00,,,,,,,88.70,N,Not at Intersection,N,Non-Junction,None,,,         ,Keith,Parlato,Cloudy,Not Collision with Motor Vehicle in Transport,no,no,no,no,no,False
102741131,METROPOLITAN NASHVILLE POLICE DEPT,20200456644,Davidson,Nashville,7/11/2020 11:20:00 AM,4,0,0,36.151680,-86.851780,CHARLOTTE AV,,,,99.00,Feet,East,MORROW RD,,,,0.00,N,Not at Intersection,N,Non-Junction,None,,,         ,Gerry,Hutcheson,Clear,Angle,no,no,no,no,yes,False
102741132,METROPOLITAN NASHVILLE POLICE DEPT,20200457019,Davidson,Nashville,7/11/2020 11:00:00 AM,2,0,0,36.152400,-86.836290,CHARLOTTE AV,,,,227.00,Feet,East,42ND AVN,,,,0.00,N,Not at Intersection, ,Non-Junction,None,,,         ,Gerry,Hutcheson,Clear,Front to Rear,no,no,no,no,yes,False
102741143,METROPOLITAN NASHVILLE POLICE DEPT,20200458002,Davidson,Nashville,7/12/2020 6:50:00 AM,1,1,0,36.164010,-86.762880,I 24,,,,0.00,,,,,,,49.15,N,Not at Intersection,N,Non-Junction,None,,,         ,Marvin,Williams,Rain,Not Collision with Motor Vehicle in Transport,no,no,no,no,no,False
102741145,METROPOLITAN NASHVILLE POLICE DEPT,2020-0458180,Davidson,Nashville,7/12/2020 9:39:00 AM,1,0,0,36.076240,-86.734150,OVERCREST DR,,,,328.00,Feet,South,HARDING PL,,,,0.00,N,Not at Intersection, ,Non-Junction,None,,,         ,Sean,Williams,Rain,Not Collision with Motor Vehicle in Transport,no,no,no,no,no,False
102741148,METROPOLITAN NASHVILLE POLICE DEPT,20200458289,Davidson,Not in City Limit,7/12/2020 10:30:00 AM,2,0,0,36.045470,-86.950560,TEMPLE RD,,,,0.00,,,HIGHWAY 100,,,,0.00,Y,Four-Way, ,Intersection,None,,,         ,Benjamin,Cantrell,Cloudy,Angle,no,no,no,no,no,False
102741153,METROPOLITAN NASHVILLE POLICE DEPT,20200458232,Davidson,Nashville,7/12/2020 10:24:00 AM,2,1,0,36.108090,-86.720200,I24 W EXT RAMP,,,,0.00,Feet,East,I 24,,,,0.00,N,Not at Intersection,N,Non-Junction,None,,,         ,Ryan,Howard,Rain,Front to Rear,no,no,no,no,no,False
102741203,METROPOLITAN NASHVILLE POLICE DEPT,20200458051,Davidson,Nashville,7/12/2020 7:35:00 AM,2,0,0,36.175110,-86.767490,MAIN ST ENT RAMP,,,,0.00,Feet,East,ELLINGTON PKWYS,,,,0.00,N,Not at Intersection, ,Non-Junction,None,,,         ,Jamel,Griffin,Rain,Front to Rear,no,no,no,no,no,False
102741207,METROPOLITAN NASHVILLE POLICE DEPT,20200458368,Davidson,Nashville,7/12/2020 12:57:00 PM,2,0,0,36.152080,-86.845500,CHARLOTTE AV,,,,142.00,Feet,East,49TH AVN,,,,0.00,N,Not at Intersection, ,Non-Junction,None,,,         ,Darren,Key,Clear,Front to Rear,no,no,no,no,no,False
102741211,METROPOLITAN NASHVILLE POLICE DEPT,20200458343,Davidson,Not in City Limit,7/12/2020 12:26:00 PM,3,1,0,36.262820,-86.680970,STATE RT 45,,,,0.00,,,RIO VISTA DR,,,,0.00,Y,Four-Way,N,Intersection,None,,,         ,Nathan,Mayo,Clear,Angle,no,no,no,no,yes,False
102741240,METROPOLITAN NASHVILLE POLICE DEPT,20200458480,Davidson,Nashville,7/12/2020 2:14:00 PM,2,0,0,36.205840,-86.730490,KENMORE PL,,,,580.00,Feet,North,KENMORE CT,,,,0.00,N,Not at Intersection,N,Non-Junction,None,,,         ,Randy,Puckett,Unknown,Unknown,no,no,no,no,yes,False
102741252,METROPOLITAN NASHVILLE POLICE DEPT,20200458481,Davidson,Nashville,7/12/2020 2:50:00 PM,2,0,0,36.042310,-86.726520,WOODLANDS AV,,,,0.00,,,OLD HICKORY BLVD,,,,0.00,Y,Four-Way, ,Intersection,None,,,         ,Justen,Ogle,Clear,Front to Rear,no,no,no,no,no,False
102741257,METROPOLITAN NASHVILLE POLICE DEPT,20200458478,Davidson,Not in City Limit,7/12/2020 2:48:00 PM,1,0,0,36.323600,-86.872640,EATONS CREEK RD,,,,2.00,Feet,East,BINKLEY RD,,,,0.00,N,Not at Intersection, ,Non-Junction,None,,,         ,Alec,Pellissier,Clear,Not Collision with Motor Vehicle in Transport,no,no,no,no,no,False
102741262,METROPOLITAN NASHVILLE POLICE DEPT,20200458533,Davidson,Nashville,7/12/2020 12:00:00 AM,2,0,0,36.210500,-86.633770,LINDEN GREEN,,,,174.00,Feet,North,BONNAFAIR DR,,,,0.00,N,Not at Intersection,N,Non-Junction,None,,,         ,Heather,Fox,Unknown,Unknown,no,no,no,no,yes,False
102741271,METROPOLITAN NASHVILLE POLICE DEPT,20200458504,Davidson,Nashville,7/12/2020 3:03:00 PM,2,0,0,36.081350,-86.697020,I 24,,,,0.00,,,,,,,56.10,N,Not at Intersection,N,Non-Junction,None,,,         ,Molly,Page,Clear,"Sideswipe, Same Direction",no,no,no,no,yes,False
102741273,METROPOLITAN NASHVILLE POLICE DEPT,20200458575,Davidson,Nashville,7/12/2020 12:00:00 AM,2,0,0,36.139610,-86.881180,ANNEX AV,,,,267.00,Feet,North,CHARLOTTE PKE,,,,0.00,N,Not at Intersection, ,Non-Junction,None,,,         ,William,Vanbergen,Clear,Front to Rear,no,no,no,no,no,False
102741274,METROPOLITAN NASHVILLE POLICE DEPT,20200458517,Davidson,Nashville,7/12/2020 3:18:00 PM,2,1,0,36.059580,-86.641060,CAMBRIDGE APTS PVTDR,,,,0.00,,,BELL RD,,,,0.00,Y,Four-Way,N,Intersection-Related,None,,,         ,Austin,Binner,Clear,Angle,no,no,no,no,no,False
102741281,METROPOLITAN NASHVILLE POLICE DEPT,20200458557,Davidson,Nashville,7/12/2020 3:35:00 PM,2,1,0,36.107590,-86.743530,TIMMONS ST,,,,0.00,,,NOLENSVILLE PKE,,,,0.00,Y,Four-Way,N,Non-Junction,None,,,         ,Darci,Stechman,Clear,"Sideswipe, Same Direction",no,no,no,no,no,False
102741288,METROPOLITAN NASHVILLE POLICE DEPT,20200458596,Davidson,Nashville,7/10/2020 10:00:00 PM,1,0,0,36.183690,-86.744570,N 14TH ST,,,,0.00,,,,,,,0.00,,,N,Non-Junction,None,,,         ,Christopher,Beery,Clear,Not Collision with Motor Vehicle in Transport,no,no,no,yes,yes,False
102741298,METROPOLITAN NASHVILLE POLICE DEPT,20200458601,Davidson,Nashville,7/12/2020 4:27:00 PM,2,0,0,36.066560,-86.636650,MORRIS GENTRY BLVD,,,,0.00,,,BELL RD,,,,0.00,Y,T-Intersection,N,Intersection,None,,,         ,Thomas,Parsons,Clear,Angle,no,no,no,no,no,False
102741313,METROPOLITAN NASHVILLE POLICE DEPT,20200458655,Davidson,Nashville,7/12/2020 12:00:00 AM,2,0,0,36.044950,-86.665060,STATE HWY 254,,,,510.00,Feet,North,CEDAR POINTE PKWY,,,,0.00,N,Not at Intersection, ,Non-Junction,None,,,         ,Corey,Reed,Clear,Angle,no,no,no,yes,yes,False
102741316,METROPOLITAN NASHVILLE POLICE DEPT,20200458625,Davidson,Nashville,7/12/2020 4:05:00 PM,2,2,0,36.111340,-86.724420,EAST THOMPSON LN,,,,356.00,Feet,West,I24 E EXT RAMP,,,,0.00,N,Not at Intersection,N,Non-Junction,None,,,         ,John,Walden,Clear,Angle,no,no,no,no,no,False
102741318,METROPOLITAN NASHVILLE POLICE DEPT,20200458673,Davidson,Not in City Limit,7/12/2020 12:00:00 AM,2,0,0,36.076890,-86.945220,HIGHWAY 70S,,,,0.00,Feet,North,SAWYER BROWN RD,,,,0.00,N,Not at Intersection, ,Non-Junction,None,,,         ,William,Vanbergen,Clear,Front to Rear,no,no,no,no,no,False
102741326,METROPOLITAN NASHVILLE POLICE DEPT,20200458629,Davidson,Nashville,7/12/2020 4:47:00 PM,2,2,0,36.103230,-86.666480,MURFREESBORO PKE,,,,0.00,,,FAIRCLOTH LN,,,,0.00,Y,Four-Way,N,Intersection,None,,,         ,Jeffrey,Mullins,Clear,Angle,no,no,no,no,no,False