master_record_number,agency,agency_tracking_number,county,city,collision_date,vehicles_involved,number_injured,number_dead,latitude,longitude,roadway_name,roadway_suffix,roadway_number,roadway_local_id,distance_from_reference,miles-feet_indicator,direction_from_reference,intersection_road_name,intersection_road_name_suffix,intersection_road_number,intersection_local_id,mile_marker,intersection_indicator,intersect_type,interchange_related_indicator,relation_to_junction,work_zone_type,construction_maintenance_zone,construction_maintenance_zone_location,fatal_case_number,officer_first_name,officer_last_name,weather_condition(s),manner_of_crash,pedestrian,bicycle,scooter,parking,hitrun,mou
102741852,METROPOLITAN NASHVILLE POLICE DEPT,20200460859,Davidson,Goodlettsville,7/13/2020 7:50:00 PM,2,1,0,36.290540,-86.693780,MYATT DR,,,,173.00,Feet,South,EDENWOLD RD,,,,0.00,N,Not at Intersection,N,Non-Junction,None,,,         ,Kelly,Turcios,Clear,Front to Rear,no,no,no,no,no,False
102741855,METROPOLITAN NASHVILLE POLICE DEPT,20200460773,Davidson,Nashville,7/13/2020 6:45:00 PM,2,1,0,36.143020,-86.814990,US HWY 70S,,,,209.00,Feet,East,31ST AVE N,,,,0.00,N,Not at Intersection,N,Non-Junction,None,,,         ,Zachary,Plese,Clear,Angle,no,no,no,no,no,Campus
102741864,METROPOLITAN NASHVILLE POLICE DEPT,20200460668,Davidson,Nashville,7/13/2020 6:06:00 PM,1,1,0,36.207550,-86.777790,BRICK CHURCH PIKE,,,,0.00,,,-- UNKNOWN RAMP/ROAD --,,,,0.00,Y,T-Intersection,N,Intersection,None,,,         ,Gabriel,Centeno,Clear,Not Collision with Motor Vehicle in Transport,yes,no,no,no,no,False
102741869,METROPOLITAN NASHVILLE POLICE DEPT,2020-0460815,Davidson,Nashville,7/13/2020 5:53:00 PM,2,0,0,36.254690,-86.729040,SAUNDERS AV,,,,0.00,,,BARBARA DR,,,,0.00,Y,Four-Way, ,Intersection-Related,None,,,         ,Arthur,Hipp,Cloudy,Angle,no,no,no,no,no,False
102741872,METROPOLITAN NASHVILLE POLICE DEPT,20200460783,Davidson,Nashville,7/13/2020 6:31:00 PM,1,0,0,36.193220,-86.624450,JACKSONIAN DR,,,,224.00,Feet,East,BONNAFORD DR,,,,0.00,N,Not at Intersection,N,Non-Junction,None,,,         ,Zachary,Aldrich,Clear,Not Collision with Motor Vehicle in Transport,no,no,no,no,yes,False
102741873,METROPOLITAN NASHVILLE POLICE DEPT,20200460948,Davidson,Nashville,7/13/2020 9:01:00 PM,2,1,0,36.068150,-86.632070,MURFREESBORO PKE,,,,363.00,Feet,North,FOREST VIEW DR,,,,0.00,N,Not at Intersection,N,Non-Junction,None,,,         ,Joel,Bennett,Clear,HeadOn,no,no,no,no,yes,False
102741896,METROPOLITAN NASHVILLE POLICE DEPT,20200460909,Davidson,Nashville,7/13/2020 12:00:00 AM,2,0,0,36.069880,-86.633970,MURFREESBORO PKE,,,,976.00,Feet,South,BELL RD,,,,0.00,N,Not at Intersection,N,Non-Junction,None,,,         ,Douglas,Mann,Clear,Front to Rear,no,no,no,no,yes,False
102741908,METROPOLITAN NASHVILLE POLICE DEPT,20200460996,Davidson,Nashville,7/13/2020 8:08:00 PM,2,1,0,36.124235,-86.910508,CHARLOTTE PK,,,,0.00,,,PRIVATE DRIVE,,,,0.00,Y,T-Intersection, ,Intersection-Related,None,,,         ,Jeremy,Huffine,Clear,Angle,no,no,no,no,no,False
102741912,METROPOLITAN NASHVILLE POLICE DEPT,20200461042,Davidson,Nashville,7/13/2020 10:32:00 PM,2,0,0,36.170400,-86.768450,INTERSTATE DR,,,,0.00,,,WOODLAND ST,,,,0.00,Y,Four-Way,N,Intersection,None,,,         ,David,Collins,Clear,Front to Rear,no,no,no,no,no,False
102741915,METROPOLITAN NASHVILLE POLICE DEPT,20200461047,Davidson,Nashville,7/13/2020 10:38:00 PM,2,0,0,36.206620,-86.777900,W TRINITY LN,,,,0.00,,,BRICK CHURCH PKE,,,,0.00,Y,Four-Way,Y,Intersection-Related,None,,,         ,Jacob,Dick,Clear,Angle,no,no,no,no,no,False
102741928,METROPOLITAN NASHVILLE POLICE DEPT,20200461135,Davidson,Nashville,7/13/2020 11:41:00 PM,2,0,0,36.154350,-86.764400,LINDSLEY AV,,,,259.00,Feet,East,ACADEMY PL,,,,0.00,N,Not at Intersection, ,Non-Junction,None,,,         ,James,Wells Jr.,Clear,Front to Rear,no,no,no,no,no,False
102741935,METROPOLITAN NASHVILLE POLICE DEPT,20200461222,Davidson,Nashville,7/13/2020 10:14:00 PM,2,0,0,36.070270,-86.670330,DOWDY DR,,,,0.00,,,DOWDY CT,,,,0.00,Y,Four-Way,N,Non-Junction,None,,,         ,William,Williams,Clear,Front to Rear,no,no,no,yes,yes,False
102741939,METROPOLITAN NASHVILLE POLICE DEPT,20200461234,Davidson,Not in City Limit,7/13/2020 10:24:00 PM,1,0,0,36.080840,-86.953860,COLEY DAVIS CT,,,,248.00,Feet,West,COLEY DAVIS RD,,,,0.00,N,Not at Intersection,N,OtherLocation,None,,,         ,Aaron,Wigginton,Clear,Not Collision with Motor Vehicle in Transport,no,no,no,yes,yes,False
102741944,METROPOLITAN NASHVILLE POLICE DEPT,20200461266,Davidson,Nashville,7/13/2020 7:40:00 PM,1,0,0,36.187410,-86.845980,OLSEN LN,,,,173.00,Feet,North,COCOA DR,,,,0.00,N,Not at Intersection,N,Non-Junction,None,,,         ,Joseph,Gawlowski,Clear,Not Collision with Motor Vehicle in Transport,no,no,no,no,yes,False
102741960,METROPOLITAN NASHVILLE POLICE DEPT,20200461095,Davidson,Nashville,7/13/2020 11:15:00 PM,1,0,0,36.103620,-86.666480,OLD MURFREESBORO PKE,,,,0.00,,,FAIRCLOTH LN,,,,0.00,Y,OTHER, ,Intersection,None,,,         ,Bridget,Griepentrog,Clear,Not Collision with Motor Vehicle in Transport,no,no,no,no,no,False
102741979,METROPOLITAN NASHVILLE POLICE DEPT,20200456552,Davidson,Nashville,7/11/2020 10:00:00 AM,3,2,0,36.196680,-86.782910,LOCK RD,,,,46.00,Feet,West,BAPTIST WORLD CENTER DR,,,,0.00,N,Not at Intersection,N,Non-Junction,None,,,         ,Pamela,Caulder,Cloudy,"Sideswipe, Opposite Direction",yes,no,no,no,no,False
102741997,VANDERBILT UNIVERSITY POLICE,20200460253,Davidson,Nashville,7/13/2020 12:25:00 PM,1,1,0,36.140370,-86.801570,MEDICAL CENTER DR,,,,0.00,,,MEDICAL CENTER DR,,,,0.00,,T-Intersection,N,Intersection,None,,,         ,Karl,Haury,Clear,Not Collision with Motor Vehicle in Transport,yes,no,no,no,no,Campus
102742007,METROPOLITAN NASHVILLE POLICE DEPT,20200451601,Davidson,Not in City Limit,7/14/2020 6:10:00 AM,2,0,0,36.270380,-86.736570,I 65,,,,0.00,,,,,,,92.65,N,Not at Intersection, ,Non-Junction,None,,,         ,Wesley,Young,Clear,"Sideswipe, Same Direction",no,no,no,no,no,False
102742021,METROPOLITAN NASHVILLE POLICE DEPT,20200461781,Davidson,Nashville,7/14/2020 8:23:00 AM,2,0,0,36.068240,-86.759270,BARRYWOOD DR,,,,0.00,,,TROUSDALE DR,,,,0.00,Y,Four-Way, ,,None,,,         ,Nathan,Kemp,,,no,no,no,no,no,False
102742026,METROPOLITAN NASHVILLE POLICE DEPT,20200461711,Davidson,Madison,7/14/2020 7:20:00 AM,2,0,0,36.265320,-86.739370,OLD HICKORY BLVDW,,,,114.00,Feet,East,I65 S ENT RAMP,,,,0.00,N,Not at Intersection, ,Non-Junction,None,,,         ,Broderick,Jones,Clear,Front to Rear,no,no,no,no,no,False
102742033,METROPOLITAN NASHVILLE POLICE DEPT,20200461706,Davidson,Madison,7/14/2020 8:30:00 AM,2,0,0,36.262010,-86.738070,I 65,,,,0.00,,,,,,,92.10,N,Not at Intersection, ,Non-Junction,None,,,         ,Ricki,Armstrong,Clear,Front to Rear,no,no,no,no,no,False
102742049,METROPOLITAN NASHVILLE POLICE DEPT,20200461744,Davidson,Madison,7/14/2020 7:45:00 AM,1,1,0,36.280720,-86.749220,DICKERSON PKE,,,,984.00,Feet,South,DICKERSON PKES,,,,0.00,N,Not at Intersection,N,Non-Junction,None,,,         ,Cyretha,Frazier,Clear,Not Collision with Motor Vehicle in Transport,no,no,no,no,no,False
102742076,METROPOLITAN NASHVILLE POLICE DEPT,20200462106,Davidson,Nashville,7/14/2020 11:10:00 AM,2,0,0,36.066480,-86.923180,HICKS RD,,,,0.00,,,STEEPLECHASE PARK PVTDR,,,,0.00,Y,T-Intersection,N,Intersection,None,,,         ,Curtis,Rich,Clear,Angle,no,no,no,no,no,False
102742084,METROPOLITAN NASHVILLE POLICE DEPT,20200462082,Davidson,Nashville,7/14/2020 12:00:00 AM,2,0,0,36.166250,-86.776940,1ST AVN,,,,0.00,,,UNION ST EXT RAMP,,,,0.00,Y,OTHER,N,"Driveway, Alley Access, etc",None,,,         ,Byron,Carter,Clear,Unknown,no,no,no,no,yes,False
102742103,METROPOLITAN NASHVILLE POLICE DEPT,20200461678,Davidson,Nashville,7/14/2020 7:15:00 AM,2,0,0,36.178410,-86.751820,N 10TH ST,,,,106.00,Feet,North,MAIN ST,,,,0.00,N,Not at Intersection, ,Non-Junction,None,,,         ,Russell,Freeman,Clear,Angle,no,no,no,no,no,False
102742107,METROPOLITAN NASHVILLE POLICE DEPT,20200462087,Davidson,Nashville,7/14/2020 11:02:00 AM,2,0,0,36.146720,-86.808880,WEST END AV,,,,90.00,Feet,West,25TH AVN,,,,0.00,N,Not at Intersection, ,Non-Junction,None,,,         ,Nathan,Kemp,Clear,"Sideswipe, Same Direction",no,no,no,no,no,Campus
102742125,METROPOLITAN NASHVILLE POLICE DEPT,20200462092,Davidson,Nashville,7/14/2020 11:07:00 AM,2,0,0,36.195590,-86.776150,I 65,,,,0.00,,,,,,,86.55,N,Not at Intersection, ,Non-Junction,None,,,         ,James,Wray,Clear,"Sideswipe, Same Direction",no,no,no,no,no,False
102742137,METROPOLITAN NASHVILLE POLICE DEPT,20200462192,Davidson,Not in City Limit,7/14/2020 12:00:00 PM,2,0,0,36.078410,-86.947820,US HWY 70S,,,,355.00,Feet,East,CONNECTING ROAD,,,,0.00,N,Not at Intersection, ,Non-Junction,None,,,         ,Curtis,Rich,Cloudy,Angle,no,no,no,yes,no,False
102742140,METROPOLITAN NASHVILLE POLICE DEPT,20200461844,Davidson,Nashville,7/14/2020 9:00:00 AM,2,0,0,36.165630,-86.820210,28TH AVE N,,,,0.00,,,ALAMEDA ST,,,,0.00,Y,T-Intersection,N,Intersection,None,,,         ,Wesley,Young,Clear,"Sideswipe, Same Direction",no,no,no,no,no,False
102742157,METROPOLITAN NASHVILLE POLICE DEPT,20200462292,Davidson,Nashville,7/14/2020 1:05:00 PM,2,0,0,36.178140,-86.616070,JAMES KAY LN,,,,0.00,,,,,,,0.00,,, ,Non-Junction,None,,,         ,Michael,Brooks,Clear,Angle,no,no,no,yes,no,False
102742158,METROPOLITAN NASHVILLE POLICE DEPT,20200462296,Davidson,Nashville,7/14/2020 11:56:00 AM,2,0,0,36.197050,-86.828120,BUENA VISTA PIKE,,,,0.00,,,CLIFF DR,,,,0.00,Y,Four-Way, ,Intersection,None,,,         ,Wesley,Young,Clear,Angle,no,no,no,no,no,False
102742164,METROPOLITAN NASHVILLE POLICE DEPT,20200462250,Davidson,Nashville,7/14/2020 12:40:00 PM,1,0,0,36.147330,-86.887930,ANNEX AV,,,,108.00,Feet,East,CAPRI DR,,,,0.00,N,Not at Intersection,N,Non-Junction,None,,,         ,Brandon,O'Guin,Clear,Not Collision with Motor Vehicle in Transport,no,no,no,no,yes,False
102742170,METROPOLITAN NASHVILLE POLICE DEPT,20200462298,Davidson,Nashville,7/14/2020 12:45:00 PM,2,0,0,36.153240,-86.843530,ALABAMA AV,,,,0.00,,,47TH AVN,,,,0.00,Y,T-Intersection,N,Intersection-Related,None,,,         ,Douglas,Atwood,Clear,Front to Rear,no,no,no,no,no,False
102742174,METROPOLITAN NASHVILLE POLICE DEPT,20200462360,Davidson,Nashville,7/14/2020 2:02:00 PM,1,1,0,36.127610,-86.727450,I 440,,,,0.00,,,,,,,7.60,N,Not at Intersection,Y,Non-Junction,None,,,         ,Charles,Wakefield,Clear,Not Collision with Motor Vehicle in Transport,no,no,no,no,no,False
102742177,METROPOLITAN NASHVILLE POLICE DEPT,20200462314,Davidson,Nashville,7/14/2020 1:20:00 PM,2,1,0,36.229560,-86.757560,BROADMOOR DR,,,,376.00,Feet,West,HILLSIDE RD,,,,0.00,N,Not at Intersection,N,Non-Junction,None,,,         ,Russell,Freeman,Clear,Angle,no,no,no,no,no,False
102742184,METROPOLITAN NASHVILLE POLICE DEPT,20200462046,Davidson,Nashville,7/14/2020 10:48:00 AM,1,1,0,36.064790,-86.628480,MURFREESBORO PKE,,,,0.00,,,HAMILTON CHURCH RD,,,,0.00,Y,OTHER,N,Non-Junction,None,,,         ,Alex,Moore,Clear,Not Collision with Motor Vehicle in Transport,no,no,no,no,no,False
102742199,METROPOLITAN NASHVILLE POLICE DEPT,20200462301,Davidson,Nashville,7/14/2020 1:05:00 PM,2,0,0,36.161600,-86.791760,CHARLOTTE AV,,,,0.00,,,12TH AVN,,,,0.00,Y,Four-Way,N,Intersection-Related,None,,,         ,Byron,Carter,Cloudy,Angle,no,no,no,no,no,False
102742200,METROPOLITAN NASHVILLE POLICE DEPT,20200462311,Davidson,Nashville,7/14/2020 1:23:00 PM,2,1,0,36.134850,-86.741320,FOSTER AV,,,,0.00,,,WOODYCREST AV,,,,0.00,Y,T-Intersection,N,Intersection,None,,,         ,Brian,Sherman,Clear,Front to Rear,no,no,no,no,no,False
102742201,METROPOLITAN NASHVILLE POLICE DEPT,20200462398,Davidson,Nashville,7/14/2020 1:52:00 PM,2,0,0,36.237250,-86.724300,GALLATIN PKES,,,,580.00,Feet,South,GALLATIN PKE,,,,0.00,N,Not at Intersection,N,Non-Junction,None,,,         ,Christopher,Littles,Clear,"Sideswipe, Same Direction",no,no,no,no,yes,False
102742205,THP District 3 - Nashville,320041485,Davidson,Nashville,7/13/2020 5:31:00 PM,3,0,0,36.141730,-86.671250,I 40,,,,0.00,,,,,,,215.00,N,Not at Intersection, ,,None,,,         ,Chad,Bilbrey,,,no,no,no,no,no,False
102742207,METROPOLITAN NASHVILLE POLICE DEPT,20200462414,Davidson,Nashville,7/14/2020 2:43:00 PM,2,3,0,36.151180,-86.691820,ELM HILL PKE,,,,0.00,,,BRILEY PKWY S EXT RAMP,,,,0.00,Y,T-Intersection,N,Intersection,None,,,         ,Adam,Warren,Clear,Angle,no,no,no,no,no,False
102742210,METROPOLITAN NASHVILLE POLICE DEPT,20200462419,Davidson,Nashville,7/14/2020 2:53:00 PM,2,1,0,36.106320,-86.742850,NOLENSVILLE PKE,,,,22.00,Feet,South,MORTON AV,,,,0.00,N,Not at Intersection,N,Non-Junction,None,,,         ,John,Walden,Clear,Angle,no,no,no,no,no,False
102742214,METROPOLITAN NASHVILLE POLICE DEPT,20200462460,Davidson,Nashville,7/14/2020 3:00:00 PM,2,0,0,36.150760,-86.784380,12TH AVS,,,,112.00,Feet,South,DIVISION ST,,,,0.00,N,Not at Intersection, ,,None,,,         ,Philip,Claibourne,,,no,no,no,no,no,False
102742220,METROPOLITAN NASHVILLE POLICE DEPT,20200462502,Davidson,Not in City Limit,7/14/2020 11:43:00 AM,2,0,0,35.986010,-86.625870,BATTLE RD,,,,440.00,Feet,North,CAROTHERS RD,,,,0.00,N,Not at Intersection,N,Non-Junction,None,,,         ,Thomas,Parsons,Clear,"Sideswipe, Opposite Direction",no,no,no,no,yes,False
102742222,WILLIAMSON CO SHERIFFS OFFICE,2014779,Davidson,Nashville,7/14/2020 3:25:00 PM,2,0,0,36.026260,-86.897790,SNEED RDW,,,,4.00,Feet,East,LAURELBROOKE LN,,,,0.00,N,Not at Intersection,N,Non-Junction,None,,,         ,Matthew,Murphy,Clear,Front to Rear,no,no,no,no,no,False
102742224,METROPOLITAN NASHVILLE POLICE DEPT,20200462426,Davidson,Nashville,7/14/2020 2:20:00 PM,2,0,0,36.155650,-86.789720,14TH AVS,,,,0.00,Feet,,BROADWAY,,,,0.00,Y,Four-Way, ,OtherLocation,None,,,         ,Erik,Wagner,Clear,Angle,no,no,no,no,no,False
102742225,METROPOLITAN NASHVILLE POLICE DEPT,20200462524,Davidson,Not in City Limit,7/14/2020 3:50:00 PM,2,0,0,36.265010,-86.738350,I65 S ENT RAMP,,,,0.00,Feet,East,I 65,,,,0.00,N,Not at Intersection, ,Non-Junction,None,,,         ,Joshua,Goepper,Clear,Front to Rear,no,no,no,no,no,False
102742238,METROPOLITAN NASHVILLE POLICE DEPT,20200461437,Davidson,Nashville,7/14/2020 3:41:00 AM,1,0,1,36.253190,-86.739410,I 65,,,,0.00,,,,,,,91.45,N,Not at Intersection,N,Non-Junction,None,,,20-0531  ,Russell,Ward,Clear,Not Collision with Motor Vehicle in Transport,no,no,no,no,no,False
102742242,METROPOLITAN NASHVILLE POLICE DEPT,20200462536,Davidson,Nashville,7/14/2020 3:42:00 PM,1,0,0,36.201690,-86.776570,I 65,,,,0.00,,,,,,,87.00,N,Not at Intersection,N,Non-Junction,None,,,         ,Tyler,Manivong,Clear,Not Collision with Motor Vehicle in Transport,no,no,no,no,no,False
102742243,METROPOLITAN NASHVILLE POLICE DEPT,20200462437,Davidson,Nashville,7/14/2020 2:57:00 PM,2,1,0,36.152480,-86.802700,21ST AVE N,,,,0.00,,,CHURCH ST,,,,0.00,Y,Four-Way,Y,Intersection,None,,,         ,Samuel,Sundra,Clear,Angle,no,no,no,no,no,Campus
102742248,METROPOLITAN NASHVILLE POLICE DEPT,20200462553,Davidson,Nashville,7/14/2020 2:30:00 PM,2,0,0,36.176420,-86.767900,SPRING ST,,,,138.00,Feet,West,SPRING ST ENT RAMP,,,,0.00,N,Not at Intersection, ,Non-Junction,None,,,         ,Zachary,Carter,Clear,"Sideswipe, Same Direction",no,no,no,no,no,False
102742249,METROPOLITAN NASHVILLE POLICE DEPT,20200462475,Davidson,Nashville,7/14/2020 3:11:00 PM,2,0,0,36.214610,-86.604660,LEBANON PKE,,,,0.00,,,SHUTE LN,,,,0.00,Y,T-Intersection,N,Intersection,None,,,         ,Zachary,Aldrich,Clear,Front to Rear,no,no,no,no,yes,False
102742252,METROPOLITAN NASHVILLE POLICE DEPT,20200462597,Davidson,Nashville,7/14/2020 4:12:00 PM,2,0,0,36.154860,-86.627000,STEWARTS FERRY PIKE,,,,0.00,,,I 40,,,,0.00,Y,T-Intersection, ,Intersection,None,,,         ,Steven,Powers,Clear,Front to Rear,no,no,no,no,no,False
102742256,METROPOLITAN NASHVILLE POLICE DEPT,20200462530,Davidson,Nashville,7/14/2020 3:30:00 PM,2,0,0,36.085630,-86.701210,HARDING PL,,,,70.00,Feet,East,I24 E EXT RAMP,,,,0.00,N,Not at Intersection, ,,None,,,         ,Timothy,Ward,,,no,no,no,no,no,False
102742261,METROPOLITAN NASHVILLE POLICE DEPT,20200462447,Davidson,Nashville,7/14/2020 2:59:00 PM,2,3,0,36.189260,-86.745960,SHARPE AV,,,,0.00,,,GALLATIN AV,,,,0.00,Y,T-Intersection,Y,Intersection-Related,None,,,         ,Sarah,Cartwright,Clear,Angle,no,no,no,no,no,False
102742264,METROPOLITAN NASHVILLE POLICE DEPT,20200462485,Davidson,Nashville,7/14/2020 2:33:00 PM,3,0,0,36.039790,-86.816420,GRANNY WHITE PKE,,,,135.00,Feet,North,GRANNY WHITE PIKE,,,,0.00,N,Not at Intersection, ,,None,,,         ,Nicholas,Carroll,,,no,no,no,no,no,False
102742266,METROPOLITAN NASHVILLE POLICE DEPT,20200462528,Davidson,Nashville,7/14/2020 2:40:00 PM,2,0,0,36.152290,-86.753930,I 40,,,,0.00,,,,,,,211.35,N,Not at Intersection, ,Non-Junction,None,,,         ,Derek,Sibley,Clear,"Sideswipe, Same Direction",no,no,no,no,no,False
102742267,METROPOLITAN NASHVILLE POLICE DEPT,20200462590,Davidson,Nashville,7/14/2020 4:00:00 PM,2,0,0,36.228870,-86.759160,DICKERSON PKE,,,,187.00,Feet,South,BROADMOOR DR,,,,0.00,N,Not at Intersection,N,Non-Junction,None,,,         ,Trevor,Jones,Clear,Front to Rear,no,no,no,yes,yes,False
102742272,METROPOLITAN NASHVILLE POLICE DEPT,20200462588,Davidson,Not in City Limit,7/14/2020 4:21:00 PM,2,3,0,36.263910,-86.690300,STATE RT 45,,,,0.00,,,MYATT DR,,,,0.00,Y,Four-Way,N,Intersection,None,,,         ,Christopher,Littles,Clear,HeadOn,no,no,no,no,no,False
102742273,METROPOLITAN NASHVILLE POLICE DEPT,20200462545,Davidson,Not in City Limit,7/14/2020 3:55:00 PM,3,1,0,36.360870,-86.886010,WHITES CREEK PKE,,,,1428.00,Feet,North,JACKMAN RD,,,,0.00,N,Not at Intersection,N,Non-Junction,None,,,         ,Andrey,Volfson,Clear,Front to Rear,no,no,no,no,no,False
102742280,METROPOLITAN NASHVILLE POLICE DEPT,20200462616,Davidson,Nashville,7/14/2020 4:35:00 PM,2,0,0,36.098490,-86.677300,DONELSON PKE,,,,31.00,Feet,North,OLD EZELL RD,,,,0.00,N,Not at Intersection, ,Non-Junction,None,,,         ,Laura,Williams,Clear,Front to Rear,no,no,no,no,no,False
102742294,METROPOLITAN NASHVILLE POLICE DEPT,20200462433,Davidson,Nashville,7/14/2020 2:30:00 PM,2,0,0,36.138440,-86.731160,MURFREESBORO PKE,,,,111.00,Feet,East,BLANTON AV,,,,0.00,N,Not at Intersection,N,Non-Junction,None,,,         ,Peter,Kinsey,Clear,"Sideswipe, Same Direction",no,no,no,no,yes,False
102742296,METROPOLITAN NASHVILLE POLICE DEPT,20200462645,Davidson,Nashville,7/14/2020 4:50:00 PM,2,0,0,36.167610,-86.758710,SYLVAN ST,,,,325.00,Feet,East,CAYCE PLACE PVTDR,,,,0.00,N,Not at Intersection,N,Non-Junction,None,,,         ,Donovan,Coble,Clear,"Sideswipe, Same Direction",no,no,no,no,no,False
102742302,METROPOLITAN NASHVILLE POLICE DEPT,20200462544,Davidson,Antioch,7/14/2020 3:46:00 PM,2,2,0,36.054314,-86.618709,MURFREESBORO PKE,,,,0.00,Feet,,MT VIEW RD,RD,,,0.00,Y,Four-Way,Y,Intersection,None,,,         ,Matthew,Swindell,Clear,Angle,no,no,no,no,no,False
102742312,METROPOLITAN NASHVILLE POLICE DEPT,20200462727,Davidson,Nashville,7/14/2020 5:25:00 PM,3,2,0,36.205890,-86.768600,E TRINITY LN,,,,2.00,Feet,East,DICKERSON PKE,,,,0.00,N,Not at Intersection, ,Non-Junction,None,,,         ,Zachary,Carter,Clear,Front to Rear,no,no,no,no,no,False
102742316,METROPOLITAN NASHVILLE POLICE DEPT,20200462678,Davidson,Nashville,7/14/2020 1:45:00 PM,2,0,0,36.205370,-86.761180,E TRINITY LN,,,,0.00,Feet,East,LISCHEY AV,,,,0.00,N,Not at Intersection,N,Non-Junction,None,,,         ,Sarah,Cartwright,Clear,Front to Rear,no,no,no,no,yes,False
102742319,METROPOLITAN NASHVILLE POLICE DEPT,20200462822,Davidson,Nashville,7/14/2020 6:42:00 PM,2,0,0,36.169920,-86.756180,SHELBY AVE,,,,0.00,,,S 8TH ST,,,,0.00,Y,OTHER,Y,Intersection,None,,,         ,Tyler,Manivong,Clear,Angle,no,no,no,no,yes,False
102742320,METROPOLITAN NASHVILLE POLICE DEPT,20200462805,Davidson,Nashville,7/14/2020 5:33:00 PM,2,0,0,36.145060,-86.812360,WEST END AV,,,,0.00,,,28TH AVN,,,,0.00,Y,T-Intersection,N,Intersection-Related,None,,,         ,FELIKS,ABRAHAMYAN,Clear,Angle,no,no,no,no,no,Campus
102742326,METROPOLITAN NASHVILLE POLICE DEPT,20200462845,Davidson,Nashville,7/14/2020 6:55:00 PM,1,1,0,36.169650,-86.587480,I 40,,,,0.00,,,,,,,221.55,N,Not at Intersection,N,Non-Junction,None,,,         ,Tyler,Hall,Clear,Not Collision with Motor Vehicle in Transport,no,no,no,no,no,False
102742332,BERRY HILL POLICE DEPT,20-2531,Davidson,Berry Hill,7/14/2020 12:00:00 AM,2,0,0,36.128590,-86.777890,FRANKLIN PKE,,,,0.00,,,8TH AVS,,,,0.00,Y,Four-Way,Y,Intersection,None,,,         ,John,Gleixner,Clear,Angle,no,no,no,no,no,False
102742336,METROPOLITAN NASHVILLE POLICE DEPT,20200462716,Davidson,Nashville,7/14/2020 3:31:00 PM,2,0,0,36.187070,-86.769450,CLEVELAND ST,,,,0.00,Feet,,STOCKELL ST,,,,0.00,Y,Four-Way,N,Intersection,None,,,         ,Nicholas,Silinsky,Clear,Angle,no,no,no,no,yes,False
102742340,METROPOLITAN NASHVILLE POLICE DEPT,20200462667,Davidson,Antioch,7/14/2020 4:30:00 PM,2,0,0,36.015550,-86.620180,OLD HICKORY BLVD,,,,0.00,,,I24 W ENT RAMP,,,,0.00,Y,Four-Way,Y,Entrance/Exit Ramp Related,None,,,         ,Matthew,Swindell,Clear,Angle,no,no,no,no,no,False
102742343,METROPOLITAN NASHVILLE POLICE DEPT,20200462846,Davidson,Nashville,7/14/2020 6:58:00 PM,2,0,0,36.255880,-86.714530,GALLATIN PKES,,,,119.00,Feet,South,NEELYS BEND RD,,,,0.00,N,Not at Intersection,N,Non-Junction,None,,,         ,Christopher,Littles,Clear,Front to Rear,no,no,no,no,no,False
102742352,METROPOLITAN NASHVILLE POLICE DEPT,20200462835,Davidson,Nashville,7/14/2020 6:53:00 PM,2,2,0,36.207510,-86.784710,US HWY 431,,,,116.00,Feet,East,RAMP,,,,0.00,N,Not at Intersection,N,Non-Junction,None,,,         ,Gabriel,Centeno,Clear,Front to Rear,no,no,no,no,no,False
102742357,METROPOLITAN NASHVILLE POLICE DEPT,20200462998,Davidson,Nashville,7/14/2020 8:30:00 PM,1,0,0,36.141820,-86.713550,I 40,,,,0.00,,,,,,,214.00,N,Not at Intersection,N,Non-Junction,None,,,         ,Reagan,Heath,Clear,Not Collision with Motor Vehicle in Transport,no,no,no,no,no,False
102742358,METROPOLITAN NASHVILLE POLICE DEPT,20200462912,Davidson,Nashville,7/14/2020 7:11:00 PM,2,0,0,36.048010,-86.713580,NOLENSVILLE PKE,,,,288.00,Feet,South,HICKORYVIEW DR,,,,0.00,N,Not at Intersection,N,Non-Junction,None,,,         ,Nicholas,Carroll,Clear,Front to Rear,no,no,no,no,yes,False
102742359,METROPOLITAN NASHVILLE POLICE DEPT,20200462294,Davidson,Nashville,7/14/2020 1:05:00 PM,2,2,0,36.229790,-86.839470,BRILEY PKWYW,,,,73.00,Feet,East,BRILEY PKWYE,,,,0.00,N,Not at Intersection,Y,Entrance/Exit Ramp Related,None,,,         ,Christopher,Augustin,Clear,Front to Rear,no,no,no,no,yes,False
102742372,METROPOLITAN NASHVILLE POLICE DEPT,20200463008,Davidson,Nashville,7/14/2020 8:38:00 PM,2,1,0,36.213200,-86.592090,TRENTON CT,,,,106.00,Feet,North,TRENTON DR,,,,0.00,N,Not at Intersection,N,Non-Junction,None,,,         ,Tyler,Hall,Clear,Other,no,no,no,no,no,False
102742374,METROPOLITAN NASHVILLE POLICE DEPT,20200462950,Davidson,Nashville,7/14/2020 8:00:00 PM,2,0,0,36.113950,-86.810880,WOODMONT BLVD,,,,0.00,,,HILLSBORO PKE,,,,0.00,Y,Four-Way, ,,None,,,         ,Matthew,Turppa,,,no,no,no,no,no,False
102742382,METROPOLITAN NASHVILLE POLICE DEPT,20200463045,Davidson,Nashville,7/14/2020 8:55:00 PM,2,0,0,36.145770,-86.868540,MARCIA AV,,,,0.00,,,NEIGHBORLY AV,,,,0.00,Y,Four-Way, ,,None,,,         ,Justin,Coyle,,,no,no,no,no,no,False