master_record_number,agency,agency_tracking_number,county,city,collision_date,vehicles_involved,number_injured,number_dead,latitude,longitude,roadway_name,roadway_suffix,roadway_number,roadway_local_id,distance_from_reference,miles-feet_indicator,direction_from_reference,intersection_road_name,intersection_road_name_suffix,intersection_road_number,intersection_local_id,mile_marker,intersection_indicator,intersect_type,interchange_related_indicator,relation_to_junction,work_zone_type,construction_maintenance_zone,construction_maintenance_zone_location,fatal_case_number,officer_first_name,officer_last_name,weather_condition(s),manner_of_crash,pedestrian,bicycle,scooter,parking,hitrun,mou
102743706,METROPOLITAN NASHVILLE POLICE DEPT,20200468127,Davidson,Nashville,7/17/2020 1:16:00 PM,2,1,0,36.097170,-86.876070,US HWY 70S,,,,67.00,Feet,West,OLD HARDING RD,,,,0.00,N,Not at Intersection,N,Non-Junction,None,,,         ,Gerry,Hutcheson,Clear,Front to Rear,no,no,no,no,no,False
102743747,METROPOLITAN NASHVILLE POLICE DEPT,20200468221,Davidson,Nashville,7/17/2020 2:27:00 PM,1,0,0,36.083530,-86.732490,CORNING DR,,,,220.00,Feet,North,WELSHWOOD DR,,,,0.00,N,Not at Intersection,N,Non-Junction,None,,,         ,Brian,Sherman,Clear,Not Collision with Motor Vehicle in Transport,no,no,no,no,yes,False
102743762,METROPOLITAN NASHVILLE POLICE DEPT,20200468274,Davidson,Nashville,7/17/2020 1:57:00 PM,1,0,0,36.118050,-86.725880,I 24,,,,0.00,,,,,,,53.05,N,Not at Intersection, ,Non-Junction,None,,,         ,Christopher,Littles,Cloudy,Not Collision with Motor Vehicle in Transport,no,no,no,no,no,False
102743763,METROPOLITAN NASHVILLE POLICE DEPT,20200468319,Davidson,Nashville,7/17/2020 3:19:00 PM,2,0,0,36.236560,-86.724460,BRILEY PKWY W EXT RAMP,,,,0.00,,,GALLATIN PKES,,,,0.00,Y,Y-Intersection, ,Entrance/Exit Ramp Related,None,,,         ,Christopher,Littles,Cloudy,"Sideswipe, Same Direction",no,no,no,no,no,False
102743792,METROPOLITAN NASHVILLE POLICE DEPT,20200468337,Davidson,Nashville,7/17/2020 3:08:00 PM,2,0,0,36.151680,-86.784260,12TH AVS,,,,224.00,Feet,North,DIVISION ST,,,,0.00,N,Not at Intersection, ,Non-Junction,None,,,         ,Gabriel,Vasquez,Clear,"Sideswipe, Same Direction",no,no,no,no,no,False
102743793,METROPOLITAN NASHVILLE POLICE DEPT,20200468328,Davidson,Not in City Limit,7/17/2020 2:15:00 PM,3,1,0,36.091470,-86.979850,HIGHWAY 70S,,,,402.00,Feet,East,CHARLOTTE PKE,,,,0.00,N,Not at Intersection, ,Non-Junction,None,,,         ,Jared,Dick,Clear,Front to Rear,no,no,no,no,no,False
102743804,METROPOLITAN NASHVILLE POLICE DEPT,20200468296,Davidson,Nashville,7/17/2020 12:00:00 AM,2,0,0,36.067150,-86.691530,APACHE TRL,,,,149.00,Feet,West,HICKORY LAKE APTS PVTDR,,,,0.00,N,Not at Intersection,N,Non-Junction,None,,,         ,John,Braun,Clear,"Sideswipe, Same Direction",no,no,no,no,yes,False
102743823,METROPOLITAN NASHVILLE POLICE DEPT,20200468341,Davidson,Nashville,7/17/2020 3:40:00 PM,2,0,0,36.153470,-86.764430,I 40,,,,0.00,,,,,,,210.70,N,Not at Intersection,N,Non-Junction,None,,,         ,Philip,Claibourne,Clear,Front to Rear,no,no,no,no,no,False
102743824,METROPOLITAN NASHVILLE POLICE DEPT,20200468361,Davidson,Nashville,7/17/2020 3:49:00 PM,3,0,0,36.142340,-86.742950,MURFREESBORO PKE,,,,39.00,Feet,West,POLK AV,,,,0.00,N,Not at Intersection,N,Non-Junction,None,,,         ,Edward,Starke,Clear,Front to Rear,no,no,no,no,yes,False
102743830,METROPOLITAN NASHVILLE POLICE DEPT,20200468345,Davidson,Nashville,7/17/2020 3:27:00 PM,3,0,0,36.083090,-86.709190,STATE HWY 255,,,,330.00,Feet,South,LARGO DR,,,,0.00,N,Not at Intersection,N,Non-Junction,None,,,         ,Austin,Binner,Cloudy,Front to Rear,no,no,no,no,no,False
102743837,METROPOLITAN NASHVILLE POLICE DEPT,20200468405,Davidson,Nashville,7/17/2020 4:10:00 PM,2,0,0,36.235070,-86.670370,NEELYS BEND RD,,,,0.00,,,NAWAKWA TRL,,,,0.00,Y,T-Intersection, ,Non-Junction,None,,,         ,Dylan,Bradley,Clear,HeadOn,no,no,no,no,no,False
102743844,METROPOLITAN NASHVILLE POLICE DEPT,20200468425,Davidson,Nashville,7/17/2020 4:08:00 PM,2,0,0,36.172990,-86.769670,I 24,,,,0.00,,,,,,,48.25,N,Not at Intersection,N,Non-Junction,None,,,         ,Sarah,Cartwright,Clear,"Sideswipe, Same Direction",no,no,no,no,no,False
102743848,METROPOLITAN NASHVILLE POLICE DEPT,20200468504,Davidson,Nashville,7/17/2020 4:50:00 PM,2,0,0,36.090460,-86.921000,OLD HICKORY BLVD,,,,113.00,Feet,North,THE RESERVE PVTDR,,,,0.00,N,Not at Intersection, ,Non-Junction,None,,,         ,Jared,Dick,Clear,Angle,no,no,no,no,yes,False
102743852,METROPOLITAN NASHVILLE POLICE DEPT,20200468353,Davidson,Nashville,7/17/2020 3:40:00 PM,2,0,0,36.163290,-86.761770,I 24,,,,0.00,,,,,,,49.25,N,Not at Intersection, ,Non-Junction,None,,,         ,Christopher,Beery,Clear,Front to Rear,no,no,no,no,no,False
102743873,METROPOLITAN NASHVILLE POLICE DEPT,20200468394,Davidson,Nashville,7/17/2020 3:43:00 PM,2,1,0,36.105160,-86.670610,MURFREESBORO PKE,,,,389.00,Feet,East,EZELL PKE,,,,0.00,N,Not at Intersection,N,Non-Junction,None,,,         ,Edward,Starke,Clear,Front to Rear,no,no,no,no,no,False
102743874,METROPOLITAN NASHVILLE POLICE DEPT,20200468489,Davidson,Not in City Limit,7/17/2020 4:50:00 PM,4,2,0,35.996150,-86.688850,NOLENSVILLE PKE,,,,379.00,Feet,West,PETTUS RD,,,,0.00,N,Not at Intersection,N,Non-Junction,None,,,         ,Justen,Ogle,Clear,Front to Rear,no,no,no,no,no,False
102743876,METROPOLITAN NASHVILLE POLICE DEPT,20200468526,Davidson,Nashville,7/17/2020 12:00:00 AM,2,0,0,36.198980,-86.630920,JACKSONIAN DR,,,,0.00,,,BONNAVISTA DR,,,,0.00,Y,Four-Way,N,Intersection,None,,,         ,Douglas,Mann,Clear,Angle,no,no,no,no,yes,False
102743877,METROPOLITAN NASHVILLE POLICE DEPT,20200468459,Davidson,Nashville,7/17/2020 4:13:00 PM,2,0,0,36.158060,-86.783230,9TH AVS,,,,109.00,Feet,South,BROADWAY,,,,0.00,N,Not at Intersection,N,Non-Junction,None,,,         ,Miles,Posey,Clear,Rear to Rear,no,no,no,yes,yes,False
102743879,METROPOLITAN NASHVILLE POLICE DEPT,20200468336,Davidson,Nashville,7/17/2020 2:11:00 PM,2,0,0,36.056930,-86.590830,HAMILTON CHURCH RD,,,,0.00,,,MARHADEN DR,,,,0.00,Y,T-Intersection,N,Intersection-Related,None,,,         ,Edward,Starke,Clear,Angle,no,no,no,no,yes,False
102743890,METROPOLITAN NASHVILLE POLICE DEPT,20200468310,Davidson,Nashville,7/17/2020 3:19:00 PM,2,0,0,36.121820,-86.704830,MURFREESBORO PKE,,,,0.00,Feet,East,KERMIT DR,,,,0.00,N,Not at Intersection, ,Non-Junction,None,,,         ,Andrew,Brazee,Clear,Front to Rear,no,no,no,no,no,False
102743909,METROPOLITAN NASHVILLE POLICE DEPT,20200468559,Davidson,Nashville,7/17/2020 5:55:00 PM,2,0,0,36.151870,-86.850910,CHARLOTTE AV,,,,80.00,Feet,East,53RD AVN,,,,0.00,N,Not at Intersection, ,Non-Junction,None,,,         ,Andrew,McCarron,Clear,"Sideswipe, Same Direction",no,no,no,no,no,False
102743912,METROPOLITAN NASHVILLE POLICE DEPT,20200468621,Davidson,Nashville,7/17/2020 6:36:00 PM,2,0,0,36.205890,-86.768610,E TRINITY LN,,,,0.00,,,DICKERSON PKE,,,,0.00,Y,Four-Way, ,Intersection-Related,None,,,         ,Sarah,Cartwright,Clear,Angle,no,no,no,no,no,False
102743913,METROPOLITAN NASHVILLE POLICE DEPT,20200468687,Davidson,Not in City Limit,7/17/2020 7:23:00 PM,2,0,0,36.049420,-86.938320,HIGHWAY 100,,,,634.00,Feet,East,TRACE CREEK DR,,,,0.00,N,Not at Intersection,N,Non-Junction,None,,,         ,Eric,Westbrook,Clear,Front to Rear,no,no,no,no,no,False
102743914,METROPOLITAN NASHVILLE POLICE DEPT,20200468704,Davidson,Nashville,7/17/2020 6:52:00 PM,3,1,0,36.018010,-86.619650,OLD HICKORY BLVD,,,,98.00,Feet,South,OWEN DR,,,,0.00,N,Not at Intersection,N,Non-Junction,None,,,         ,Edward,Starke,Clear,Front to Rear,no,no,no,no,no,False
102743915,METROPOLITAN NASHVILLE POLICE DEPT,20200468558,Davidson,Nashville,7/17/2020 4:00:00 PM,2,0,0,36.195100,-86.743600,MCCLURKIN AVE,,,,148.00,Feet,West,GALLATIN AVE,,,,0.00,N,Not at Intersection, ,Non-Junction,None,,,         ,Tyler,Manivong,Clear,"Sideswipe, Opposite Direction",no,no,no,no,no,False
102743917,METROPOLITAN NASHVILLE POLICE DEPT,20200468692,Davidson,Nashville,7/17/2020 4:56:00 PM,2,0,0,36.066310,-86.717770,NOLENSVILLE PKE,,,,139.00,Feet,South,NORTHCREST DR,,,,0.00,N,Not at Intersection, ,Non-Junction,None,,,         ,Justen,Ogle,Clear,Front to Rear,no,no,no,no,no,False
102743928,METROPOLITAN NASHVILLE POLICE DEPT,20200468552,Davidson,Antioch,7/17/2020 5:45:00 PM,2,0,0,36.051730,-86.602840,ROCKGLADE RUN,,,,0.00,Feet,East,SILVERSTREAM PT,,,,0.00,N,Not at Intersection, ,,None,,,         ,Corey,Reed,,,no,no,no,no,no,False
102743930,METROPOLITAN NASHVILLE POLICE DEPT,20200468473,Davidson,Nashville,7/17/2020 4:49:00 PM,2,0,0,36.040920,-86.774190,OLD HICKORY BLVD,,,,216.00,Feet,West,HEALTH PARK DR,,,,0.00,N,Not at Intersection, ,,None,,,         ,Nicholas,Carroll,,,no,no,no,no,no,False
102743939,METROPOLITAN NASHVILLE POLICE DEPT,20200468741,Davidson,Not in City Limit,7/17/2020 12:00:00 AM,2,1,0,36.280490,-86.875110,CLARKSVILLE PKE,,,,619.00,Feet,West,OLD HICKORY BLVD,,,,0.00,N,Not at Intersection,N,Non-Junction,None,,,         ,Melvin,Taylor,Clear,Angle,no,no,no,no,yes,False
102743957,METROPOLITAN NASHVILLE POLICE DEPT,20200468455,Davidson,Nashville,7/17/2020 3:51:00 PM,2,0,0,36.102130,-86.870050,HARDING PL,,,,64.00,Feet,East,HARDING PKE,,,,0.00,N,Not at Intersection,N,Non-Junction,None,,,         ,Devonte,Coleman,Clear,Front to Rear,no,no,no,no,no,False
102743963,METROPOLITAN NASHVILLE POLICE DEPT,20200468795,Davidson,Nashville,7/17/2020 7:14:00 PM,2,0,0,36.171520,-86.601720,OLD HICKORY BLVD,,,,257.00,Feet,North,I40 W EXT RAMP,,,,0.00,N,Not at Intersection, ,,None,,,         ,Douglas,Mann,,,no,no,no,no,no,False
102743969,METROPOLITAN NASHVILLE POLICE DEPT,20200468466,Davidson,Nashville,7/17/2020 5:03:00 PM,2,1,0,36.224040,-86.667450,NEELYS BEND RD,,,,57.00,Feet,North,NEELYS BEND RD PVTDR,,,,0.00,N,Not at Intersection,N,Non-Junction,None,,,         ,Christopher,Littles,Cloudy,Angle,no,no,no,no,no,False
102743970,METROPOLITAN NASHVILLE POLICE DEPT,20200468785,Davidson,Not in City Limit,7/17/2020 8:23:00 PM,1,0,0,36.260380,-86.703570,FOREST PARK RD,,,,95.00,Feet,North,ELM ST,,,,0.00,N,Not at Intersection,N,Non-Junction,None,,,         ,Christopher,Littles,Clear,Not Collision with Motor Vehicle in Transport,no,no,no,no,no,False
102743971,METROPOLITAN NASHVILLE POLICE DEPT,20200468852,Davidson,Goodlettsville,7/17/2020 9:04:00 PM,2,0,0,36.302750,-86.691850,RIVERGATE MARKETPLACE PVTDR,,,,0.00,,,GALLATIN PKEN,,,,0.00,Y,Four-Way, ,Intersection,None,,,         ,Christopher,Littles,Cloudy,Front to Rear,no,no,no,no,no,False
102743977,METROPOLITAN NASHVILLE POLICE DEPT,20200468797,Davidson,Not in City Limit,7/17/2020 8:35:00 PM,3,0,0,36.273070,-86.702640,ANDERSON LN,,,,2.00,Feet,West,PIERCE RD,,,,0.00,N,Not at Intersection,N,Non-Junction,None,,,         ,Bryan,Musgrave,Clear,Angle,no,no,no,no,no,False
102743980,BELLE MEADE POLICE DEPT,20-0136,Davidson,Belle Meade,7/17/2020 5:57:00 PM,2,0,0,36.095850,-86.856780,HARDING PL,,,,0.00,,,BELLE MEADE BLVD,,,,0.00,Y,Four-Way, ,Intersection-Related,None,,,         ,Katelyn,Cloxton,Clear,Front to Rear,no,no,no,no,no,False
102743982,METROPOLITAN NASHVILLE POLICE DEPT,20200468390,Davidson,Nashville,7/17/2020 4:05:00 PM,2,0,0,36.218500,-86.837030,CLARKSVILLE PKE,,,,0.00,,,KINGS LN,,,,0.00,Y,T-Intersection, ,Intersection-Related,Construction Zone,,,         ,Blake,McKay,Clear,Angle,no,no,no,no,no,False
102743983,METROPOLITAN NASHVILLE POLICE DEPT,20200468863,Davidson,Nashville,7/17/2020 12:00:00 AM,1,0,0,36.132210,-86.708550,HAROLD DR,,,,80.00,Feet,South,RADFORD DR,,,,0.00,N,Not at Intersection,N,Unknown,Unknown,,,         ,Mary,Robinson,Unknown,Unknown,no,no,no,no,yes,False
102743987,METROPOLITAN NASHVILLE POLICE DEPT,20200468662,Davidson,Nashville,7/17/2020 7:00:00 PM,2,2,0,36.086600,-86.772260,BATTERY LN,,,,86.00,Feet,West,FRANKLIN PKE,,,,0.00,N,Not at Intersection,N,Non-Junction,None,,,         ,Citlaly,Juarez,Clear,HeadOn,no,no,no,no,no,False
102743990,METROPOLITAN NASHVILLE POLICE DEPT,20200468698,Davidson,Nashville,7/17/2020 7:28:00 PM,2,0,0,36.146480,-86.873560,PREMIER DR,,,,0.00,,,AMERICAN RD,,,,0.00,Y,T-Intersection, ,Intersection-Related,None,,,         ,Lawrence,Whited,Clear,Angle,no,no,no,no,no,False
102744002,METROPOLITAN NASHVILLE POLICE DEPT,20200468869,Davidson,Nashville,7/17/2020 9:25:00 PM,2,2,0,36.255950,-86.711690,NEELYS BEND RD,,,,324.00,Feet,East,ARGLE AV,,,,0.00,N,Not at Intersection,N,Non-Junction,None,,,         ,Christopher,Littles,Cloudy,Front to Rear,no,no,no,no,yes,False
102744010,METROPOLITAN NASHVILLE POLICE DEPT,20200468965,Davidson,Nashville,7/17/2020 10:20:00 PM,2,0,0,36.083410,-86.727470,NOLENSVILLE PKE,,,,4.00,Feet,North,WELCH RD,,,,0.00,N,Not at Intersection,N,Non-Junction,None,,,         ,Jonathan,Handley,Clear,Front to Rear,no,no,no,no,yes,False
102744012,METROPOLITAN NASHVILLE POLICE DEPT,20200468926,Davidson,Nashville,7/17/2020 10:26:00 PM,2,2,0,36.139790,-86.760830,US HWY 31 ALT,,,,12.00,Feet,North,OLD RADNOR CAR LINE RD,,,,0.00,N,Not at Intersection,N,Non-Junction,None,,,         ,Austin,Binner,Clear,HeadOn,no,no,no,no,no,False
102744014,METROPOLITAN NASHVILLE POLICE DEPT,20200468848,Davidson,Nashville,7/17/2020 8:49:00 PM,2,0,0,36.198800,-86.620380,OLD HICKORY BLVD,,,,136.00,Feet,North,LEBANON PKE,,,,0.00,N,Not at Intersection,N,Non-Junction,None,,,         ,Randall,Ward,Clear,Front to Rear,no,no,no,no,yes,False
102744033,METROPOLITAN NASHVILLE POLICE DEPT,20200469022,Davidson,Nashville,7/17/2020 9:30:00 PM,2,0,0,36.239750,-86.766390,VAILVIEW DR,,,,0.00,Feet,,OAKVIEW DR,,,,0.00,Y,Four-Way,N,Intersection,None,,,         ,Coleman,McKellar,Clear,Angle,no,no,no,no,yes,False
102744040,METROPOLITAN NASHVILLE POLICE DEPT,20200468903,Davidson,Nashville,7/17/2020 8:21:00 PM,2,0,0,36.151970,-86.760680,FAIN ST,,,,0.00,,,CLAIBORNE ST,,,,0.00,Y,Four-Way,N,Intersection-Related,None,,,         ,Craig,Amabile,Clear,"Sideswipe, Opposite Direction",no,no,no,no,yes,False
102744053,METROPOLITAN NASHVILLE POLICE DEPT,20200469102,Davidson,Nashville,7/18/2020 12:39:00 AM,2,0,0,36.245760,-86.774320,CHESAPEAKE DR,,,,305.00,Feet,East,WOODSTOCK DR,,,,0.00,N,Not at Intersection,N,Non-Junction,None,,,         ,Coleman,McKellar,Clear,Other,no,no,no,no,yes,False
102744059,METROPOLITAN NASHVILLE POLICE DEPT,20200469244,Davidson,Nashville,7/18/2020 3:00:00 AM,2,0,0,36.138630,-86.786060,SUMMIT AV,,,,32.00,Feet,East,11TH AVS,,,,0.00,N,Not at Intersection, ,Non-Junction,None,,,         ,Jose,Salazar,Clear,Angle,no,no,no,yes,yes,False
102744118,METROPOLITAN NASHVILLE POLICE DEPT,20200469377,Davidson,Nashville,7/18/2020 5:41:00 AM,2,0,0,36.246480,-86.773000,MOOREWOOD DR,,,,0.00,,,BRICKMONT DR,,,,0.00,Y,Four-Way,N,Intersection,None,,,         ,William,Coy,Clear,Angle,no,no,no,no,yes,False
102744133,METROPOLITAN NASHVILLE POLICE DEPT,20200469415,Davidson,Nashville,7/18/2020 6:55:00 AM,2,0,0,36.241500,-86.757100,-- UNKNOWN RAMP/ROAD --,,,,0.00,,,US HWY 31W,,,,0.00,Y,T-Intersection,N,Intersection,None,,,         ,Ian,Wilson,Clear,Angle,no,no,no,no,no,False
102744137,METROPOLITAN NASHVILLE POLICE DEPT,20200469449,Davidson,Madison,7/18/2020 12:00:00 AM,2,1,0,36.248290,-86.720160,GALLATIN PKES,,,,100.00,Feet,North,DUE WEST AVE,,,,0.00,N,Not at Intersection,N,Non-Junction,None,,,         ,Keenan,McCann,Clear,Rear to Side,no,no,no,yes,yes,False
102744192,METROPOLITAN NASHVILLE POLICE DEPT,20200469640,Davidson,Nashville,7/18/2020 9:40:00 AM,2,0,0,36.155960,-86.788950,BROADWAY,,,,34.00,Feet,West,I40 W ENT RAMP,,,,0.00,N,Not at Intersection,N,Non-Junction,None,,,         ,Rachel,Susee,Clear,Front to Rear,no,no,no,no,yes,False
102744194,METROPOLITAN NASHVILLE POLICE DEPT,20200469682,Davidson,Not in City Limit,7/18/2020 10:30:00 AM,2,0,0,36.084810,-86.946760,WESTFIELD DR,,,,511.00,Feet,South,GEORGE E HORN RD,,,,0.00,N,Not at Intersection,N,Non-Junction,None,,,         ,Wesley,Tilley,Clear,Front to Rear,no,no,no,no,no,False
102744195,METROPOLITAN NASHVILLE POLICE DEPT,20200469704,Davidson,Nashville,7/18/2020 10:44:00 AM,1,0,0,36.153650,-86.718170,LEBANON PKE,,,,288.00,Feet,West,LEBANON PIKE CIR,,,,0.00,N,Not at Intersection, ,Non-Junction,None,,,         ,Jason,Thomas,Clear,Not Collision with Motor Vehicle in Transport,no,no,no,yes,no,False
102744201,METROPOLITAN NASHVILLE POLICE DEPT,20200469709,Davidson,Nashville,7/18/2020 10:12:00 AM,2,0,0,36.242720,-86.757610,DOVERSIDE DR,,,,175.00,Feet,West,US HWY 31W,,,,0.00,N,Not at Intersection, ,Non-Junction,None,,,         ,Broderick,Jones,Clear,Angle,no,no,no,no,no,False
102744228,GOODLETTSVILLE POLICE DEPT,20-22027,Davidson,Goodlettsville,7/18/2020 10:35:00 AM,1,0,0,36.311450,-86.715490,DICKERSON PKES,,,,709.00,Feet,South,S MAIN ST,,,,0.00,N,Not at Intersection,N,Non-Junction,None,,,         ,Brian,Hajdu,Clear,Not Collision with Motor Vehicle in Transport,no,no,no,no,no,False
102744246,METROPOLITAN NASHVILLE POLICE DEPT,20200469771,Davidson,Nashville,7/18/2020 11:00:00 AM,1,0,0,36.162520,-86.872760,JAMES AVE,,,,121.00,Feet,West,23RD ST,,,,0.00,N,Not at Intersection, ,Non-Junction,None,,,         ,Gerry,Hutcheson,Clear,Not Collision with Motor Vehicle in Transport,no,no,no,no,yes,False
102744260,METROPOLITAN NASHVILLE POLICE DEPT,20200469847,Davidson,Nashville,7/18/2020 12:58:00 PM,2,1,0,36.044580,-86.703560,CEDARMONT DR,,,,100.00,Feet,North,CEDAR DR,,,,0.00,N,Not at Intersection,N,Non-Junction,None,,,         ,Lee,Davis,Clear,HeadOn,no,no,no,no,no,False
102744264,METROPOLITAN NASHVILLE POLICE DEPT,20200469905,Davidson,Nashville,7/18/2020 12:35:00 PM,2,0,0,36.195360,-86.776150,I 65,,,,0.00,,,,,,,86.55,N,Not at Intersection,N,Non-Junction,None,,,         ,Brian,Mclarty,,"Sideswipe, Same Direction",no,no,no,no,yes,False
102744265,METROPOLITAN NASHVILLE POLICE DEPT,20200469820,Davidson,Nashville,7/18/2020 12:35:00 PM,2,0,0,36.218800,-86.836970,CLARKSVILLE PKE,,,,109.00,Feet,North,KINGS LN,,,,0.00,N,Not at Intersection, ,Non-Junction,Construction Zone,,,         ,Royce,McLester,Clear,"Sideswipe, Same Direction",no,no,no,no,no,False
102744269,METROPOLITAN NASHVILLE POLICE DEPT,20200469349,Davidson,Nashville,7/18/2020 5:40:00 AM,1,1,0,36.085800,-86.772070,FRANKLIN PKE,,,,171.00,Feet,North,HAZELWOOD CIR,,,,0.00,N,Not at Intersection,N,Non-Junction,None,,,         ,Ricardo,Cruz,Clear,Not Collision with Motor Vehicle in Transport,no,no,no,no,no,False
102744272,METROPOLITAN NASHVILLE POLICE DEPT,20200469795,Davidson,Nashville,7/18/2020 12:14:00 PM,3,2,0,36.045370,-86.713260,OLD HICKORY BLVD,,,,0.00,Feet,North,NOLENSVILLE PKE,,,,0.00,N,Not at Intersection,N,Non-Junction,None,,,         ,Cameron,VanLierop,Clear,Front to Rear,no,no,no,no,no,False
102744331,METROPOLITAN NASHVILLE POLICE DEPT,20200469991,Davidson,Nashville,7/18/2020 2:00:00 PM,2,0,0,36.086450,-86.729760,NOLENSVILLE PKE,,,,158.00,Feet,North,ELYSIAN FIELDS RD,,,,0.00,N,Not at Intersection,N,Non-Junction,None,,,         ,Timothy,Ward,Clear,Front to Rear,no,no,no,no,yes,False
102744343,METROPOLITAN NASHVILLE POLICE DEPT,20200469953,Davidson,Antioch,7/18/2020 2:35:00 PM,2,1,0,36.011180,-86.617150,I 24,,,,0.00,,,,,,,62.80,N,Not at Intersection,N,Non-Junction,None,,,         ,Dalton,Crum,Clear,Front to Rear,no,no,no,no,no,False
102744352,METROPOLITAN NASHVILLE POLICE DEPT,2020-0469943,Davidson,Nashville,7/18/2020 2:34:00 PM,2,0,0,36.249820,-86.722980,GIBSON DR,,,,604.00,Feet,North,DUE WEST AVW,,,,0.00,N,Not at Intersection,N,Non-Junction,None,,,         ,Arthur,Hipp,Cloudy,"Sideswipe, Opposite Direction",no,no,no,no,no,False
102744357,METROPOLITAN NASHVILLE POLICE DEPT,20200470066,Davidson,Nashville,7/18/2020 4:11:00 PM,2,1,0,36.175860,-86.772080,I 24,,,,0.00,,,,,,,48.00,N,Not at Intersection,N,Non-Junction,None,,,         ,Gabriel,Vasquez,Clear,"Sideswipe, Same Direction",no,no,no,no,yes,False
102744358,METROPOLITAN NASHVILLE POLICE DEPT,20200470043,Davidson,Nashville,7/18/2020 3:30:00 PM,2,0,0,36.106990,-86.743210,NOLENSVILLE PKE,,,,236.00,Feet,South,MORTON AV,,,,0.00,N,Not at Intersection, ,,None,,,         ,John,Walden,,,no,no,no,no,no,False
102744360,METROPOLITAN NASHVILLE POLICE DEPT,20200469977,Davidson,Nashville,7/18/2020 2:50:00 PM,2,0,0,36.085090,-86.702930,HARDING PL,,,,27.00,Feet,West,I24 E ENT RAMP,,,,0.00,N,Not at Intersection,Y,Non-Junction,None,,,         ,Jonathan,Watch,Clear,Front to Rear,no,no,no,no,yes,False
102744365,METROPOLITAN NASHVILLE POLICE DEPT,20200470080,Davidson,Nashville,7/18/2020 4:07:00 PM,2,0,0,36.234210,-86.719290,BRILEY PKWYE,,,,292.00,Feet,East,BRILEY PKWY E ENT RAMP,,,,0.00,N,Not at Intersection, ,Non-Junction,None,,,         ,Randy,Puckett,Clear,Angle,no,no,no,no,no,False
102744371,METROPOLITAN NASHVILLE POLICE DEPT,20200470051,Davidson,Goodlettsville,7/18/2020 3:59:00 PM,2,4,0,36.292300,-86.733940,DICKERSON PKES,,,,67.00,Feet,West,W CAMPBELL RD,,,,0.00,N,Not at Intersection,N,Non-Junction,None,,,         ,Jarret,Sonnenberg,Clear,HeadOn,no,no,no,no,no,False
102744394,METROPOLITAN NASHVILLE POLICE DEPT,20200470156,Davidson,Nashville,7/18/2020 5:00:00 PM,2,0,0,36.185120,-86.803490,9TH AVN,,,,97.00,Feet,North,CLAY ST,,,,0.00,N,Not at Intersection,N,Non-Junction,None,,,         ,Eric,McCoy,Clear,"Sideswipe, Opposite Direction",no,no,no,no,yes,False
102744397,METROPOLITAN NASHVILLE POLICE DEPT,20200470152,Davidson,Nashville,7/18/2020 5:15:00 PM,1,1,0,36.149760,-86.754020,DECATUR ST,,,,41.00,Feet,North,MEREDITH AV,,,,0.00,N,Not at Intersection,N,Non-Junction,None,,,         ,Peter,Kinsey,Clear,Not Collision with Motor Vehicle in Transport,yes,no,no,no,no,False
102744398,METROPOLITAN NASHVILLE POLICE DEPT,20200470191,Davidson,Nashville,7/18/2020 4:20:00 PM,3,0,0,36.199830,-86.599890,LIBBY LN,,,,91.00,Feet,West,NETHERLANDS DR,,,,0.00,N,Not at Intersection, ,Non-Junction,None,,,         ,Heather,Fox,Clear,Angle,no,no,no,yes,no,False
102744405,METROPOLITAN NASHVILLE POLICE DEPT,20200470168,Davidson,Nashville,7/17/2020 5:45:00 PM,2,0,0,36.074750,-86.920080,HIGHWAY 70S,,,,34.00,Feet,West,BELLE FOREST SHOPPING CENTER P,,,,0.00,N,Not at Intersection,N,Non-Junction,None,,,         ,Brian,DeMarce,Clear,"Sideswipe, Same Direction",no,no,no,no,yes,False
102744409,METROPOLITAN NASHVILLE POLICE DEPT,20200470082,Davidson,Nashville,7/18/2020 3:21:00 PM,2,0,0,36.162510,-86.583960,HUNTERS POINT LN,,,,315.00,Feet,East,NEW HOPE CT,,,,0.00,N,Not at Intersection, ,"Driveway, Alley Access, etc",None,,,         ,Destiny,Zunic,Clear,Angle,no,no,no,no,no,False
102744410,METROPOLITAN NASHVILLE POLICE DEPT,20200470155,Davidson,Nashville,7/18/2020 5:19:00 PM,2,0,0,36.167000,-86.763720,SHELBY AVE,,,,0.00,,,S 4TH ST,,,,0.00,Y,OTHER,Y,Intersection,None,,,         ,Tyler,Manivong,Clear,"Sideswipe, Same Direction",no,no,no,no,yes,False
102744412,METROPOLITAN NASHVILLE POLICE DEPT,20200470251,Davidson,Nashville,7/18/2020 6:40:00 PM,2,0,0,36.181850,-86.774730,I 24,,,,0.00,,,,,,,47.55,N,Not at Intersection, ,Non-Junction,None,,,         ,Ty,Cummings,Clear,Front to Rear,no,no,no,no,no,False
102744414,METROPOLITAN NASHVILLE POLICE DEPT,20200469965,Davidson,Nashville,7/18/2020 2:50:00 PM,2,1,0,36.083830,-86.706900,HARDING PL,,,,240.00,Feet,North,LARGO DR,,,,0.00,N,Not at Intersection,N,Non-Junction,None,,,         ,Eric,Laury,Clear,Front to Rear,no,no,no,no,yes,False