master_record_number,agency,agency_tracking_number,county,city,collision_date,vehicles_involved,number_injured,number_dead,latitude,longitude,roadway_name,roadway_suffix,roadway_number,roadway_local_id,distance_from_reference,miles-feet_indicator,direction_from_reference,intersection_road_name,intersection_road_name_suffix,intersection_road_number,intersection_local_id,mile_marker,intersection_indicator,intersect_type,interchange_related_indicator,relation_to_junction,work_zone_type,construction_maintenance_zone,construction_maintenance_zone_location,fatal_case_number,officer_first_name,officer_last_name,weather_condition(s),manner_of_crash,pedestrian,bicycle,scooter,parking,hitrun,mou
102744417,METROPOLITAN NASHVILLE POLICE DEPT,20200470241,Davidson,Not in City Limit,7/18/2020 6:30:00 PM,4,1,0,36.264110,-86.724510,OLD HICKORY BLVDW,,,,95.00,Feet,West,HERITAGE DR,,,,0.00,N,Not at Intersection,N,Non-Junction,None,,,         ,Jarret,Sonnenberg,Clear,Front to Rear,no,no,no,no,no,False
102744433,METROPOLITAN NASHVILLE POLICE DEPT,20200470096,Davidson,Nashville,7/18/2020 4:40:00 PM,2,1,0,36.138290,-86.726800,I 24,,,,0.00,,,,,,,52.40,N,Not at Intersection,Y,Non-Junction,None,,,         ,Phillip,Burke,,"Sideswipe, Same Direction",no,no,no,no,yes,False
102744436,METROPOLITAN NASHVILLE POLICE DEPT,20200470294,Davidson,Nashville,7/18/2020 12:00:00 AM,2,0,0,36.063490,-86.723440,WHISPERING HILLS DR,,,,297.00,Feet,East,LEWISDALE CT,,,,0.00,N,Not at Intersection,N,Non-Junction,None,,,         ,Darci,Stechman,Clear,Not Collision with Motor Vehicle in Transport,no,no,no,no,no,False
102744452,METROPOLITAN NASHVILLE POLICE DEPT,20200470180,Davidson,Nashville,7/18/2020 5:44:00 PM,2,0,0,36.145750,-86.871150,CHARLOTTE PKE,,,,178.00,Feet,West,WESTBORO DR,,,,0.00,N,Not at Intersection, ,,None,,,         ,Hillary,Sherman,,,no,no,no,no,no,False
102744453,METROPOLITAN NASHVILLE POLICE DEPT,20200470337,Davidson,Nashville,7/18/2020 7:36:00 PM,2,1,0,36.111570,-86.767560,OLD POWELL AV,,,,252.00,Feet,North,POWELL AV,,,,0.00,N,Not at Intersection,N,Non-Junction,None,,,         ,Samuel,Sundra,Clear,Angle,no,no,no,yes,no,False
102744461,METROPOLITAN NASHVILLE POLICE DEPT,20200470417,Davidson,Nashville,7/18/2020 8:18:00 PM,2,1,0,36.091240,-86.651280,MURFREESBORO PKE,,,,0.00,,,BRITISH WOODS DR,,,,0.00,Y,Four-Way,N,Intersection,None,,,         ,Steven,Powers,Clear,Front to Rear,no,no,no,no,yes,False
102744468,METROPOLITAN NASHVILLE POLICE DEPT,20200470448,Davidson,Nashville,7/18/2020 8:00:00 PM,2,0,0,36.081800,-86.727010,NOLENSVILLE PKE,,,,305.00,Feet,South,WELSHWOOD DR,,,,0.00,N,Not at Intersection, ,"Driveway, Alley Access, etc",None,,,         ,Justen,Ogle,Clear,Angle,no,no,no,no,no,False
102744472,METROPOLITAN NASHVILLE POLICE DEPT,20200470296,Davidson,Nashville,7/18/2020 7:15:00 PM,2,0,0,36.044350,-86.713140,NOLENSVILLE PKE,,,,373.00,Feet,South,OLD HICKORY BLVD,,,,0.00,N,Not at Intersection,N,Non-Junction,None,,,         ,FELIKS,ABRAHAMYAN,Clear,Front to Rear,no,no,no,no,yes,False
102744480,METROPOLITAN NASHVILLE POLICE DEPT,20200470399,Davidson,Nashville,7/18/2020 5:24:00 PM,2,0,0,36.203090,-86.591610,TULIP GROVE RD,,,,0.00,,,SCOTTS CREEK PKWY,,,,0.00,Y,Four-Way,N,Intersection,None,,,         ,Destiny,Zunic,Clear,Angle,no,no,no,no,no,False
102744489,METROPOLITAN NASHVILLE POLICE DEPT,20200470211,Davidson,Nashville,7/18/2020 6:10:00 PM,2,5,0,36.177940,-86.605000,I40 E EXT RAMP,,,,0.00,,,OLD HICKORY BLVD,,,,0.00,Y,OTHER,N,Intersection,None,,,         ,Mary,Robinson,Clear,Front to Rear,no,no,no,no,no,False
102744493,METROPOLITAN NASHVILLE POLICE DEPT,20200470157,Davidson,Nashville,7/18/2020 9:35:00 PM,3,1,0,36.200860,-86.823630,BUENA VISTA PIKE,,,,942.00,Feet,East,EAST LN,,,,0.00,N,Not at Intersection,N,Non-Junction,None,,,         ,Alec,Pellissier,Clear,Front to Rear,no,no,no,no,no,False
102744494,METROPOLITAN NASHVILLE POLICE DEPT,20200470495,Davidson,Nashville,7/18/2020 8:40:00 PM,2,0,0,36.069120,-86.683840,ANTIOCH PKE,,,,0.00,,West,RICHARDS RD,,,,0.00,N,Not at Intersection,N,Non-Junction,None,,,         ,Jerre,Fly,Clear,Front to Rear,no,no,no,no,yes,False
102744502,METROPOLITAN NASHVILLE POLICE DEPT,20200470518,Davidson,Nashville,7/18/2020 10:00:00 PM,1,0,0,36.241320,-86.923100,BULL RUN RD,,,,445.00,Feet,West,BULL RUN RD PVTDR,,,,0.00,N,Not at Intersection,N,Non-Junction,None,,,         ,Eric,Schaefer,Clear,Not Collision with Motor Vehicle in Transport,no,no,no,no,no,False
102744503,METROPOLITAN NASHVILLE POLICE DEPT,20200470583,Davidson,Nashville,7/18/2020 11:34:00 PM,1,0,0,36.199410,-86.593800,CHANDLER RD,,,,415.00,Feet,South,BROOKSIDE WOODS BLVD,,,,0.00,N,Not at Intersection,N,Non-Junction,None,,,         ,Randall,Ward,Clear,Not Collision with Motor Vehicle in Transport,no,no,no,no,yes,False
102744531,METROPOLITAN NASHVILLE POLICE DEPT,20200470601,Davidson,Nashville,7/18/2020 11:50:00 PM,1,0,0,36.028370,-86.635960,I 24,,,,0.00,,,,,,,61.20,N,Not at Intersection,N,Non-Junction,Construction Zone,Work On Shoulder Or Median,Advanced Warning Area,         ,Crockett,Bruce,Clear,Not Collision with Motor Vehicle in Transport,no,no,no,no,no,False
102744535,METROPOLITAN NASHVILLE POLICE DEPT,20200470778,Davidson,Nashville,7/19/2020 2:21:00 AM,1,0,0,36.169300,-86.812020,I 40,,,,0.00,,,,,,,207.00,N,Not at Intersection,N,Non-Junction,None,,,         ,Dakota,Vermillion,Clear,Not Collision with Motor Vehicle in Transport,no,no,no,no,no,False
102744536,METROPOLITAN NASHVILLE POLICE DEPT,20200470786,Davidson,Nashville,7/19/2020 1:00:00 AM,2,0,0,36.064790,-86.628480,HAMILTON CHURCH RD,,,,0.00,,,MURFREESBORO PKE,,,,0.00,Y,Four-Way,Y,Intersection,None,,,         ,Luke,Steigerwalt,Clear,Front to Rear,no,no,no,no,yes,False
102744544,METROPOLITAN NASHVILLE POLICE DEPT,20200470757,Davidson,Nashville,7/19/2020 2:04:00 AM,2,0,0,36.174130,-86.750370,S 11TH ST,,,,0.00,,,FATHERLAND ST,,,,0.00,Y,Four-Way,N,Non-Junction,None,,,         ,Alex,Moore,Clear,"Sideswipe, Same Direction",no,no,no,no,no,False
102744550,METROPOLITAN NASHVILLE POLICE DEPT,20200469367,Davidson,Nashville,7/18/2020 6:00:00 AM,2,0,0,36.096340,-86.877620,HARDING PKE,,,,0.00,,,VOSSLAND DR,,,,0.00,Y,T-Intersection,N,Intersection-Related,None,,,         ,David,Moser,Clear,Angle,no,no,no,no,no,False
102744554,METROPOLITAN NASHVILLE POLICE DEPT,20200470680,Davidson,Antioch,7/18/2020 11:49:00 PM,3,1,0,36.050449,-86.614729,SUMMERCREST BLVD,,US1,,0.00,,,MURFREESBORO PKE,,,,0.00,Y,Four-Way,N,Intersection,None,,,         ,Jose,Oliveros,Clear,Front to Rear,no,no,no,no,yes,False
102744556,METROPOLITAN NASHVILLE POLICE DEPT,20200470866,Davidson,Nashville,7/19/2020 3:55:00 AM,1,1,0,36.126090,-86.727410,I24 W EXT RAMP,,,,0.00,Feet,East,I 440,,,,0.00,N,Not at Intersection,N,Entrance/Exit Ramp Related,None,,,         ,Autumn,Manning,Clear,Not Collision with Motor Vehicle in Transport,no,no,no,no,no,False
102744567,METROPOLITAN NASHVILLE POLICE DEPT,20200470931,Davidson,Nashville,7/19/2020 4:50:00 AM,2,0,0,36.206690,-86.779000,US HWY 431,,,,180.00,Feet,West,HAMPTON ST,,,,0.00,N,Not at Intersection,N,Non-Junction,None,,,         ,David,Crisman,Clear,Front to Rear,no,no,no,yes,yes,False
102744591,METROPOLITAN NASHVILLE POLICE DEPT,20200470995,Davidson,Not in City Limit,7/19/2020 6:40:00 AM,1,0,0,36.261670,-86.684540,LARKIN SPRINGS RD,,,,352.00,Feet,South,E OLD HICKORY BLVD,,,,0.00,N,Not at Intersection,N,Non-Junction,None,,,         ,William,Coy,Clear,Not Collision with Motor Vehicle in Transport,no,no,no,no,no,False
102744595,METROPOLITAN NASHVILLE POLICE DEPT,20200471013,Davidson,Nashville,7/19/2020 7:03:00 AM,1,1,0,36.070610,-86.769760,I 65,,,,0.00,,,,,,,77.00,N,Not at Intersection,N,Non-Junction,None,,,         ,Tony,Folad,Clear,Not Collision with Motor Vehicle in Transport,no,no,no,no,no,False
102744619,METROPOLITAN NASHVILLE POLICE DEPT,20200471088,Davidson,Nashville,7/19/2020 8:01:00 AM,2,0,0,36.044950,-86.659750,BELL RD,,,,0.00,,,I24 E ENT RAMP,,,,0.00,Y,T-Intersection,N,Intersection,None,,,         ,Stanley,Collins,Clear,Front to Rear,no,no,no,no,yes,False
102744631,METROPOLITAN NASHVILLE POLICE DEPT,20200471130,Davidson,Nashville,7/19/2020 8:49:00 AM,2,2,0,36.054940,-86.742690,EDMONDSON PKE,,,,55.00,Feet,South,MCMURRAY DR,,,,0.00,N,Not at Intersection,N,Non-Junction,None,,,         ,Tony,Folad,Clear,Angle,no,no,no,no,no,False
102744644,METROPOLITAN NASHVILLE POLICE DEPT,20200471209,Davidson,Nashville,7/19/2020 9:03:00 AM,2,0,0,36.187740,-86.821780,ED TEMPLE BLVD,,,,112.00,Feet,South,ROSA L PARKS BLVD,,,,0.00,N,Not at Intersection, ,Non-Junction,None,,,         ,Keith,Parlato,Clear,Front to Rear,no,no,no,no,no,False
102744657,METROPOLITAN NASHVILLE POLICE DEPT,20200471179,Davidson,Nashville,7/19/2020 10:03:00 AM,2,0,0,36.204780,-86.750100,ELLINGTON PKWYN,,,,40.00,Feet,North,E TRINITY LN,,,,0.00,N,Not at Intersection,N,Non-Junction,None,,,         ,Brandon,Evans,Clear,Front to Rear,no,no,no,no,no,False
102744662,METROPOLITAN NASHVILLE POLICE DEPT,20200471193,Davidson,Nashville,7/19/2020 9:47:00 AM,2,2,0,36.137570,-86.800760,WEDGEWOOD AV,,,,0.00,,,BLAKEMORE AV,,,,0.00,Y,Four-Way,Y,Intersection,None,,,         ,Joel,Cottrill,Clear,Angle,no,no,no,no,no,Campus
102744663,METROPOLITAN NASHVILLE POLICE DEPT,20200471049,Davidson,Nashville,7/19/2020 7:25:00 AM,1,0,0,36.127200,-86.707150,THOMPSON PL,,,,26.00,Feet,East,PATRICIA DR,,,,0.00,N,Not at Intersection,N,Non-Junction,None,,,         ,Lynsie,Smith,Clear,Not Collision with Motor Vehicle in Transport,no,no,no,no,no,False
102744671,METROPOLITAN NASHVILLE POLICE DEPT,20200471294,Davidson,Nashville,7/19/2020 12:00:00 AM,2,0,0,36.180960,-86.798170,NASSAU ST,,,,263.00,Feet,East,JENKINS ST,,,,0.00,N,Not at Intersection,N,Non-Junction,None,,,         ,Brian,Mclarty,Unknown,Unknown,no,no,no,no,yes,False
102744672,METROPOLITAN NASHVILLE POLICE DEPT,20200471250,Davidson,Nashville,7/19/2020 10:57:00 AM,3,0,0,36.081920,-86.761220,HARDING PL,,,,157.00,Feet,East,SIDCO DR,,,,0.00,N,Not at Intersection,N,Non-Junction,None,,,         ,Tony,Folad,Clear,Angle,no,no,no,no,no,False
102744675,METROPOLITAN NASHVILLE POLICE DEPT,20200471308,Davidson,Not in City Limit,7/19/2020 11:35:00 AM,2,0,0,36.015380,-86.705660,NOLENSVILLE PKE,,,,0.00,Feet,West,SUGAR VALLEY DR,,,,0.00,N,Not at Intersection,N,Non-Junction,None,,,         ,Gregory,Scott,Clear,Angle,no,no,no,no,no,False
102744677,METROPOLITAN NASHVILLE POLICE DEPT,20200471356,Davidson,Nashville,7/19/2020 12:18:00 PM,2,0,0,36.241180,-86.757170,US HWY 31W,,,,75.00,Feet,South,STATE HWY 155,,,,0.00,N,Not at Intersection,N,Non-Junction,None,,,         ,Ian,Wilson,Clear,Front to Rear,no,no,no,no,no,False
102744678,METROPOLITAN NASHVILLE POLICE DEPT,20200471219,Davidson,Nashville,7/19/2020 10:10:00 AM,2,1,0,36.252690,-86.647890,HADLEY AV,,,,0.00,,,ROBINSON RD,,,,0.00,Y,T-Intersection,N,Intersection-Related,None,,,         ,MIchael,Mihajlov,Clear,Angle,no,no,no,no,no,False
102744679,METROPOLITAN NASHVILLE POLICE DEPT,20200471267,Davidson,Nashville,7/19/2020 11:07:00 AM,1,2,0,36.209580,-86.858120,ENCHANTED CIR,,,,940.00,Feet,South,DRAKES HILL DR,,,,0.00,N,Not at Intersection,N,Non-Junction,None,,,         ,Garren,Hoskins,Clear,Not Collision with Motor Vehicle in Transport,no,no,no,no,no,False
102744703,METROPOLITAN NASHVILLE POLICE DEPT,20200471334,Davidson,Nashville,7/19/2020 12:09:00 PM,2,1,0,36.167490,-86.765340,I 24,,,,0.00,,,,,,,48.90,N,Not at Intersection,N,Non-Junction,None,,,         ,Michael,Agee,Cloudy,Front to Rear,no,no,no,no,yes,False
102744728,METROPOLITAN NASHVILLE POLICE DEPT,20200471391,Davidson,Nashville,7/19/2020 12:30:00 PM,2,0,0,36.176960,-86.751430,S 10TH ST,,,,0.00,Feet,,WOODLAND ST,,,,0.00,Y,Four-Way,N,Intersection-Related,None,,,         ,Eric,Knight,Clear,Angle,no,no,no,no,no,False
102744730,METROPOLITAN NASHVILLE POLICE DEPT,20200471212,Davidson,Nashville,7/19/2020 9:45:00 AM,2,0,0,36.198840,-86.619930,LEBANON PKE,,,,176.00,Feet,North,LEBANON PKE WB EXT RAMP,,,,0.00,N,Not at Intersection,N,Non-Junction,None,,,         ,Carey,Steel,Clear,Front to Rear,no,no,no,no,yes,False
102744744,METROPOLITAN NASHVILLE POLICE DEPT,20200470871,Davidson,Nashville,7/18/2020 8:00:00 PM,2,0,0,36.146060,-86.818370,LONG BLVD,,,,256.00,Feet,West,AVOCA ST,,,,0.00,N,Not at Intersection, ,Non-Junction,None,,,         ,Michelle,Norris,Clear,Rear to Rear,no,no,no,no,yes,False
102744764,METROPOLITAN NASHVILLE POLICE DEPT,20200471461,Davidson,Nashville,7/19/2020 1:12:00 PM,2,0,0,36.131730,-86.895930,CHARLOTTE PKE,,,,125.00,Feet,East,I40 E EXT RAMP,,,,0.00,N,Not at Intersection,N,Non-Junction,None,,,         ,Joseph,Simon,Clear,Front to Rear,no,no,no,no,yes,False
102744767,METROPOLITAN NASHVILLE POLICE DEPT,20200471376,Davidson,Nashville,7/19/2020 11:45:00 AM,2,1,0,36.039740,-86.704520,CEDARMONT CIR,,,,238.00,Feet,East,CEDARMONT DR,,,,0.00,N,Not at Intersection,N,Non-Junction,None,,,         ,Lee,Davis,Clear,Angle,no,no,no,no,no,False
102744794,METROPOLITAN NASHVILLE POLICE DEPT,20200470459,Davidson,Nashville,7/18/2020 7:00:00 PM,2,0,0,36.059140,-86.597160,HOBSON PKE,,,,270.00,Feet,North,HAMILTON CHURCH RD,,,,0.00,N,Not at Intersection,N,Non-Junction,None,,,         ,Corey,Reed,Clear,Angle,no,no,no,no,no,False
102744807,METROPOLITAN NASHVILLE POLICE DEPT,20200471486,Davidson,Not in City Limit,7/19/2020 3:18:00 PM,2,0,0,36.270630,-86.736480,I 65,,,,0.00,,,,,,,92.70,N,Not at Intersection, ,Non-Junction,None,,,         ,Nicholas,Berry,Clear,"Sideswipe, Same Direction",no,no,no,no,no,False
102744818,METROPOLITAN NASHVILLE POLICE DEPT,20200471512,Davidson,Nashville,7/19/2020 12:58:00 PM,2,0,0,36.071149,-86.947171,SAWYER BROWN RD,,,,0.00,,,TODD PREIS DR,,,,0.00,Y,Roundabout, ,Intersection,None,,,         ,Jeremy,Huffine,Clear,Angle,no,no,no,no,no,False
102744835,METROPOLITAN NASHVILLE POLICE DEPT,20200471607,Davidson,Nashville,7/19/2020 4:02:00 PM,2,0,0,36.200760,-86.776470,I 65,,,,0.00,,,,,,,86.90,N,Not at Intersection,N,Non-Junction,None,,,         ,Sarah,Cartwright,Clear,"Sideswipe, Same Direction",no,no,no,no,no,False
102744856,METROPOLITAN NASHVILLE POLICE DEPT,20200471694,Davidson,Not in City Limit,7/19/2020 5:02:00 PM,2,0,0,36.272370,-86.710210,GALLATIN PKEN,,,,152.00,Feet,South,NESBITT LN,,,,0.00,N,Not at Intersection,N,Non-Junction,None,,,         ,Kyle,Eicholtz,Clear,Front to Rear,no,no,no,no,yes,False
102744873,METROPOLITAN NASHVILLE POLICE DEPT,20200471778,Davidson,Nashville,7/19/2020 6:15:00 PM,2,1,0,36.164650,-86.663840,DONELSON PKE,,,,0.00,,,BLUEFIELD AV,,,,0.00,Y,T-Intersection,N,Intersection,None,,,         ,Reagan,Heath,Clear,Angle,no,no,no,no,no,False
102744875,METROPOLITAN NASHVILLE POLICE DEPT,20200471791,Davidson,Nashville,7/19/2020 6:34:00 PM,2,0,0,36.230870,-86.724960,GALLATIN PKE,,,,138.00,Feet,South,HAYSBORO AV,,,,0.00,N,Not at Intersection,N,Non-Junction,None,,,         ,Randy,Puckett,Clear,Angle,no,no,no,no,no,False
102744881,METROPOLITAN NASHVILLE POLICE DEPT,20200471696,Davidson,Nashville,7/19/2020 5:10:00 PM,2,0,0,36.074200,-86.920910,STATE HWY 251,,,,97.00,Feet,South,US HWY 70S,,,,0.00,N,Not at Intersection, ,Non-Junction,None,,,         ,Brian,DeMarce,Clear,Angle,no,no,no,no,no,False
102744882,METROPOLITAN NASHVILLE POLICE DEPT,20200471794,Davidson,Nashville,7/19/2020 6:30:00 PM,2,1,0,36.059780,-86.772780,I 65,,,,0.00,,,,,,,75.20,N,Not at Intersection,N,Non-Junction,None,,,         ,Darci,Stechman,Clear,Front to Rear,no,no,no,no,yes,False
102744894,METROPOLITAN NASHVILLE POLICE DEPT,20200471873,Davidson,Nashville,7/19/2020 7:37:00 PM,2,1,0,36.167940,-86.800050,JACKSON ST,,,,170.00,Feet,West,14TH AVN,,,,0.00,N,Not at Intersection,N,Non-Junction,None,,,         ,Jerica,Gladston,Clear,HeadOn,no,no,no,no,yes,False
102744903,METROPOLITAN NASHVILLE POLICE DEPT,20200471862,Davidson,Nashville,7/19/2020 12:00:00 AM,2,0,0,36.070450,-86.634610,MURFREESBORO PKE,,,,695.00,Feet,South,BELL RD,,,,0.00,N,Not at Intersection,N,Non-Junction,None,,,         ,John,Braun,Clear,"Sideswipe, Same Direction",no,no,no,no,no,False
102744911,METROPOLITAN NASHVILLE POLICE DEPT,20200471676,Davidson,Nashville,7/19/2020 4:54:00 PM,2,0,0,36.087190,-86.601160,SMITH SPRINGS RD,,,,1154.00,Feet,West,WATERCREST TOWNHOMES PVTDR,,,,0.00,N,Not at Intersection,N,Non-Junction,None,,,         ,Brandon,Simpkins,Clear,Angle,no,no,no,no,yes,False
102744926,METROPOLITAN NASHVILLE POLICE DEPT,20200471827,Davidson,Nashville,7/19/2020 7:02:00 PM,2,1,0,36.219960,-86.751190,HART LN,,,,753.00,Feet,East,WHITNEY PARK DR,,,,0.00,N,Not at Intersection,N,Non-Junction,Construction Zone,Laneclosure,Transition Area,         ,Sarah,Cartwright,Clear,"Sideswipe, Same Direction",no,no,no,no,yes,False
102744959,METROPOLITAN NASHVILLE POLICE DEPT,20200472046,Davidson,Nashville,7/19/2020 11:00:00 PM,3,0,0,36.083000,-86.652900,PICCADILLY ROW,,,,220.00,Feet,North,ORCHARD MOUNTAIN CT,,,,0.00,N,Not at Intersection,N,Non-Junction,None,,,         ,Alex,DiBernardo,Clear,"Sideswipe, Same Direction",no,no,no,no,yes,False
102744961,METROPOLITAN NASHVILLE POLICE DEPT,20200472003,Davidson,Not in City Limit,7/19/2020 10:33:00 PM,1,0,0,36.257870,-86.703980,FOREST PARK RD,,,,81.00,Feet,South,COVENTRY WOODS DR,,,,0.00,N,Not at Intersection,N,Non-Junction,None,,,         ,Joshua,Dodge,Clear,Not Collision with Motor Vehicle in Transport,no,no,no,no,no,False
102744965,METROPOLITAN NASHVILLE POLICE DEPT,20200472067,Davidson,Not in City Limit,7/19/2020 8:27:00 PM,2,0,0,36.045240,-86.951810,HIGHWAY 100,,,,380.00,Feet,West,TEMPLE RD,,,,0.00,N,Not at Intersection,N,Non-Junction,None,,,         ,Nicholas,Smith,Clear,Unknown,no,no,no,yes,yes,False
102744967,METROPOLITAN NASHVILLE POLICE DEPT,20200472075,Davidson,Nashville,7/19/2020 9:00:00 PM,2,0,0,36.171350,-86.870330,BRILEY PKWY S EXT RAMP,,,,0.00,,,CENTENNIAL BLVD,,,,0.00,Y,T-Intersection,Y,Entrance/Exit Ramp Related,None,,,         ,Maximillian,Goldberg,Clear,Front to Rear,no,no,no,no,no,False
102744969,METROPOLITAN NASHVILLE POLICE DEPT,20200472172,Davidson,Nashville,7/20/2020 12:44:00 AM,1,0,0,36.182550,-86.807580,12TH AVN,,,,436.00,Feet,South,CLAY ST,,,,0.00,N,Not at Intersection,N,Non-Junction,None,,,         ,Dakota,Vermillion,Clear,Not Collision with Motor Vehicle in Transport,no,no,no,no,yes,False
102744978,METROPOLITAN NASHVILLE POLICE DEPT,20200472122,Davidson,Nashville,7/19/2020 11:15:00 PM,2,0,0,36.069910,-86.693410,HAYWOOD LN,,,,188.00,Feet,East,EZELL RD,,,,0.00,N,Not at Intersection,N,OtherLocation,None,,,         ,David,Simmonds,Clear,Angle,no,no,no,yes,yes,False
102744980,THP District 3 - Nashville,320042319,Davidson,Not in City Limit,7/19/2020 12:00:00 AM,1,2,0,36.143340,-86.556790,ALVIN SPERRY RD,,,,2170.00,Feet,East,HESSEY RD PVTDR,,,,0.00,N,Not at Intersection,N,Non-Junction,None,,,         ,Matthew,Priest,Clear,Not Collision with Motor Vehicle in Transport,no,no,no,no,yes,False
102744982,METROPOLITAN NASHVILLE POLICE DEPT,20200472069,Davidson,Nashville,7/19/2020 11:20:00 PM,2,0,0,36.182150,-86.608120,FRIST BLVD,,,,0.00,,,STATE HWY 45,,,,0.00,Y,Four-Way,N,Intersection-Related,None,,,         ,Brittany,McElwee,Clear,Front to Rear,no,no,no,no,yes,False
102744983,METROPOLITAN NASHVILLE POLICE DEPT,20200472261,Davidson,Nashville,7/20/2020 1:00:00 AM,1,0,0,36.050210,-86.649890,MT VIEW RD,,,,142.00,Feet,West,BELL RD,,,,0.00,N,Not at Intersection,N,Non-Junction,None,,,         ,Kaleigh,Pearce,Clear,Not Collision with Motor Vehicle in Transport,no,no,no,no,yes,False
102744986,METROPOLITAN NASHVILLE POLICE DEPT,20200472209,Davidson,Nashville,7/19/2020 12:00:00 AM,1,0,0,36.147570,-86.758630,US HWY 41,,,,16.00,Feet,West,LEWIS ST,,,,0.00,N,Not at Intersection,N,Non-Junction,None,,,         ,Carey,Steel,Clear,Not Collision with Motor Vehicle in Transport,no,no,no,no,yes,False
102744990,METROPOLITAN NASHVILLE POLICE DEPT,20200472289,Davidson,Not in City Limit,7/20/2020 2:17:00 AM,1,3,0,36.258330,-86.776610,BRICK DR,,,,0.00,,,,,,,0.00,,,N,Non-Junction,None,,,         ,Patrick,McGinnis,Clear,Not Collision with Motor Vehicle in Transport,no,no,no,no,no,False
102745026,METROPOLITAN NASHVILLE POLICE DEPT,20200472528,Davidson,Nashville,7/20/2020 5:50:00 AM,2,2,0,36.094420,-86.653390,FRANKLIN LIMESTONE RD,,,,0.00,Feet,West,MURFREESBORO PKE,,,,0.00,N,Not at Intersection,N,Non-Junction,None,,,         ,Jonathan,Handley,Clear,HeadOn,no,no,no,no,no,False
102745034,METROPOLITAN NASHVILLE POLICE DEPT,20200472618,Davidson,Nashville,7/20/2020 7:00:00 AM,2,0,0,36.078360,-86.885680,HIGHWAY 100,,,,226.00,Feet,South,VAUGHNS GAP RD,,,,0.00,N,Not at Intersection, ,,None,,,         ,Curtis,Rich,,,no,no,no,no,no,False
102745037,METROPOLITAN NASHVILLE POLICE DEPT,20200456281,Davidson,Nashville,7/13/2020 4:53:00 AM,1,0,2,36.042610,-86.744060,EDMONDSON PKE,,,,122.00,Feet,North,BRENTWOOD SQ,,,,0.00,N,Not at Intersection,N,Non-Junction,None,,,         ,Donald,Davidson,Clear,Not Collision with Motor Vehicle in Transport,no,no,no,no,no,False
102745057,METROPOLITAN NASHVILLE POLICE DEPT,20200465523,Davidson,Nashville,7/16/2020 4:22:00 AM,3,2,0,36.014430,-86.620750,I 24,,,,0.00,,,,,,,62.50,N,Not at Intersection,N,Non-Junction,None,,,         ,Donald,Davidson,Clear,Front to Rear,no,no,no,no,no,False
102745061,METROPOLITAN NASHVILLE POLICE DEPT,20200472706,Davidson,Nashville,7/20/2020 9:13:00 AM,1,0,0,36.154130,-86.764920,LINDSLEY AV,,,,86.00,Feet,East,ACADEMY PL,,,,0.00,N,Not at Intersection,N,Non-Junction,None,,,         ,Mathew,Clement,Clear,Not Collision with Motor Vehicle in Transport,no,no,no,no,yes,False
102745062,METROPOLITAN NASHVILLE POLICE DEPT,20200471176,Davidson,Not in City Limit,7/19/2020 9:30:00 AM,1,1,0,36.283840,-86.743020,CUNNIFF PKWY,,,,270.00,Feet,West,FONNIC DR,,,,0.00,N,Not at Intersection,N,Non-Junction,None,,,         ,Ricki,Armstrong,Clear,Not Collision with Motor Vehicle in Transport,no,no,no,no,no,False
102745078,METROPOLITAN NASHVILLE POLICE DEPT,20200472706,Davidson,Nashville,7/20/2020 8:22:00 AM,2,0,0,36.151630,-86.768550,2ND AVS,,,,50.00,Feet,West,I40 W EXT RAMP,,,,0.00,N,Not at Intersection,N,Entrance/Exit Ramp Related,None,,,         ,Harold,Wells,Clear,Front to Rear,no,no,no,no,yes,False
102745082,METROPOLITAN NASHVILLE POLICE DEPT,20200472853,Davidson,Not in City Limit,7/20/2020 9:53:00 AM,2,0,0,36.263910,-86.690300,STATE RT 45,,,,0.00,,,MYATT DR,,,,0.00,Y,Four-Way, ,Intersection,None,,,         ,Michelle,Steidl,Clear,Angle,no,no,no,no,no,False
102745087,METROPOLITAN NASHVILLE POLICE DEPT,20200472915,Davidson,Not in City Limit,7/20/2020 12:00:00 AM,2,0,0,36.114800,-86.932820,WILDWIND CT,,,,0.00,Feet,East,WEST RUNNING BROOK RD,,,,0.00,N,Not at Intersection, ,Non-Junction,None,,,         ,Curtis,Rich,Unknown,Angle,no,no,no,no,yes,False
102745089,METROPOLITAN NASHVILLE POLICE DEPT,20200472922,Davidson,Nashville,7/20/2020 10:38:00 AM,2,1,0,36.153220,-86.686750,ERMAC DR,,,,46.00,Feet,South,ELM HILL PKE,,,,0.00,N,Not at Intersection, ,Non-Junction,None,,,         ,Michael,Dance,Clear,Angle,no,no,no,no,no,False
102745097,METROPOLITAN NASHVILLE POLICE DEPT,20200472941,Davidson,Not in City Limit,7/20/2020 10:49:00 AM,2,1,0,36.264490,-86.731840,STATE HWY 45,,,,119.00,Feet,East,N GRAYCROFT AVE,,,,0.00,N,Not at Intersection, ,Non-Junction,None,,,         ,Ian,Wilson,Clear,Front to Rear,no,no,no,no,no,False