master_record_number,agency,agency_tracking_number,county,city,collision_date,vehicles_involved,number_injured,number_dead,latitude,longitude,roadway_name,roadway_suffix,roadway_number,roadway_local_id,distance_from_reference,miles-feet_indicator,direction_from_reference,intersection_road_name,intersection_road_name_suffix,intersection_road_number,intersection_local_id,mile_marker,intersection_indicator,intersect_type,interchange_related_indicator,relation_to_junction,work_zone_type,construction_maintenance_zone,construction_maintenance_zone_location,fatal_case_number,officer_first_name,officer_last_name,weather_condition(s),manner_of_crash,pedestrian,bicycle,scooter,parking,hitrun,mou
102745677,METROPOLITAN NASHVILLE POLICE DEPT,20200475151,Davidson,Nashville,7/21/2020 12:45:00 PM,1,1,0,36.215710,-86.867760,CATO RD,,,,1573.00,Feet,West,EATONS CREEK RD,,,,0.00,N,Not at Intersection,N,Non-Junction,None,,,         ,Wesley,Young,Clear,Not Collision with Motor Vehicle in Transport,no,no,no,no,no,False
102745678,METROPOLITAN NASHVILLE POLICE DEPT,20200475337,Davidson,Nashville,7/21/2020 1:36:00 PM,2,0,0,36.071800,-86.636110,MURFREESBORO PKE,,,,33.00,Feet,South,BELL RD,,,,0.00,N,Not at Intersection,N,Non-Junction,None,,,         ,Michael,Brooks,Clear,"Sideswipe, Same Direction",no,no,no,no,yes,False
102745681,METROPOLITAN NASHVILLE POLICE DEPT,20200475146,Davidson,Nashville,7/21/2020 12:24:00 PM,4,1,0,36.104970,-86.717250,I 24,,,,0.00,,,,,,,54.10,N,Not at Intersection,N,Non-Junction,None,,,         ,Todd,Watson,Clear,Front to Rear,no,no,no,no,yes,False
102745683,METROPOLITAN NASHVILLE POLICE DEPT,20200475195,Davidson,Nashville,7/21/2020 12:54:00 PM,1,1,0,36.192110,-86.779880,I65 S ENT RAMP,,,,0.00,Feet,East,I 65,,,,0.00,N,Not at Intersection,N,Non-Junction,None,,,         ,Jedidayah,Merriweather,Rain,Not Collision with Motor Vehicle in Transport,no,no,no,no,no,False
102745699,METROPOLITAN NASHVILLE POLICE DEPT,20200475212,Davidson,Nashville,7/21/2020 12:55:00 PM,2,1,0,36.202640,-86.776880,I 65,,,,0.00,,,,,,,87.05,N,Not at Intersection,N,Non-Junction,None,,,         ,Wesley,Young,Rain,Front to Rear,no,no,no,no,no,False
102745701,METROPOLITAN NASHVILLE POLICE DEPT,20200475173,Davidson,Nashville,7/21/2020 12:43:00 PM,2,1,0,36.048410,-86.657400,HICKORY HOLLOW PKWY,,,,0.00,,,HICKORY HOLLOW MALL PVTDR PL,,,,0.00,Y,Four-Way,N,Intersection,None,,,         ,Alex,Moore,Clear,Angle,no,no,no,no,no,False
102745708,METROPOLITAN NASHVILLE POLICE DEPT,20200475157,Davidson,Nashville,7/21/2020 12:32:00 PM,2,0,0,36.176880,-86.776180,SPRING ST,,,,0.00,,,COWAN ST,,,,0.00,Y,Four-Way,N,Intersection,None,,,         ,Byron,Carter,Cloudy,Angle,no,no,no,no,no,False
102745709,METROPOLITAN NASHVILLE POLICE DEPT,20200475265,Davidson,Nashville,7/21/2020 1:30:00 PM,3,0,0,36.199740,-86.776650,I 65,,,,0.00,,,,,,,86.85,N,Not at Intersection,N,Non-Junction,None,,,         ,Wesley,Young,Rain,Front to Rear,no,no,no,no,yes,False
102745711,METROPOLITAN NASHVILLE POLICE DEPT,20200475244,Davidson,Nashville,7/21/2020 12:59:00 PM,2,0,0,36.162810,-86.789050,CHARLOTTE AV,,,,0.00,,,GULCH GRNWY,,,,0.00,Y,OTHER, ,Intersection,None,,,         ,Frank,Campbell,Rain,Front to Rear,no,no,no,no,no,False
102745724,METROPOLITAN NASHVILLE POLICE DEPT,20200475410,Davidson,Nashville,7/21/2020 2:59:00 PM,2,1,0,36.092150,-86.705040,I 24,,,,0.00,,,,,,,55.20,N,Not at Intersection,N,Non-Junction,None,,,         ,Joel,Bennett,Clear,Front to Rear,no,no,no,no,no,False
102745730,METROPOLITAN NASHVILLE POLICE DEPT,20200475434,Davidson,Nashville,7/21/2020 3:00:00 PM,2,0,0,36.217940,-86.803310,WHITES CREEK PKE,,,,89.00,Feet,South,MOORMANS ARM RD,,,,0.00,N,Not at Intersection,N,Non-Junction,None,,,         ,Eric,McCoy,Cloudy,Front to Rear,no,no,no,no,yes,False
102745742,METROPOLITAN NASHVILLE POLICE DEPT,20200475491,Davidson,Nashville,7/21/2020 2:20:00 PM,1,0,0,36.143300,-86.696240,I40 E EXT RAMP,,,,402.00,Feet,South,I 40,,,,0.00,N,Not at Intersection, ,,None,,,         ,Peter,Kinsey,,,no,no,no,no,no,False
102745747,METROPOLITAN NASHVILLE POLICE DEPT,20200475424,Davidson,Nashville,7/21/2020 3:04:00 PM,3,0,0,36.105550,-86.718040,I 24,,,,0.00,,,,,,,54.05,N,Not at Intersection,N,Non-Junction,None,,,         ,John,Walden,Clear,Front to Rear,no,no,no,no,no,False
102745749,METROPOLITAN NASHVILLE POLICE DEPT,20200475559,Davidson,Nashville,7/21/2020 4:08:00 PM,2,0,0,36.168420,-86.687960,LEBANON PKE,,,,0.00,,,BRILEY PKWY N ENT RAMP,,,,0.00,Y,T-Intersection, ,Intersection-Related,None,,,         ,Jason,Milyaro Lucas,Rain,Front to Rear,no,no,no,no,no,False
102745758,METROPOLITAN NASHVILLE POLICE DEPT,20200474968,Davidson,Nashville,7/20/2020 9:54:00 PM,2,0,0,36.022520,-86.629840,I 24,,,,0.00,,,,,,,61.80,N,Not at Intersection, ,Non-Junction,None,,,         ,Edward,Starke,Clear,"Sideswipe, Same Direction",no,no,no,no,no,False
102745760,METROPOLITAN NASHVILLE POLICE DEPT,20200475489,Davidson,Nashville,7/21/2020 3:30:00 PM,2,0,0,36.249710,-86.776720,NORTHBROOK DR,,,,0.00,,,BRICK CHURCH PKE,,,,0.00,Y,T-Intersection, ,Intersection-Related,None,,,         ,Benjamin,Williams,Clear,Front to Rear,no,no,no,no,no,False
102745764,METROPOLITAN NASHVILLE POLICE DEPT,20200475536,Davidson,Nashville,7/21/2020 4:00:00 PM,2,0,0,36.130390,-86.801960,21ST AVS,,,,0.00,,,BLAIR BLVD,,,,0.00,Y,Four-Way, ,Intersection-Related,None,,,         ,Benny,Pittman,Clear,"Sideswipe, Same Direction",no,no,no,no,no,False
102745765,METROPOLITAN NASHVILLE POLICE DEPT,20200475588,Davidson,Nashville,7/21/2020 4:39:00 PM,1,0,0,36.040850,-86.677870,BLUE HOLE RD,,,,721.00,Feet,North,ERNA CT,,,,0.00,N,Not at Intersection,N,Non-Junction,None,,,         ,Joel,Bennett,Rain,Not Collision with Motor Vehicle in Transport,no,no,no,no,no,False
102745768,METROPOLITAN NASHVILLE POLICE DEPT,20200475503,Davidson,Nashville,7/21/2020 3:45:00 PM,3,2,0,36.255760,-86.714610,GALLATIN PKES,,,,169.00,Feet,South,NEELYS BEND RD,,,,0.00,N,Not at Intersection,N,Non-Junction,None,,,         ,Jarret,Sonnenberg,Clear,"Sideswipe, Same Direction",no,no,no,no,no,False
102745770,METROPOLITAN NASHVILLE POLICE DEPT,20200475576,Davidson,Nashville,7/21/2020 4:19:00 PM,2,1,0,36.081100,-86.758360,HARDING PL,,,,0.00,,,TROUSDALE DR,,,,0.00,Y,Four-Way,N,Non-Junction,None,,,         ,Brady,Reynolds,Clear,Front to Rear,no,no,no,no,yes,False
102745774,METROPOLITAN NASHVILLE POLICE DEPT,20200475623,Davidson,Nashville,7/21/2020 3:56:00 PM,2,1,0,36.167660,-86.663320,LEBANON PKE,,,,0.00,,,DONELSON PKE,,,,0.00,Y,T-Intersection,Y,Intersection,None,,,         ,Joseph,Simon,Cloudy,Front to Rear,no,no,no,no,no,False
102745781,METROPOLITAN NASHVILLE POLICE DEPT,20200475484,Davidson,Nashville,7/21/2020 3:34:00 PM,2,0,0,36.081060,-86.724570,SEVEN MILE CREEK HARDING MALL,,,,56.00,Feet,West,HARDING MALL DR,,,,0.00,N,Not at Intersection,N,Non-Junction,None,,,         ,Molly,Page,Cloudy,Angle,no,no,no,no,yes,False
102745793,METROPOLITAN NASHVILLE POLICE DEPT,20200475593,Davidson,Not in City Limit,7/21/2020 4:41:00 PM,2,0,0,36.261070,-86.712590,GALLATIN PKES,,,,64.00,Feet,South,MAPLE ST,,,,0.00,N,Not at Intersection, ,Non-Junction,None,,,         ,DuJuan,Kendrick,Clear,"Sideswipe, Same Direction",no,no,no,no,no,False
102745803,METROPOLITAN NASHVILLE POLICE DEPT,20200475510,Davidson,Nashville,7/21/2020 3:50:00 PM,2,1,0,36.084870,-86.728220,NOLENSVILLE PKE,,,,17.00,Feet,North,PARAGON MILLS RD,,,,0.00,N,Not at Intersection, ,Non-Junction,None,,,         ,Andrew,Brazee,Cloudy,Front to Rear,no,no,no,no,no,False
102745804,METROPOLITAN NASHVILLE POLICE DEPT,20200475455,Davidson,Nashville,7/21/2020 3:17:00 PM,2,0,0,36.110910,-86.744810,THOMPSON LN,,,,119.00,Feet,East,NOLENSVILLE PKE,,,,0.00,N,Not at Intersection,N,Non-Junction,None,,,         ,Edward,Starke,Clear,"Sideswipe, Same Direction",no,no,no,no,no,False
102745805,METROPOLITAN NASHVILLE POLICE DEPT,20200475570,Davidson,Not in City Limit,7/21/2020 12:00:00 AM,3,1,0,36.292100,-86.810130,I 24,,,,0.00,,,,,,,39.35,N,Not at Intersection,N,Non-Junction,None,,,         ,Melvin,Taylor,Clear,Front to Rear,no,no,no,no,no,False
102745806,METROPOLITAN NASHVILLE POLICE DEPT,20200475584,Davidson,Nashville,7/21/2020 4:29:00 PM,2,0,0,36.151360,-86.796090,BROADWAY,,,,175.00,Feet,North,19TH AVS,,,,0.00,N,Not at Intersection, ,Non-Junction,None,,,         ,Ryan,Sherry,Clear,"Sideswipe, Same Direction",no,no,no,no,no,False
102745818,METROPOLITAN NASHVILLE POLICE DEPT,20200475579,Davidson,Nashville,7/21/2020 4:25:00 PM,2,0,0,36.053620,-86.672830,BLUE HOLE RD,,,,370.00,Feet,South,BLUE HOLE RD PVTDR,,,,0.00,N,Not at Intersection,N,Non-Junction,None,,,         ,Edward,Starke,Rain,Front to Rear,no,no,no,no,no,False
102745829,METROPOLITAN NASHVILLE POLICE DEPT,20200475669,Davidson,Nashville,7/21/2020 4:49:00 PM,2,0,0,36.132650,-86.727160,I 24,,,,0.00,,,,,,,52.00,N,Not at Intersection,N,Non-Junction,None,,,         ,Derek,Sibley,Clear,Front to Rear,no,no,no,no,no,False
102745831,METROPOLITAN NASHVILLE POLICE DEPT,20200475662,Davidson,Nashville,7/21/2020 5:29:00 PM,2,1,0,36.158060,-86.877010,ROBERTSON AV,,,,0.00,,,JAMES AV,,,,0.00,Y,Four-Way,Y,Intersection,None,,,         ,Justin,Coyle,Clear,Angle,no,no,no,no,no,False
102745833,METROPOLITAN NASHVILLE POLICE DEPT,20200475707,Davidson,Nashville,7/21/2020 6:01:00 PM,2,4,0,36.086860,-86.695950,HARDING PL,,,,0.00,Feet,,METROPLEX DR,,,,0.00,Y,Four-Way,Y,Intersection-Related,None,,,         ,Joel,Bennett,Clear,Angle,no,no,no,no,no,False
102745835,METROPOLITAN NASHVILLE POLICE DEPT,20200475718,Davidson,Not in City Limit,7/21/2020 6:11:00 PM,2,1,0,36.262750,-86.680780,STATE RT 45,,,,59.00,Feet,East,RIO VISTA DR,,,,0.00,N,Not at Intersection,N,Non-Junction,None,,,         ,DuJuan,Kendrick,Clear,Front to Rear,no,no,no,no,no,False
102745842,METROPOLITAN NASHVILLE POLICE DEPT,20200475773,Davidson,Nashville,7/21/2020 6:23:00 PM,2,1,0,36.168820,-86.684550,LEBANON PKE,,,,0.00,,,THE CROSSINGS PVTDR,,,,0.00,Y,T-Intersection,Y,Intersection,None,,,         ,Joseph,Simon,Clear,Angle,no,no,no,no,no,False
102745850,METROPOLITAN NASHVILLE POLICE DEPT,20200475508,Davidson,Nashville,7/21/2020 3:49:00 PM,2,0,0,36.179340,-86.800600,I 65,,,,0.00,,,,,,,85.00,N,Not at Intersection,N,Non-Junction,None,,,         ,Gabriel,Centeno,Clear,Angle,no,no,no,no,no,False
102745858,METROPOLITAN NASHVILLE POLICE DEPT,20200475678,Davidson,Goodlettsville,7/21/2020 5:40:00 PM,3,0,0,36.296070,-86.698510,MYATT DR,,,,32.00,Feet,North,RIVERGATE STATION PVTDR,,,,0.00,N,Not at Intersection,N,Non-Junction,None,,,         ,Marcus,Mitchell,Clear,Front to Rear,no,no,no,no,no,False
102745863,METROPOLITAN NASHVILLE POLICE DEPT,20200475883,Davidson,Nashville,7/21/2020 8:28:00 PM,2,0,0,36.056740,-86.699570,TUSCULUM RD,,,,147.00,Feet,East,COLEMONT DR,,,,0.00,N,Not at Intersection,N,Non-Junction,None,,,         ,Edward,Starke,Clear,"Sideswipe, Same Direction",no,no,no,no,yes,False
102745872,METROPOLITAN NASHVILLE POLICE DEPT,20200475863,Davidson,Nashville,7/21/2020 5:35:00 PM,2,0,0,36.102090,-86.869930,HARDING PL,,,,102.00,Feet,East,HARDING PKE,,,,0.00,N,Not at Intersection,N,Non-Junction,None,,,         ,Andrew,Mullen,Clear,Angle,no,no,no,no,no,False
102745886,METROPOLITAN NASHVILLE POLICE DEPT,20200475931,Davidson,Nashville,7/21/2020 8:38:00 PM,2,0,0,36.250960,-86.717890,BRINK HAVEN AV,,,,115.00,Feet,East,GALLATIN PKES,,,,0.00,N,Not at Intersection,N,Non-Junction,None,,,         ,Jarret,Sonnenberg,,Angle,no,no,no,no,yes,False
102745896,METROPOLITAN NASHVILLE POLICE DEPT,20200475942,Davidson,Nashville,7/21/2020 5:34:00 PM,2,0,0,36.201760,-86.745300,SPAIN AV,,,,467.00,Feet,East,GEAR ST,,,,0.00,N,Not at Intersection,N,Non-Junction,None,,,         ,Randy,Puckett,Clear,Angle,no,no,no,no,yes,False
102745906,METROPOLITAN NASHVILLE POLICE DEPT,20200475977,Davidson,Nashville,7/21/2020 9:25:00 PM,1,0,0,36.056320,-86.774650,I 65,,,,0.00,,,,,,,75.00,N,Not at Intersection,N,Non-Junction,None,,,         ,Brandon,Hughes,Rain,Not Collision with Motor Vehicle in Transport,no,no,no,no,no,False
102745908,METROPOLITAN NASHVILLE POLICE DEPT,20200475482,Davidson,Nashville,7/21/2020 3:30:00 PM,3,2,0,36.071790,-86.639300,RURAL HILL RD,,,,998.00,Feet,South,MURFREESBORO PKE,,,,0.00,N,Not at Intersection,N,"Driveway, Alley Access, etc",None,,,         ,John,Jones,Clear,HeadOn,no,no,no,no,no,False
102745913,METROPOLITAN NASHVILLE POLICE DEPT,20200476010,Davidson,Nashville,7/21/2020 8:30:00 PM,2,0,0,36.124460,-86.736790,I 440,,,,0.00,,,,,,,7.00,N,Not at Intersection, ,Non-Junction,None,,,         ,Timothy,Ward,Rain,Front to Rear,no,no,no,no,yes,False
102745914,METROPOLITAN NASHVILLE POLICE DEPT,20200475991,Davidson,Nashville,7/21/2020 8:35:00 PM,2,0,0,36.122210,-86.666130,AIRPORT SERVICE RD,,,,2093.00,Feet,North,DONELSON PKE,,,,0.00,N,Not at Intersection, ,,None,,,         ,Peter,Kinsey,,,no,no,no,no,no,False
102745917,METROPOLITAN NASHVILLE POLICE DEPT,20200475974,Davidson,Not in City Limit,7/21/2020 9:24:00 PM,2,1,0,36.269260,-86.755740,OLD HICKORY BLVDW,,,,0.00,Feet,,DICKERSON PKE,,,,0.00,Y,Four-Way,N,Intersection,None,,,         ,Rodney,Phipps,Clear,Angle,no,no,no,no,no,False
102745918,METROPOLITAN NASHVILLE POLICE DEPT,20200476026,Davidson,Not in City Limit,7/21/2020 10:14:00 PM,1,0,0,36.272870,-86.699170,ANDERSON LN,,,,234.00,Feet,West,SNOW AV,,,,0.00,N,Not at Intersection,N,Non-Junction,None,,,         ,Kyle,Eicholtz,Rain,Not Collision with Motor Vehicle in Transport,no,no,no,no,yes,False
102745951,GOODLETTSVILLE POLICE DEPT,20-22349,Davidson,Goodlettsville,7/21/2020 8:32:00 PM,2,0,0,36.324790,-86.702410,LONG HOLLOW PKE,,,,0.00,Feet,,NORTHGATE DR,,,,0.00,Y,T-Intersection, ,Non-Junction,None,,,         ,Alexander,Bardill,Clear,"Sideswipe, Same Direction",no,no,no,no,no,False
102745952,METROPOLITAN NASHVILLE POLICE DEPT,20200475998,Davidson,Nashville,7/21/2020 9:25:00 PM,2,0,0,36.154450,-86.758230,I24 W ENT RAMP,,,,0.00,,,I 40,,,,0.00,Y,OTHER, ,Non-Junction,None,,,         ,Roy,Sain Jr.,Clear,"Sideswipe, Same Direction",no,no,no,no,no,False
102745966,METROPOLITAN NASHVILLE POLICE DEPT,20200476053,Davidson,Nashville,7/21/2020 10:45:00 PM,2,1,0,36.040590,-86.771070,OLD HICKORY BLVD,,,,0.00,,,SEVEN SPRINGS WAY PVTDR,,,,0.00,Y,Four-Way,Y,Intersection,None,,,         ,Kevin,Reynolds,Clear,"Sideswipe, Same Direction",no,no,no,no,no,False
102745967,METROPOLITAN NASHVILLE POLICE DEPT,20200476173,Davidson,Nashville,7/21/2020 11:40:00 PM,2,0,0,36.142730,-86.682500,I 40,,,,0.00,,,,,,,215.70,N,Not at Intersection,N,Non-Junction,None,,,         ,Luke,Steigerwalt,Clear,"Sideswipe, Same Direction",no,no,no,no,yes,False
102745970,METROPOLITAN NASHVILLE POLICE DEPT,20200476051,Davidson,Nashville,7/21/2020 9:43:00 PM,2,0,0,36.106960,-86.727420,MAVERT DR,,,,0.00,Feet,,NEESE DR,,,,0.00,Y,Four-Way,N,Intersection-Related,None,,,         ,Teresah,Pinho,Clear,Angle,no,no,no,no,no,False
102745971,METROPOLITAN NASHVILLE POLICE DEPT,20200476115,Davidson,Nashville,7/21/2020 7:12:00 PM,2,0,0,36.099650,-86.924330,OLD HICKORY BLVD,,,,825.00,Feet,North,RIDGELAKE PKWY,,,,0.00,N,Not at Intersection,N,Non-Junction,None,,,         ,David,Moser,Clear,Front to Rear,no,no,no,no,yes,False
102745973,METROPOLITAN NASHVILLE POLICE DEPT,20200476248,Davidson,Nashville,7/21/2020 6:50:00 PM,2,0,0,36.082110,-86.761700,SIDCO DR,,,,2.00,Feet,North,HARDING PL,,,,0.00,N,Not at Intersection, ,,None,,,         ,Justan,Vance,,,no,no,no,no,no,False
102745976,METROPOLITAN NASHVILLE POLICE DEPT,20200476252,Davidson,Nashville,7/22/2020 1:10:00 AM,2,2,0,36.111980,-86.686840,MURFREESBORO PKE,,,,724.00,Feet,East,MCGAVOCK PKE,,,,0.00,N,Not at Intersection,N,Non-Junction,None,,,         ,Alex,DiBernardo,Clear,Front to Rear,no,no,no,no,yes,False
102745978,METROPOLITAN NASHVILLE POLICE DEPT,20200476134,Davidson,Nashville,7/21/2020 10:47:00 PM,1,1,0,36.061290,-86.720760,MCMURRAY DR,,,,162.00,Feet,East,WHISPERING HILLS DR,,,,0.00,N,Not at Intersection,N,Non-Junction,None,,,         ,Kevin,Reynolds,Clear,Not Collision with Motor Vehicle in Transport,no,no,no,no,no,False
102746042,METROPOLITAN NASHVILLE POLICE DEPT,20200475124,Davidson,Not in City Limit,7/21/2020 12:16:00 PM,2,0,0,36.260430,-86.762730,BELLSHIRE DR,,,,0.00,,,TUCKAHOE DR,,,,0.00,Y,Four-Way, ,Intersection,None,,,         ,Ruben,Mariano,Clear,Angle,no,no,no,no,no,False
102746043,METROPOLITAN NASHVILLE POLICE DEPT,20200476693,Davidson,Nashville,7/22/2020 6:50:00 AM,2,0,0,36.153230,-86.857580,BRILEY PKWY,,,,86.00,Feet,North,I40 W EXT RAMP,,,,0.00,N,Not at Intersection, ,Non-Junction,None,,,         ,Curtis,Rich,Clear,Angle,no,no,no,no,no,False
102746056,METROPOLITAN NASHVILLE POLICE DEPT,20200476678,Davidson,Nashville,7/22/2020 6:10:00 AM,1,0,0,36.098320,-86.746640,VERITAS ST,,,,60.00,Feet,East,MAYS ST,,,,0.00,N,Not at Intersection,N,Non-Junction,None,,,         ,Earl,Davis,Clear,Not Collision with Motor Vehicle in Transport,no,no,no,no,yes,False
102746080,METROPOLITAN NASHVILLE POLICE DEPT,20200476731,Davidson,Nashville,7/22/2020 7:06:00 AM,3,0,0,36.176420,-86.767780,SPRING ST,,,,100.00,Feet,West,SPRING ST ENT RAMP,,,,0.00,N,Not at Intersection,Y,Entrance/Exit Ramp Related,None,,,         ,Doyle,Price,Cloudy,Front to Rear,no,no,no,no,no,False
102746102,METROPOLITAN NASHVILLE POLICE DEPT,20200476937,Davidson,Nashville,7/22/2020 8:55:00 AM,2,0,0,36.131300,-86.896940,I40 E EXT RAMP,,,,0.00,,,I 40,,,,0.00,Y,Y-Intersection,N,Entrance/Exit Ramp Related,None,,,         ,Curtis,Rich,Clear,Front to Rear,no,no,no,no,no,False
102746103,METROPOLITAN NASHVILLE POLICE DEPT,20200476765,Davidson,Nashville,7/22/2020 7:18:00 AM,3,0,0,36.153710,-86.721560,SPENCE LN,,,,0.00,,,LEBANON PKE,,,,0.00,Y,Four-Way, ,Intersection-Related,None,,,         ,Michael,Brooks,Clear,Front to Rear,no,no,no,no,no,False
102746104,METROPOLITAN NASHVILLE POLICE DEPT,20200476918,Davidson,Nashville,7/22/2020 8:46:00 AM,2,0,0,36.181290,-86.606840,OLD HICKORY BLVD,,,,488.00,Feet,South,FRIST BLVD,,,,0.00,N,Not at Intersection, ,Non-Junction,None,,,         ,Michael,Brooks,Clear,"Sideswipe, Same Direction",no,no,no,no,no,False
102746105,METROPOLITAN NASHVILLE POLICE DEPT,20200476851,Davidson,Nashville,7/22/2020 8:04:00 AM,2,0,0,36.244190,-86.722630,GALLATIN PKES,,,,131.00,Feet,South,LAKEWOOD DR,,,,0.00,N,Not at Intersection,N,Non-Junction,None,,,         ,Brian,Otto,Clear,Front to Rear,no,no,no,no,no,False
102746108,METROPOLITAN NASHVILLE POLICE DEPT,20200476865,Davidson,Nashville,7/22/2020 7:36:00 AM,2,0,0,36.088320,-86.791000,LEALAND LN,,,,0.00,,,BATTERY LN,,,,0.00,Y,Four-Way,N,Intersection,None,,,         ,Nathan,Kemp,Clear,Angle,no,no,no,no,no,False
102746109,METROPOLITAN NASHVILLE POLICE DEPT,20200476959,Davidson,Nashville,7/22/2020 8:54:00 AM,2,0,0,36.124240,-86.806330,HILLSBORO PKE,,,,0.00,,,I440 W ENT RAMP,,,,0.00,Y,Four-Way,N,Intersection,None,,,         ,Nathan,Kemp,Clear,Angle,no,no,no,no,no,False
102746111,METROPOLITAN NASHVILLE POLICE DEPT,20200476867,Davidson,Nashville,7/22/2020 6:41:00 AM,2,0,0,36.227160,-86.778760,I 24,,,,0.00,,,,,,,44.65,N,Not at Intersection,N,Entrance/Exit Ramp Related,None,,,         ,James,Wray,Clear,"Sideswipe, Same Direction",no,no,no,no,yes,False
102746113,METROPOLITAN NASHVILLE POLICE DEPT,20200476745,Davidson,Nashville,7/22/2020 6:20:00 AM,3,0,0,36.201210,-86.776820,I 65,,,,0.00,,,,,,,87.00,N,Not at Intersection, ,Non-Junction,None,,,         ,Kenneth,Oneal,Clear,Front to Rear,no,no,no,no,no,False
102746122,METROPOLITAN NASHVILLE POLICE DEPT,20200475549,Davidson,Nashville,7/21/2020 4:00:00 PM,2,0,0,36.160280,-86.798670,PEARL ST,,,,133.00,Feet,East,17TH AVE N,,,,0.00,N,Not at Intersection, ,Non-Junction,None,,,         ,Wesley,Young,Clear,Front to Rear,no,no,no,no,no,False
102746146,METROPOLITAN NASHVILLE POLICE DEPT,20200477150,Davidson,Nashville,7/22/2020 11:22:00 AM,2,0,0,36.163050,-86.853160,PENNSYLVANIA AV,,,,0.00,,,54TH AVN,,,,0.00,Y,Four-Way, ,Intersection,None,,,         ,Curtis,Rich,Rain,Angle,no,no,no,no,no,False
102746148,METROPOLITAN NASHVILLE POLICE DEPT,20200477106,Davidson,Nashville,7/22/2020 10:45:00 AM,2,0,0,36.210260,-86.878460,JENNIE BROWN LN,,,,0.00,,,STATE HWY 12,,,,0.00,Y,T-Intersection, ,Intersection,None,,,         ,Wesley,Young,Clear,Angle,no,no,no,no,no,False
102746154,METROPOLITAN NASHVILLE POLICE DEPT,20200477141,Davidson,Goodlettsville,7/22/2020 11:24:00 AM,2,2,0,36.303540,-86.692420,CONFERENCE DR,,,,134.00,Feet,South,THE SHOPPES AT RIVERGATE PVTDR,,,,0.00,N,Not at Intersection,N,Non-Junction,None,,,         ,William,Coy,Cloudy,Front to Rear,no,no,no,no,no,False
102746159,METROPOLITAN NASHVILLE POLICE DEPT,20200477218,Davidson,Nashville,7/22/2020 12:13:00 PM,2,0,0,36.145240,-86.667120,SHACKLETT DR,,,,111.00,Feet,West,DONELSON PKE,,,,0.00,N,Not at Intersection,N,"Driveway, Alley Access, etc",None,,,         ,Michael,Dance,Rain,"Sideswipe, Same Direction",no,no,no,no,yes,False
102746164,METROPOLITAN NASHVILLE POLICE DEPT,20200477196,Davidson,Nashville,7/22/2020 11:40:00 AM,2,1,0,36.074330,-86.921460,HIGHWAY 70S,,,,183.00,Feet,West,OLD HICKORY BLVD,,,,0.00,N,Not at Intersection,N,Non-Junction,None,,,         ,Benjamin,Cantrell,Cloudy,Angle,no,no,no,yes,no,False
102746169,METROPOLITAN NASHVILLE POLICE DEPT,20200477197,Davidson,Nashville,7/22/2020 12:02:00 PM,2,1,0,36.153790,-86.794410,17TH AVS,,,,0.00,,,WEST END AV,,,,0.00,Y,Four-Way,N,Intersection,None,,,         ,Nathan,Kemp,Clear,Angle,no,no,no,no,no,False
102746170,METROPOLITAN NASHVILLE POLICE DEPT,20200477231,Davidson,Nashville,7/22/2020 12:12:00 PM,2,0,0,36.152480,-86.802700,ELLISTON PL,,,,0.00,,,CHURCH ST,,,,0.00,Y,Four-Way,N,Intersection,None,,,         ,Nathan,Kemp,Clear,Angle,no,no,no,no,no,Campus
102746181,METROPOLITAN NASHVILLE POLICE DEPT,20200477139,Davidson,Nashville,7/22/2020 11:24:00 AM,2,0,0,36.044400,-86.647050,CROSSINGS PL,,,,0.00,,,CROSSINGS BLVD,,,,0.00,Y,T-Intersection,N,Intersection,None,,,         ,Alex,Moore,Clear,Angle,no,no,no,no,no,False
102746199,METROPOLITAN NASHVILLE POLICE DEPT,20200477259,Davidson,Nashville,7/22/2020 12:46:00 PM,2,0,0,36.197890,-86.690960,OPRY MILLS DR,,,,343.00,Feet,North,BRILEY PKWY S EXT RAMP,,,,0.00,N,Not at Intersection,N,Non-Junction,None,,,         ,Michael,Dance,Rain,HeadOn,no,no,no,no,yes,False
102746201,METROPOLITAN NASHVILLE POLICE DEPT,2020-0475232,Davidson,Nashville,7/21/2020 1:10:00 PM,2,0,0,36.079250,-86.727340,HARDING PL,,,,328.00,Feet,West,NOLENSVILLE PKE,,,,0.00,N,Not at Intersection, ,Non-Junction,None,,,         ,Sean,Williams,Clear,Front to Rear,no,no,no,no,no,False
102746202,METROPOLITAN NASHVILLE POLICE DEPT,20200477161,Davidson,Nashville,7/22/2020 11:39:00 AM,3,2,0,36.045430,-86.703610,OLD HICKORY BLVD,,,,0.00,,,EULALA DR,,,,0.00,Y,Four-Way,Y,Intersection,None,,,         ,Steven,Williams,Cloudy,Angle,no,no,no,no,no,False
102746204,METROPOLITAN NASHVILLE POLICE DEPT,20200477298,Davidson,Goodlettsville,7/22/2020 1:01:00 PM,2,0,0,36.306840,-86.694350,VIETNAM VETERANS BLVD NB ENT R,,,,0.00,,,CONFERENCE DR,,,,0.00,Y,T-Intersection, ,Entrance/Exit Ramp Related,None,,,         ,William,Coy,Cloudy,Front to Rear,no,no,no,no,no,False
102746220,METROPOLITAN NASHVILLE POLICE DEPT,20200477258,Davidson,Nashville,7/22/2020 12:44:00 PM,2,0,0,36.139300,-86.880270,CHARLOTTE PKE,,,,122.00,Feet,East,HILLWOOD BLVD,,,,0.00,N,Not at Intersection, ,Non-Junction,None,,,         ,Curtis,Rich,Rain,Angle,no,no,no,no,no,False