master_record_number,agency,agency_tracking_number,county,city,collision_date,vehicles_involved,number_injured,number_dead,latitude,longitude,roadway_name,roadway_suffix,roadway_number,roadway_local_id,distance_from_reference,miles-feet_indicator,direction_from_reference,intersection_road_name,intersection_road_name_suffix,intersection_road_number,intersection_local_id,mile_marker,intersection_indicator,intersect_type,interchange_related_indicator,relation_to_junction,work_zone_type,construction_maintenance_zone,construction_maintenance_zone_location,fatal_case_number,officer_first_name,officer_last_name,weather_condition(s),manner_of_crash,pedestrian,bicycle,scooter,parking,hitrun,mou
102749487,METROPOLITAN NASHVILLE POLICE DEPT,20200488546,Davidson,Nashville,7/28/2020 9:21:00 AM,2,1,0,36.228290,-86.811090,WHITES CREEK PKE,,,,1717.00,Feet,North,AUGUSTA DR,,,,0.00,N,Not at Intersection,N,Non-Junction,None,,,         ,Jeanine,Sarno,Clear,Front to Rear,no,no,no,no,no,False
102749498,METROPOLITAN NASHVILLE POLICE DEPT,20200488768,Davidson,Nashville,7/28/2020 11:50:00 AM,2,0,0,36.252060,-86.717590,GALLATIN PKES,,,,58.00,Feet,North,E WEBSTER ST,,,,0.00,N,Not at Intersection,N,Non-Junction,None,,,         ,Brian,Otto,Clear,Angle,no,no,no,no,no,False
102749499,METROPOLITAN NASHVILLE POLICE DEPT,20200488812,Davidson,Nashville,7/28/2020 12:22:00 PM,2,0,0,36.183500,-86.610760,OLD HICKORY BLVD,,,,0.00,,,DODSON CHAPEL RD,,,,0.00,Y,Four-Way, ,,None,,,         ,Michael,Brooks,,,no,no,no,no,no,False
102749501,METROPOLITAN NASHVILLE POLICE DEPT,20200488794,Davidson,Nashville,7/28/2020 12:12:00 PM,2,0,0,36.144140,-86.768370,CHESTNUT ST,,,,393.00,Feet,East,MARTIN ST,,,,0.00,N,Not at Intersection, ,,None,,,         ,Nathan,Kemp,,,no,no,no,no,no,False
102749506,METROPOLITAN NASHVILLE POLICE DEPT,20200488834,Davidson,Nashville,7/28/2020 12:40:00 PM,2,0,0,36.209250,-86.778200,BRICK CHURCH PKE,,,,0.00,,,,,,,0.00,,,N,Non-Junction,None,,,         ,Wesley,Young,Clear,Angle,no,no,no,yes,yes,False
102749510,METROPOLITAN NASHVILLE POLICE DEPT,20200488556,Davidson,Nashville,7/28/2020 9:27:00 AM,1,1,0,36.080400,-86.717930,RECOVERY RD,,,,0.00,,,HARDING PL,,,,0.00,Y,Four-Way,N,Intersection,None,,,         ,Todd,Watson,Clear,Not Collision with Motor Vehicle in Transport,yes,no,no,no,yes,False
102749518,METROPOLITAN NASHVILLE POLICE DEPT,20200488836,Davidson,Nashville,7/28/2020 12:32:00 PM,2,0,0,36.195680,-86.621670,LEBANON PKE,,,,36.00,Feet,North,BONNASPRING DR,,,,0.00,N,Not at Intersection,N,Non-Junction,None,,,         ,Michael,Parman,Cloudy,Angle,no,no,no,no,no,False
102749524,METROPOLITAN NASHVILLE POLICE DEPT,20200488832,Davidson,Nashville,7/28/2020 12:30:00 PM,2,0,0,36.181320,-86.749420,GALLATIN AV,,,,0.00,,,MANSFIELD ST,,,,0.00,Y,T-Intersection, ,,None,,,         ,Doyle,Price,,,no,no,no,no,no,False
102749536,METROPOLITAN NASHVILLE POLICE DEPT,20200488806,Davidson,Nashville,7/28/2020 12:21:00 PM,2,0,0,36.148790,-86.865180,LELLYETT ST,,,,0.00,,,CHARLOTTE PKE,,,,0.00,Y,Four-Way, ,Intersection,None,,,         ,Phillip,Murphy,Clear,Angle,no,no,no,no,no,False
102749537,MOUNT JULIET POLICE DEPT,20030120,Davidson,Nashville,7/28/2020 12:21:00 PM,2,0,0,36.216840,-86.583180,LEBANON RD,,,,0.00,,,MATTERHORN DR,,,,0.00,Y,T-Intersection,N,Intersection,None,,,         ,Keith,Youmans,Cloudy,Angle,no,no,no,no,no,False
102749540,METROPOLITAN NASHVILLE POLICE DEPT,20200488764,Davidson,Nashville,7/28/2020 11:45:00 AM,2,1,0,36.192450,-86.762100,RICHARDSON AV,,,,0.00,,,N 5TH ST,,,,0.00,Y,OTHER,N,Intersection,None,,,         ,Douglas,Smith,Clear,Angle,no,no,no,no,no,False
102749547,METROPOLITAN NASHVILLE POLICE DEPT,20200488816,Davidson,Nashville,7/28/2020 12:25:00 PM,2,0,0,36.073760,-86.923210,OLD HARDING PKE,,,,14.00,Feet,East,OLD HARDING PKE RAMP,,,,0.00,N,Not at Intersection, ,Non-Junction,None,,,         ,Brandon,O'Guin,Clear,Angle,no,no,no,no,no,False
102749568,GOODLETTSVILLE POLICE DEPT,20-22950,Davidson,Goodlettsville,7/28/2020 12:30:00 PM,2,0,0,36.319280,-86.702600,I 65,,,,0.00,,,,,,,96.65,N,Not at Intersection, ,Non-Junction,None,,,         ,Brian,Hajdu,Cloudy,"Sideswipe, Same Direction",no,no,no,no,yes,False
102749577,METROPOLITAN NASHVILLE POLICE DEPT,20200488941,Davidson,Nashville,7/28/2020 12:15:00 PM,2,0,0,36.046830,-86.716720,HICKORY PLZ,,,,300.00,Feet,South,HICKORY TRACE DR PVTDR,,,,0.00,N,Not at Intersection,N,Non-Junction,None,,,         ,Savannah,Starbuck,Clear,Angle,no,no,no,yes,yes,False
102749580,METROPOLITAN NASHVILLE POLICE DEPT,20200488898,Davidson,Nashville,7/28/2020 1:19:00 PM,2,2,0,36.064790,-86.628480,MURFREESBORO PKE,,,,0.00,,,HAMILTON CHURCH RD,,,,0.00,Y,Four-Way,N,Intersection,None,,,         ,Joe,Hooper,Clear,Front to Rear,no,no,no,no,no,False
102749600,GOODLETTSVILLE POLICE DEPT,20-22954,Davidson,Goodlettsville,7/28/2020 2:40:00 PM,2,1,0,36.306830,-86.694380,VIETNAM VETERANS BLVD NB EXT R,,,,0.00,,,CONFERENCE DR,,,,0.00,Y,T-Intersection,Y,Entrance/Exit Ramp Related,None,,,         ,Brian,Hajdu,Cloudy,Front to Rear,no,no,no,no,no,False
102749602,METROPOLITAN NASHVILLE POLICE DEPT,20200489063,Davidson,Nashville,7/28/2020 3:05:00 PM,3,0,0,35.990080,-86.626210,BURKITT RD,,,,4.00,Feet,East,BATTLE RD,,,,0.00,N,Not at Intersection,N,Non-Junction,None,,,         ,Edward,Starke,Clear,Front to Rear,no,no,no,no,no,False
102749615,METROPOLITAN NASHVILLE POLICE DEPT,20200489051,Davidson,Nashville,7/28/2020 2:55:00 PM,2,0,0,36.150150,-86.857950,CHARLOTTE PKE,,,,0.00,Feet,,WHITE BRIDGE PKE,,,,0.00,Y,Four-Way, ,Intersection,None,,,         ,Jared,Dick,Clear,Angle,no,no,no,no,no,False
102749618,METROPOLITAN NASHVILLE POLICE DEPT,20200489098,Davidson,Nashville,7/28/2020 3:24:00 PM,2,0,0,36.135080,-86.779020,8TH AVS,,,,291.00,Feet,North,WEDGEWOOD AV,,,,0.00,N,Not at Intersection, ,Non-Junction,None,,,         ,Douglas,Sykes,Clear,Front to Rear,no,no,no,no,no,False
102749628,METROPOLITAN NASHVILLE POLICE DEPT,20200489089,Davidson,Nashville,7/28/2020 3:19:00 PM,2,2,0,36.069300,-86.693960,APACHE TRL,,,,98.00,Feet,South,HAYWOOD LN,,,,0.00,N,Not at Intersection,N,Non-Junction,None,,,         ,Thomas,Parsons,Clear,Angle,no,no,no,no,no,False
102749640,METROPOLITAN NASHVILLE POLICE DEPT,20200489071,Davidson,Nashville,7/28/2020 3:12:00 PM,2,0,0,36.150070,-86.858330,CHARLOTTE PKE,,,,115.00,Feet,West,WHITE BRIDGE PKE,,,,0.00,N,Not at Intersection,N,Non-Junction,None,,,         ,Jeremy,Huffine,Clear,Front to Rear,no,no,no,no,yes,False
102749665,METROPOLITAN NASHVILLE POLICE DEPT,20200489203,Davidson,Nashville,7/28/2020 4:15:00 PM,2,0,0,36.072590,-86.691920,I 24,,,,0.00,,,,,,,56.75,N,Not at Intersection,N,Non-Junction,None,,,         ,Edward,Starke,Rain,Front to Rear,no,no,no,no,yes,False
102749670,METROPOLITAN NASHVILLE POLICE DEPT,20200489230,Davidson,Nashville,7/28/2020 4:30:00 PM,2,0,0,36.117060,-86.882510,DAVIDSON RD,,,,0.00,,,BROWNLEE DR,,,,0.00,Y,Four-Way, ,Non-Junction,None,,,         ,Jared,Dick,Clear,Angle,no,no,no,no,no,False
102749674,METROPOLITAN NASHVILLE POLICE DEPT,20200489195,Davidson,Not in City Limit,7/28/2020 3:50:00 PM,2,0,0,36.261240,-86.712530,GALLATIN PKES,,,,0.00,Feet,East,MAPLE ST,,,,0.00,N,Not at Intersection,N,Non-Junction,None,,,         ,Joshua,Goepper,Clear,HeadOn,no,no,no,no,yes,False
102749676,METROPOLITAN NASHVILLE POLICE DEPT,20200489058,Davidson,Madison,7/28/2020 2:50:00 PM,2,0,0,36.266950,-86.710900,GALLATIN PKEN,,,,14.00,Feet,North,DUPONT AV,,,,0.00,N,Not at Intersection,N,Non-Junction,None,,,         ,Kelly,Turcios,Clear,Angle,no,no,no,no,yes,False
102749684,METROPOLITAN NASHVILLE POLICE DEPT,20200489067,Davidson,Nashville,7/28/2020 3:08:00 PM,2,0,0,36.221710,-86.782470,BRICK CHURCH PKE,,,,645.00,Feet,North,FERNCO DR,,,,0.00,N,Not at Intersection, ,Non-Junction,None,,,         ,Blake,McKay,Clear,Angle,no,no,no,no,no,False
102749685,METROPOLITAN NASHVILLE POLICE DEPT,20200489266,Davidson,Nashville,7/28/2020 5:00:00 PM,3,0,0,36.045480,-86.647290,MT VIEW RD,,,,0.00,Feet,,CROSSINGS BLVD,,,,0.00,Y,Four-Way,Y,Intersection-Related,None,,,         ,Joel,Bennett,Rain,Angle,no,no,no,no,no,False
102749687,METROPOLITAN NASHVILLE POLICE DEPT,20200489229,Davidson,Nashville,7/28/2020 4:34:00 PM,2,0,0,36.122450,-86.750910,NOLENSVILLE PKE,,,,145.00,Feet,South,I440 E ENT RAMP,,,,0.00,N,Not at Intersection, ,Non-Junction,None,,,         ,Steffani,Dahlstrom,Clear,"Sideswipe, Same Direction",no,no,no,no,no,False
102749703,METROPOLITAN NASHVILLE POLICE DEPT,20200489306,Davidson,Nashville,7/28/2020 12:00:00 AM,2,1,0,36.157950,-86.759880,I 24,,,,0.00,,,,,,,49.60,N,Not at Intersection, ,Non-Junction,None,,,         ,Trevor,Taylor,Cloudy,Front to Rear,no,no,no,no,yes,False
102749710,METROPOLITAN NASHVILLE POLICE DEPT,20200489390,Davidson,Nashville,7/28/2020 6:15:00 PM,2,1,0,36.153790,-86.755480,HERMITAGE AV,,,,178.00,Feet,East,FAIRFIELD AV,,,,0.00,N,Not at Intersection,N,Non-Junction,None,,,         ,Reagan,Heath,Rain,Angle,no,no,no,no,yes,False
102749712,METROPOLITAN NASHVILLE POLICE DEPT,20200489383,Davidson,Nashville,7/28/2020 5:51:00 PM,2,0,0,36.047840,-86.612050,MURFREESBORO PKE,,,,1284.00,Feet,North,MOUNTAIN SPRINGS RD,,,,0.00,N,Not at Intersection,N,Non-Junction,None,,,         ,Joel,Bennett,Clear,Angle,no,no,no,no,yes,False
102749714,METROPOLITAN NASHVILLE POLICE DEPT,20200489392,Davidson,Not in City Limit,7/28/2020 6:35:00 PM,2,0,0,36.089500,-86.934930,SAWYER BROWN RD,,,,82.00,Feet,North,MEADOW LANE DR,,,,0.00,N,Not at Intersection, ,Non-Junction,None,,,         ,Jared,Dick,Clear,Front to Rear,no,no,no,no,no,False
102749718,METROPOLITAN NASHVILLE POLICE DEPT,20200489354,Davidson,Nashville,7/28/2020 5:52:00 PM,1,0,0,36.188890,-86.607260,ANDREW JACKSON PKWY,,,,373.00,Feet,North,OLD LEBANON DIRT RD,,,,0.00,N,Not at Intersection,N,Non-Junction,None,,,         ,Destiny,Zunic,Rain,Not Collision with Motor Vehicle in Transport,no,no,no,no,no,False
102749724,METROPOLITAN NASHVILLE POLICE DEPT,20200488942,Davidson,Nashville,7/28/2020 1:42:00 PM,2,3,0,36.059650,-86.622830,MURFREESBORO PKE,,,,1589.00,Feet,South,HAMILTON GLEN PL,,,,0.00,N,Not at Intersection,N,Non-Junction,None,,,         ,Cressie,Prill,Clear,Angle,no,no,no,no,no,False
102749734,METROPOLITAN NASHVILLE POLICE DEPT,20200489468,Davidson,Nashville,7/28/2020 7:07:00 PM,1,0,0,36.074460,-86.693580,LINBAR DR,,,,470.00,Feet,North,BAKERTOWN RD,,,,0.00,N,Not at Intersection,N,Non-Junction,None,,,         ,Thomas,Parsons,Rain,Not Collision with Motor Vehicle in Transport,no,no,no,no,yes,False
102749741,METROPOLITAN NASHVILLE POLICE DEPT,20200489503,Davidson,Nashville,7/28/2020 7:40:00 PM,1,0,0,36.239320,-86.776750,BRILEY PKWYW,,,,415.00,Feet,East,DOVERSIDE DR,,,,0.00,N,Not at Intersection, ,Non-Junction,None,,,         ,Joshua,Goepper,Rain,Not Collision with Motor Vehicle in Transport,no,no,no,no,no,False
102749742,METROPOLITAN NASHVILLE POLICE DEPT,20200489474,Davidson,Nashville,7/28/2020 7:17:00 PM,1,0,0,36.151820,-86.786750,I 40,,,,0.00,,,,,,,209.45,N,Not at Intersection,N,Non-Junction,None,,,         ,Ryan,Sherry,Rain,Not Collision with Motor Vehicle in Transport,no,no,no,no,no,False
102749748,METROPOLITAN NASHVILLE POLICE DEPT,20200489533,Davidson,Nashville,7/28/2020 5:20:00 PM,2,0,0,36.198440,-86.620270,LEBANON PKE,,,,0.00,Feet,West,OLD HICKORY BLVD,,,,0.00,N,Not at Intersection,N,Non-Junction,None,,,         ,Tyler,Hall,Rain,Front to Rear,no,no,no,no,yes,False
102749750,METROPOLITAN NASHVILLE POLICE DEPT,20200489435,Davidson,Nashville,7/25/2020 3:21:00 PM,2,0,0,36.149710,-86.778160,DIVISION ST,,,,161.00,Feet,West,7TH AVS,,,,0.00,N,Not at Intersection,N,Non-Junction,None,,,         ,Philip,Claibourne,Clear,Rear to Side,no,no,no,yes,yes,False
102749753,METROPOLITAN NASHVILLE POLICE DEPT,20200489449,Davidson,Nashville,7/28/2020 5:58:00 PM,2,0,0,36.135910,-86.725210,MURFREESBORO PKE,,,,55.00,Feet,East,MURFREESBORO PKE EXT RAMP,,,,0.00,N,Not at Intersection, ,,None,,,         ,Joel,Bennett,,,no,no,no,no,no,False
102749754,METROPOLITAN NASHVILLE POLICE DEPT,20200489495,Davidson,Nashville,7/28/2020 7:34:00 PM,2,0,0,36.152000,-86.852140,MORROW RD,,,,149.00,Feet,North,CHARLOTTE AV,,,,0.00,N,Not at Intersection, ,,None,,,         ,Je-Marc,Sears,,,no,no,no,no,no,False
102749763,METROPOLITAN NASHVILLE POLICE DEPT,20200489542,Davidson,Nashville,7/28/2020 8:12:00 PM,2,1,0,36.071870,-86.636180,MURFREESBORO PKE,,,,0.00,,,BELL RD,,,,0.00,Y,Four-Way,N,Intersection,None,,,         ,Cooper,HIll,Rain,Front to Rear,no,no,no,no,no,False
102749764,METROPOLITAN NASHVILLE POLICE DEPT,20200489328,Davidson,Not in City Limit,7/28/2020 12:00:00 AM,3,2,0,36.098040,-86.935910,I 40,,,,0.00,,,,,,,198.00,N,Not at Intersection,N,Non-Junction,None,,,         ,McKenzie,Harper,Rain,"Sideswipe, Same Direction",no,no,no,no,no,False
102749768,METROPOLITAN NASHVILLE POLICE DEPT,20200489549,Davidson,Nashville,7/28/2020 7:35:00 PM,2,0,0,36.163810,-86.776380,2ND AVE N,,,,212.00,Feet,North,COMMERCE ST,,,,0.00,N,Not at Intersection,N,Non-Junction,None,,,         ,Brent,Morris,Rain,"Sideswipe, Same Direction",no,no,no,no,no,False
102749770,METROPOLITAN NASHVILLE POLICE DEPT,20200489530,Davidson,Nashville,7/28/2020 8:00:00 PM,3,0,0,36.083420,-86.698660,I24 E ENT RAMP,,,,0.00,Feet,East,I 24,,,,0.00,N,Not at Intersection,N,Non-Junction,None,,,         ,Edward,Starke,Rain,Angle,no,no,no,no,yes,False
102749772,METROPOLITAN NASHVILLE POLICE DEPT,20200489590,Davidson,Nashville,7/28/2020 12:00:00 AM,2,0,0,36.153270,-86.769560,2ND AVS,,,,0.00,,,ASH ST,,,,0.00,Y,T-Intersection, ,Intersection,None,,,         ,Trevor,Taylor,Rain,Angle,no,no,no,no,yes,False
102749778,METROPOLITAN NASHVILLE POLICE DEPT,20200489453,Davidson,Nashville,7/28/2020 7:05:00 PM,2,2,0,36.040680,-86.779780,OLD HICKORY BLVD,,,,144.00,Feet,West,STONE BROOK DR,,,,0.00,N,Not at Intersection,N,Non-Junction,None,,,         ,Nicholas,Carroll,Rain,Front to Rear,no,no,no,no,no,False
102749779,METROPOLITAN NASHVILLE POLICE DEPT,20200489565,Davidson,Nashville,7/28/2020 8:30:00 PM,1,0,0,36.148450,-86.809260,25TH AVE N,,,,238.00,Feet,South,BRANDAU PL,,,,0.00,N,Not at Intersection, ,Non-Junction,None,,,         ,Goran,Manojlovic,Rain,Not Collision with Motor Vehicle in Transport,no,no,no,no,no,Campus
102749792,METROPOLITAN NASHVILLE POLICE DEPT,20200489319,Davidson,Nashville,7/28/2020 5:00:00 PM,3,0,0,36.225560,-86.603300,CHASE BLVD,,,,0.00,,,SHUTE LN,,,,0.00,Y,T-Intersection,N,Intersection,None,,,         ,Zachary,Aldrich,Rain,Front to Rear,no,no,no,no,no,False
102749800,METROPOLITAN NASHVILLE POLICE DEPT,20200489523,Davidson,Nashville,7/28/2020 7:56:00 PM,4,0,0,36.176940,-86.754670,MAIN ST,,,,275.00,Feet,East,MCFERRIN AV,,,,0.00,N,Not at Intersection,N,Non-Junction,None,,,         ,Marc,Kozen,Rain,"Sideswipe, Opposite Direction",no,no,no,no,yes,False
102749801,METROPOLITAN NASHVILLE POLICE DEPT,20200489658,Davidson,Nashville,7/28/2020 9:40:00 PM,1,0,0,36.205020,-86.775400,I65 N EXT RAMP,,,,71.00,Feet,North,I 65,,,,0.00,N,Not at Intersection, ,Non-Junction,None,,,         ,Tyler,Manivong,Rain,Not Collision with Motor Vehicle in Transport,no,no,no,no,no,False
102749802,METROPOLITAN NASHVILLE POLICE DEPT,20200489623,Davidson,Nashville,7/28/2020 8:52:00 PM,1,0,0,36.141260,-86.733570,I 40,,,,0.00,,,,,,,212.90,N,Not at Intersection,N,Non-Junction,None,,,         ,Peter,Kinsey,Rain,Not Collision with Motor Vehicle in Transport,no,no,no,no,no,False
102749808,METROPOLITAN NASHVILLE POLICE DEPT,20200489444,Davidson,Nashville,7/28/2020 6:57:00 PM,1,0,0,36.250950,-86.740840,I 65,,,,0.00,,,,,,,91.30,N,Not at Intersection,N,Non-Junction,None,,,         ,Christopher,Littles,Rain,Not Collision with Motor Vehicle in Transport,no,no,no,no,no,False
102749809,METROPOLITAN NASHVILLE POLICE DEPT,20200489496,Davidson,Nashville,7/28/2020 7:30:00 PM,2,0,0,36.249190,-86.734460,DUE WEST AVW,,,,0.00,,,S GRAYCROFT AV,,,,0.00,Y,Four-Way,N,Intersection,None,,,         ,Christopher,Littles,Rain,"Sideswipe, Opposite Direction",no,no,no,no,yes,False
102749810,METROPOLITAN NASHVILLE POLICE DEPT,20200489497,Davidson,Nashville,7/28/2020 7:29:00 PM,2,0,0,36.248540,-86.728150,DUE WEST AVW,,,,141.00,Feet,East,SAUNDERS AV,,,,0.00,N,Not at Intersection,N,Non-Junction,None,,,         ,Christopher,Littles,Rain,Front to Rear,no,no,no,no,yes,False
102749811,METROPOLITAN NASHVILLE POLICE DEPT,20200489555,Davidson,Nashville,7/28/2020 8:26:00 PM,2,0,0,36.068710,-86.690880,I24 E ENT RAMP,,,,0.00,,,I 24,,,,0.00,Y,OTHER,N,Entrance/Exit Ramp Related,None,,,         ,John,Jones,Rain,"Sideswipe, Same Direction",no,no,no,no,no,False
102749812,METROPOLITAN NASHVILLE POLICE DEPT,20200489404,Davidson,Nashville,7/28/2020 4:57:00 PM,2,0,0,36.226310,-86.603190,SAUNDERSVILLE RD,,,,0.00,,,SHUTE LN,,,,0.00,Y,T-Intersection, ,Intersection,None,,,         ,Zachary,Aldrich,Rain,"Sideswipe, Same Direction",no,no,no,no,no,False
102749817,METROPOLITAN NASHVILLE POLICE DEPT,20200489550,Davidson,Nashville,7/28/2020 7:59:00 PM,2,0,0,36.185210,-86.760300,CLEVELAND ST,,,,0.00,,,ELLINGTON PKWY S EXT RAMP,,,,0.00,Y,T-Intersection,N,Intersection,None,,,         ,Marc,Kozen,Rain,"Sideswipe, Opposite Direction",no,no,no,no,yes,False
102749823,METROPOLITAN NASHVILLE POLICE DEPT,20200489669,Davidson,Not in City Limit,7/28/2020 9:52:00 PM,2,1,0,36.259250,-86.738280,I 65,,,,0.00,,,,,,,91.90,N,Not at Intersection,N,Non-Junction,None,,,         ,Joshua,Goepper,Clear,Front to Rear,no,no,no,no,no,False
102749828,METROPOLITAN NASHVILLE POLICE DEPT,20200489514,Davidson,Nashville,7/28/2020 7:48:00 PM,1,0,0,36.115020,-86.705960,BRILEY PKWYS,,,,436.00,Feet,South,BRILEY PKWYN,,,,0.00,N,Not at Intersection,N,Non-Junction,None,,,         ,Joel,Bennett,Rain,Not Collision with Motor Vehicle in Transport,no,no,no,no,no,False
102749847,METROPOLITAN NASHVILLE POLICE DEPT,2020-0489482,Davidson,Nashville,7/28/2020 7:20:00 PM,2,0,0,36.244030,-86.756560,DICKERSON PKE,,,,50.00,Feet,North,SKYLINE MEMORIAL CT,,,,0.00,N,Not at Intersection,N,Non-Junction,None,,,         ,Arthur,Hipp,Rain,"Sideswipe, Same Direction",no,no,no,no,yes,False
102749854,METROPOLITAN NASHVILLE POLICE DEPT,20200489803,Davidson,Antioch,7/28/2020 11:35:00 PM,2,0,0,36.054047,-86.618475,MURFREESBORO,PLN,US3401,,0.00,,,MURFREESBORO PKE,,US,,0.00,Y,Four-Way, ,Intersection,None,,,         ,Theodore,Meskers,Clear,Front to Rear,no,no,no,no,no,False
102749856,METROPOLITAN NASHVILLE POLICE DEPT,20200489732,Davidson,Nashville,7/28/2020 12:00:00 AM,2,0,0,36.180760,-86.760080,NEILL AV,,,,9.00,Feet,North,MARINA ST,,,,0.00,N,Not at Intersection,N,Non-Junction,None,,,         ,Shaquille,Graham,Unknown,Unknown,no,no,no,no,yes,False
102749946,METROPOLITAN NASHVILLE POLICE DEPT,20200486027,Davidson,Nashville,7/27/2020 3:06:00 AM,2,1,1,36.141370,-86.663930,I40 W EXT RAMP,,,,0.00,Feet,East,I 40,,,,0.00,N,Not at Intersection,N,Entrance/Exit Ramp Related,None,,,20-0565  ,Donald,Davidson,Clear,Front to Rear,no,no,no,no,no,False
102749948,THP District 3 - Nashville,320043423,Davidson,Nashville,7/27/2020 12:02:00 PM,2,0,0,36.191620,-86.614410,HERMITAGE MARKETPLACE PVTDR,,,,296.00,Feet,North,OLD LEBANON DIRT RD,,,,0.00,N,Not at Intersection, ,Non-Junction,None,,,         ,Jason,Flatt,Clear,Angle,no,no,no,yes,no,False
102750155,Nashville Airport Police,2020-01883,Davidson,Nashville,7/25/2020 12:00:00 AM,2,0,0,36.112630,-86.670810,DONELSON PKE,,,,1084.00,Feet,North,KNAPP BLVD,,,,0.00,N,Not at Intersection,N,Non-Junction,None,,,         ,Daniel,DePinto,Clear,"Sideswipe, Same Direction",no,no,no,no,no,False
102750285,THP District 3 - Nashville,320042792,Davidson,Nashville,7/22/2020 6:22:00 PM,1,0,0,36.073230,-86.769370,I 65,,,,0.00,,,,,,,77.15,N,Not at Intersection,N,Non-Junction,None,,,         ,Charles,Spires,Rain,Not Collision with Motor Vehicle in Transport,yes,no,no,no,no,False
102750364,METROPOLITAN NASHVILLE POLICE DEPT,2020-0486409,Davidson,Nashville,7/27/2020 12:00:00 AM,2,0,0,36.142800,-86.744360,MURFREESBORO PKE,,,,0.00,,,FESSLERS LN,,,,0.00,Y,OTHER, ,,None,,,         ,Frank,Walker,,,no,no,no,no,no,False
102752350,VANDERBILT UNIVERSITY POLICE,20200487405,Davidson,Nashville,7/27/2020 6:25:00 PM,2,0,0,36.145060,-86.812360,WEST END AV,,,,0.00,,,28TH AVN,,,,0.00,Y,Four-Way, ,Intersection,None,,,         ,Robert,Gibson,Clear,Angle,no,no,no,no,no,Campus
102754974,METROPOLITAN NASHVILLE POLICE DEPT,20200507692,Davidson,Nashville,7/27/2020 8:00:00 PM,1,0,0,36.162800,-86.774670,DOWNTOWN GRNWY,,,,227.00,Feet,North,1ST AVN,,,,0.00,N,Not at Intersection, ,Non-Junction,None,,,         ,Alexander,Hartle,Clear,Not Collision with Motor Vehicle in Transport,no,no,no,no,no,False
102756122,VANDERBILT UNIVERSITY POLICE,200479204,Davidson,Nashville,7/23/2020 10:30:00 AM,2,0,0,36.140740,-86.800340,21ST AVS,,,,0.00,,,DIXIE PL,,,,0.00,Y,T-Intersection,Y,Intersection-Related,None,,,         ,Laresa,Gore,Clear,Angle,no,no,no,no,no,Campus
102749889,METROPOLITAN NASHVILLE POLICE DEPT,20200490279,Davidson,Nashville,7/29/2020 5:20:00 AM,2,0,0,36.150660,-86.749520,I 40,,,,0.00,,,,,,,211.60,N,Not at Intersection,N,Non-Junction,None,,,         ,Richard,Luellen,Clear,Front to Rear,no,no,no,no,yes,False
102749910,METROPOLITAN NASHVILLE POLICE DEPT,20200490298,Davidson,Nashville,7/29/2020 5:40:00 AM,2,0,0,36.199580,-86.776230,I 65,,,,0.00,,,,,,,86.85,N,Not at Intersection, ,,None,,,         ,Eric,Cunningham,,,no,no,no,no,no,False
102749918,METROPOLITAN NASHVILLE POLICE DEPT,20200490370,Davidson,Nashville,7/29/2020 6:19:00 AM,2,0,0,36.109210,-86.770170,I 65,,,,0.00,,,,,,,79.70,N,Not at Intersection, ,Non-Junction,None,,,         ,Nathan,Kemp,Clear,"Sideswipe, Same Direction",no,no,no,no,no,False
102749919,METROPOLITAN NASHVILLE POLICE DEPT,20200490362,Davidson,Nashville,7/29/2020 6:30:00 AM,2,0,0,36.150690,-86.767950,2ND AVS,,,,0.00,,,LAFAYETTE ST,,,,0.00,Y,Four-Way,N,Intersection,None,,,         ,Michael,Brooks,Clear,Front to Rear,no,no,no,no,no,False
102749921,METROPOLITAN NASHVILLE POLICE DEPT,20200490394,Davidson,Nashville,7/29/2020 6:20:00 AM,1,1,0,36.041600,-86.772740,HEALTH PARK DR,,,,350.00,Feet,North,OLD HICKORY BLVD,,,,0.00,N,Not at Intersection,N,Non-Junction,None,,,         ,Earl,Davis,Clear,Not Collision with Motor Vehicle in Transport,no,no,no,no,yes,False
102749937,METROPOLITAN NASHVILLE POLICE DEPT,20200490454,Davidson,Nashville,7/29/2020 7:43:00 AM,2,0,0,36.128910,-86.769370,SYCAMORE RD,,,,147.00,Feet,West,VINE HILL RD,,,,0.00,N,Not at Intersection, ,"Driveway, Alley Access, etc",None,,,         ,Nathan,Kemp,Clear,Angle,no,no,no,no,no,False
102749950,METROPOLITAN NASHVILLE POLICE DEPT,20200490365,Davidson,Nashville,7/29/2020 6:48:00 AM,3,0,0,36.222240,-86.774580,I 65,,,,0.00,,,,,,,88.45,N,Not at Intersection, ,Non-Junction,None,,,         ,Jeanine,Sarno,Clear,Front to Rear,no,no,no,no,no,False
102749951,METROPOLITAN NASHVILLE POLICE DEPT,20200490411,Davidson,Nashville,7/29/2020 6:58:00 AM,2,0,0,36.171430,-86.769040,INTERSTATE DR,,,,0.00,,,JAMES ROBERTSON PKWY,,,,0.00,Y,Four-Way, ,Intersection-Related,None,,,         ,Frank,Campbell,Clear,Front to Rear,no,no,no,no,no,False
102749952,METROPOLITAN NASHVILLE POLICE DEPT,20200490508,Davidson,Nashville,7/29/2020 8:20:00 AM,2,0,0,36.187890,-86.607280,OLD LEBANON DIRT RD,,,,0.00,,,CHANDLER RD,,,,0.00,Y,T-Intersection, ,Intersection,None,,,         ,Michael,Brooks,Clear,Front to Rear,no,no,no,no,no,False