master_record_number,agency,agency_tracking_number,county,city,collision_date,vehicles_involved,number_injured,number_dead,latitude,longitude,roadway_name,roadway_suffix,roadway_number,roadway_local_id,distance_from_reference,miles-feet_indicator,direction_from_reference,intersection_road_name,intersection_road_name_suffix,intersection_road_number,intersection_local_id,mile_marker,intersection_indicator,intersect_type,interchange_related_indicator,relation_to_junction,work_zone_type,construction_maintenance_zone,construction_maintenance_zone_location,fatal_case_number,officer_first_name,officer_last_name,weather_condition(s),manner_of_crash,pedestrian,bicycle,scooter,parking,hitrun,mou
102750632,METROPOLITAN NASHVILLE POLICE DEPT,20200492665,Davidson,Nashville,7/30/2020 8:05:00 AM,1,0,0,36.188670,-86.728980,GREENWOOD AV,,,,56.00,Feet,East,PORTER RD,,,,0.00,N,Not at Intersection, ,Non-Junction,None,,,         ,Jamel,Griffin,Clear,Not Collision with Motor Vehicle in Transport,no,no,no,yes,no,False
102750634,METROPOLITAN NASHVILLE POLICE DEPT,20200493117,Davidson,Nashville,7/30/2020 12:30:00 PM,1,0,0,36.151940,-86.849360,CHARLOTTE AV,,,,158.00,Feet,East,52ND AVN,,,,0.00,N,Not at Intersection,N,Non-Junction,None,,,         ,Phillip,Murphy,Cloudy,Not Collision with Motor Vehicle in Transport,no,no,no,no,no,False
102750635,METROPOLITAN NASHVILLE POLICE DEPT,20200493181,Davidson,Nashville,7/30/2020 1:00:00 PM,1,1,0,36.151590,-86.852100,CHARLOTTE AV,,,,0.00,Feet,,MORROW RD,,,,0.00,Y,Four-Way,N,Intersection,None,,,         ,Brandon,O'Guin,Cloudy,Not Collision with Motor Vehicle in Transport,yes,no,no,no,no,False
102750637,METROPOLITAN NASHVILLE POLICE DEPT,20200493276,Davidson,Nashville,7/30/2020 1:48:00 PM,2,0,0,36.089180,-86.702380,I 24,,,,0.00,,,,,,,55.45,N,Not at Intersection,N,Non-Junction,None,,,         ,Robert,Higgins,Clear,Angle,no,no,no,no,yes,False
102750640,METROPOLITAN NASHVILLE POLICE DEPT,20200493043,Davidson,Nashville,7/30/2020 11:49:00 AM,2,0,0,36.054340,-86.658390,MT VIEW RD,,,,0.00,,,HICKORY HOLLOW MALL PVTDR PL,,,,0.00,Y,T-Intersection, ,Intersection-Related,None,,,         ,Joe,Hooper,Cloudy,Other,no,no,no,no,no,False
102750660,METROPOLITAN NASHVILLE POLICE DEPT,20200493292,Davidson,Nashville,7/30/2020 2:00:00 PM,2,1,0,36.151890,-86.850530,CHARLOTTE AV,,,,186.00,Feet,West,52ND AVN,,,,0.00,N,Not at Intersection,N,Non-Junction,None,,,         ,Curtis,Rich,Cloudy,Angle,no,no,no,no,no,False
102750695,METROPOLITAN NASHVILLE POLICE DEPT,20200493243,Davidson,Nashville,7/30/2020 1:31:00 PM,2,0,0,36.189530,-86.837690,HYDES FERRY RD,,,,0.00,,,COUNTY HOSPITAL RD,,,,0.00,Y,Four-Way,N,Intersection,None,,,         ,Royce,McLester,Clear,Angle,no,no,no,no,yes,False
102750712,METROPOLITAN NASHVILLE POLICE DEPT,20200493440,Davidson,Nashville,7/30/2020 3:04:00 PM,2,0,0,36.250970,-86.718330,GALLATIN PKES,,,,61.00,Feet,South,BRINK HAVEN AV,,,,0.00,N,Not at Intersection, ,Non-Junction,None,,,         ,Christopher,Littles,Cloudy,"Sideswipe, Same Direction",no,no,no,no,no,False
102750713,METROPOLITAN NASHVILLE POLICE DEPT,20200493455,Davidson,Nashville,7/30/2020 2:48:00 PM,2,0,0,36.166490,-86.805440,DR D B TODD JR BLVD,,,,72.00,Feet,North,ALBION ST,,,,0.00,N,Not at Intersection, ,,None,,,         ,Daniel,Kallman,,,no,no,no,no,no,False
102750717,METROPOLITAN NASHVILLE POLICE DEPT,20200493368,Davidson,Nashville,7/30/2020 2:48:00 PM,1,0,0,36.192050,-86.792900,VANTAGE WAY,,,,671.00,Feet,West,GREAT CIRCLE RD,,,,0.00,N,Not at Intersection,N,Non-Junction,None,,,         ,Jonathan,Sharp,Cloudy,Not Collision with Motor Vehicle in Transport,no,no,no,no,no,False
102750722,METROPOLITAN NASHVILLE POLICE DEPT,20200493435,Davidson,Nashville,7/30/2020 3:16:00 PM,2,0,0,36.111320,-86.724480,EAST THOMPSON LN,,,,375.00,Feet,West,I24 E EXT RAMP,,,,0.00,N,Not at Intersection,N,Non-Junction,None,,,         ,Andrew,Brazee,Clear,HeadOn,no,no,no,no,no,False
102750737,METROPOLITAN NASHVILLE POLICE DEPT,20200493388,Davidson,Nashville,7/30/2020 12:00:00 AM,2,0,0,36.169550,-86.600980,OLD HICKORY BLVD,,,,0.00,,,I40 E ENT RAMP,,,,0.00,Y,OTHER,N,Intersection,None,,,         ,Zaire,Murray,Cloudy,HeadOn,no,no,no,no,no,False
102750738,METROPOLITAN NASHVILLE POLICE DEPT,20200493382,Davidson,Nashville,7/30/2020 2:21:00 PM,2,0,0,36.065540,-86.629260,MURFREESBORO PKE,,,,96.00,Feet,South,HAMILTON CROSSINGS,,,,0.00,N,Not at Intersection,N,Non-Junction,None,,,         ,Joel,Bennett,Clear,Front to Rear,no,no,no,no,yes,False
102750739,METROPOLITAN NASHVILLE POLICE DEPT,20200493459,Davidson,Nashville,7/30/2020 3:30:00 PM,2,0,0,36.086210,-86.648250,MURFREESBORO PKE,,,,285.00,Feet,South,UNA ANTIOCH PKE,,,,0.00,N,Not at Intersection,N,Non-Junction,None,,,         ,Joel,Bennett,Clear,"Sideswipe, Same Direction",no,no,no,no,yes,False
102750740,METROPOLITAN NASHVILLE POLICE DEPT,20200493558,Davidson,Nashville,7/30/2020 4:25:00 PM,1,1,0,36.209860,-86.749270,ELLINGTON PKWYS,,,,2058.00,Feet,South,ELLINGTON PKWY S ENT RAMP,,,,0.00,N,Not at Intersection,N,Non-Junction,None,,,         ,Jeremy,Smith,Clear,Not Collision with Motor Vehicle in Transport,no,no,no,no,no,False
102750754,METROPOLITAN NASHVILLE POLICE DEPT,20200493501,Davidson,Nashville,7/30/2020 2:45:00 PM,2,0,0,36.180900,-86.749590,GALLATIN AV,,,,93.00,Feet,North,ORDWAY PL,,,,0.00,N,Not at Intersection, ,Non-Junction,None,,,         ,Kelsey,Hemminger,Rain,Front to Rear,no,no,no,no,no,False
102750756,METROPOLITAN NASHVILLE POLICE DEPT,20200493556,Davidson,Nashville,7/30/2020 4:18:00 PM,2,0,0,36.089620,-86.622140,RURAL HILL RD,,,,0.00,,,SMITH SPRINGS RD,,,,0.00,Y,T-Intersection,N,Intersection,None,,,         ,Steven,Powers,Cloudy,Angle,no,no,no,no,yes,False
102750757,METROPOLITAN NASHVILLE POLICE DEPT,20200493551,Davidson,Nashville,7/30/2020 12:00:00 AM,2,0,0,36.190530,-86.777490,I24 E ENT RAMP,,,,0.00,,,I 65,,,,0.00,Y,OTHER, ,Entrance/Exit Ramp Related,None,,,         ,Trevor,Taylor,Clear,"Sideswipe, Same Direction",no,no,no,no,yes,False
102750765,METROPOLITAN NASHVILLE POLICE DEPT,20200493606,Davidson,Nashville,7/30/2020 11:10:00 AM,2,0,0,36.143200,-86.685460,I 40,,,,0.00,,,,,,,215.55,N,Not at Intersection, ,Non-Junction,None,,,         ,Wayne,Helm,Unknown,"Sideswipe, Same Direction",no,no,no,no,yes,False
102750773,METROPOLITAN NASHVILLE POLICE DEPT,20200493447,Davidson,Nashville,7/30/2020 2:32:00 PM,2,0,0,36.066880,-86.599780,MT VIEW RD,,,,10.00,Feet,West,TRU LONG DR,,,,0.00,N,Not at Intersection,N,Non-Junction,None,,,         ,Edward,Starke,Clear,"Sideswipe, Same Direction",no,no,no,no,no,False
102750780,METROPOLITAN NASHVILLE POLICE DEPT,20200493540,Davidson,Nashville,7/30/2020 4:19:00 PM,2,0,0,36.206270,-86.773480,W TRINITY LN,,,,0.00,,,I65 N ENT RAMP,,,,0.00,Y,T-Intersection,N,Intersection,None,,,         ,Marc,Kozen,Clear,"Sideswipe, Opposite Direction",no,no,no,no,no,False
102750782,METROPOLITAN NASHVILLE POLICE DEPT,20200493605,Davidson,Old Hickory,7/30/2020 4:28:00 PM,2,1,0,36.256240,-86.654560,ROBINSON RD,,,,221.00,Feet,West,MERRITT ST,,,,0.00,N,Not at Intersection,N,Non-Junction,None,,,         ,Brandon,Chapman,Clear,Front to Rear,no,no,no,no,no,False
102750788,METROPOLITAN NASHVILLE POLICE DEPT,20200493676,Davidson,Nashville,7/30/2020 5:15:00 PM,2,0,0,36.163360,-86.761830,I24 W EXT RAMP,,,,0.00,Feet,East,I 24,,,,0.00,N,Not at Intersection,N,Non-Junction,None,,,         ,Christopher,Beery,Clear,Front to Rear,no,no,no,no,no,False
102750796,METROPOLITAN NASHVILLE POLICE DEPT,20200493689,Davidson,Nashville,7/30/2020 12:00:00 AM,1,0,0,36.128770,-86.693890,AIRWAYS BLVD,,,,0.00,,,BRILEY PKWY N ENT RAMP,,,,0.00,Y,OTHER,N,Entrance/Exit Ramp Related,None,,,         ,Steven,Powers,Clear,Not Collision with Motor Vehicle in Transport,no,no,no,no,yes,False
102750797,METROPOLITAN NASHVILLE POLICE DEPT,20200493543,Davidson,Antioch,7/30/2020 4:24:00 PM,2,0,0,36.015290,-86.620750,I24 W ENT RAMP,,,,0.00,Feet,East,I 24,,,,0.00,N,Not at Intersection, ,Entrance/Exit Ramp Related,None,,,         ,Christopher,Augustin,Clear,Front to Rear,no,no,no,no,no,False
102750813,METROPOLITAN NASHVILLE POLICE DEPT,20200493553,Davidson,Nashville,7/30/2020 3:22:00 PM,2,1,0,36.121450,-86.704370,MURFREESBORO PKE,,,,192.00,Feet,South,KERMIT DR,,,,0.00,N,Not at Intersection,N,Non-Junction,None,,,         ,Joel,Bennett,Clear,Front to Rear,no,no,no,no,no,False
102750814,METROPOLITAN NASHVILLE POLICE DEPT,20200493524,Davidson,Nashville,7/30/2020 3:55:00 PM,2,0,0,36.045660,-86.658560,RAMP,,,,0.00,,,I 24,,,,0.00,Y,Four-Way,Y,Entrance/Exit Ramp Related,None,,,         ,Bradley,Nave,Cloudy,Angle,no,no,no,no,yes,False
102750817,METROPOLITAN NASHVILLE POLICE DEPT,20200493740,Davidson,Nashville,7/30/2020 6:07:00 PM,2,0,0,36.015860,-86.620120,OLD HICKORY BLVD,,,,114.00,Feet,North,I24 W ENT RAMP,,,,0.00,N,Not at Intersection, ,Non-Junction,None,,,         ,Edward,Starke,Clear,"Sideswipe, Opposite Direction",no,no,no,no,no,False
102750818,METROPOLITAN NASHVILLE POLICE DEPT,20200493589,Davidson,Not in City Limit,7/29/2020 5:00:00 PM,2,0,0,36.318250,-86.888960,CLARKSVILLE PKE,,,,106.00,Feet,West,CHAMBLISS RD,,,,0.00,N,Not at Intersection,N,Non-Junction,None,,,         ,Jonathan,Sharp,Clear,Not Collision with Motor Vehicle in Transport,no,no,no,no,yes,False
102750823,METROPOLITAN NASHVILLE POLICE DEPT,20200493485,Davidson,Nashville,7/30/2020 3:45:00 PM,2,2,0,36.154210,-86.801440,20TH AVE N,,,,55.00,Feet,South,STATE ST,,,,0.00,N,Not at Intersection,N,Non-Junction,None,,,         ,Samuel,Sundra,Clear,Front to Rear,no,no,no,no,yes,False
102750829,METROPOLITAN NASHVILLE POLICE DEPT,20200493809,Davidson,Nashville,7/30/2020 6:46:00 PM,2,0,0,36.044300,-86.713140,NOLENSVILLE PKE,,,,22.00,Feet,North,BRENTWOOD EAST DR,,,,0.00,N,Not at Intersection, ,Non-Junction,None,,,         ,John,McDonnell,Clear,Front to Rear,no,no,no,no,no,False
102750830,METROPOLITAN NASHVILLE POLICE DEPT,20200493800,Davidson,Nashville,7/30/2020 6:42:00 PM,1,0,0,36.238210,-86.781580,BRILEY PKWYE,,,,195.00,Feet,West,BRICK CHURCH PKE,,,,0.00,N,Not at Intersection, ,Non-Junction,None,,,         ,Christopher,Littles,Cloudy,Not Collision with Motor Vehicle in Transport,no,no,no,no,no,False
102750838,METROPOLITAN NASHVILLE POLICE DEPT,20200493518,Davidson,Nashville,7/30/2020 4:07:00 PM,2,0,0,36.037960,-86.713090,NOLENSVILLE PKE,,,,164.00,Feet,South,SHADOW GLEN DR,,,,0.00,N,Not at Intersection, ,Non-Junction,None,,,         ,Brandon,Hughes,Clear,Angle,no,no,no,no,no,False
102750849,METROPOLITAN NASHVILLE POLICE DEPT,20200493703,Davidson,Nashville,7/30/2020 5:19:00 PM,2,1,0,36.200320,-86.618600,LEBANON PKE,,,,0.00,,,HERMITAGE RD,,,,0.00,Y,T-Intersection,Y,Intersection,None,,,         ,Jarrett,Ipox,Clear,Angle,no,no,no,no,no,False
102750861,METROPOLITAN NASHVILLE POLICE DEPT,20200493818,Davidson,Not in City Limit,7/30/2020 7:05:00 PM,2,3,0,36.270530,-86.759720,OLD HICKORY BLVD,,,,698.00,Feet,East,MARYDALE DR,,,,0.00,N,Not at Intersection,N,Non-Junction,None,,,         ,Zachary,Scott,Cloudy,Angle,no,no,no,no,no,False
102750872,METROPOLITAN NASHVILLE POLICE DEPT,20200493978,Davidson,Nashville,7/30/2020 8:38:00 PM,2,2,0,36.206300,-86.773540,W TRINITY LN,,,,0.00,,,I65 N ENT RAMP,,,,0.00,Y,T-Intersection,N,Intersection,None,,,         ,Jeremy,Smith,Rain,Front to Rear,no,no,no,no,no,False
102750881,METROPOLITAN NASHVILLE POLICE DEPT,20200493627,Davidson,Nashville,7/30/2020 5:07:00 PM,2,0,0,36.035370,-86.743510,EDMONDSON PKE,,,,351.00,Feet,North,FRONTIER LN,,,,0.00,N,Not at Intersection, ,Non-Junction,None,,,         ,Brandon,Hughes,Cloudy,Front to Rear,no,no,no,no,no,False
102750885,METROPOLITAN NASHVILLE POLICE DEPT,20200494030,Davidson,Nashville,7/30/2020 8:35:00 PM,2,0,0,36.142000,-86.735060,I 40,,,,0.00,,,,,,,212.80,N,Not at Intersection,N,Non-Junction,None,,,         ,Adam,Warren,Rain,"Sideswipe, Same Direction",no,no,no,no,yes,False
102750901,METROPOLITAN NASHVILLE POLICE DEPT,20200494068,Davidson,Not in City Limit,7/30/2020 9:36:00 PM,1,1,0,36.273500,-86.912770,LITTLE MARROWBONE RD,,,,1992.00,Feet,West,BEAMAN PARK PVTDR,,,,0.00,N,Not at Intersection,N,Non-Junction,None,,,         ,Chad,Connors,Cloudy,Not Collision with Motor Vehicle in Transport,no,no,no,no,no,False
102750904,METROPOLITAN NASHVILLE POLICE DEPT,20200494071,Davidson,Nashville,7/30/2020 12:00:00 AM,1,0,0,36.148060,-86.777860,I40 W ENT RAMP,,,,0.00,,,I 40,,,,0.00,Y,OTHER,N,Non-Junction,None,,,         ,Trevor,Taylor,Rain,Not Collision with Motor Vehicle in Transport,no,no,no,no,no,False
102750930,METROPOLITAN NASHVILLE POLICE DEPT,20200494100,Davidson,Nashville,7/30/2020 10:09:00 PM,2,2,0,36.153910,-86.788320,-- UNKNOWN RAMP/ROAD --,,,,0.00,Feet,East,I 40,,,,0.00,N,Not at Intersection,N,Non-Junction,None,,,         ,Samuel,Sundra,Rain,Front to Rear,no,no,no,no,no,False
102750951,METROPOLITAN NASHVILLE POLICE DEPT,2020-0494144,Davidson,Nashville,7/30/2020 12:00:00 AM,2,3,0,36.235350,-86.712350,BRILEY PKWYW,,,,541.00,Feet,West,BRILEY PKWYE,,,,0.00,N,Not at Intersection,Y,Non-Junction,None,,,         ,Joshua,McGarvey,Cloudy,Front to Rear,no,no,no,no,no,False
102750980,METROPOLITAN NASHVILLE POLICE DEPT,20200494535,Davidson,Nashville,7/31/2020 2:45:00 AM,2,0,0,36.113250,-86.723740,I 24,,,,0.00,,,,,,,53.40,N,Not at Intersection,N,Non-Junction,None,,,         ,Holly,Davis,Rain,Front to Rear,no,no,no,no,yes,False
102750998,METROPOLITAN NASHVILLE POLICE DEPT,20200494450,Davidson,Nashville,7/31/2020 1:34:00 AM,1,0,0,36.175970,-86.772150,I 24,,,,0.00,,,,,,,48.00,N,Not at Intersection,N,Non-Junction,None,,,         ,Kelcey,Bell,Rain,Not Collision with Motor Vehicle in Transport,no,no,no,no,yes,False
102751005,METROPOLITAN NASHVILLE POLICE DEPT,20200494462,Davidson,Nashville,7/31/2020 1:40:00 AM,2,1,0,36.103230,-86.666480,MURFREESBORO PKE,,,,0.00,,,FAIRCLOTH LN,,,,0.00,Y,Y-Intersection,N,Intersection,None,,,         ,Bridget,Griepentrog,Cloudy,Angle,no,no,no,no,no,False
102751019,METROPOLITAN NASHVILLE POLICE DEPT,20200494579,Davidson,Nashville,7/31/2020 3:13:00 AM,1,1,0,36.125660,-86.904610,I 40,,,,0.00,,,,,,,200.60,N,Not at Intersection,N,Non-Junction,None,,,         ,David,Moser,Rain,Not Collision with Motor Vehicle in Transport,no,no,no,no,no,False
102751020,METROPOLITAN NASHVILLE POLICE DEPT,20200494662,Davidson,Nashville,7/31/2020 4:51:00 AM,2,0,0,36.142350,-86.734980,I 40,,,,0.00,,,,,,,212.80,N,Not at Intersection,N,Non-Junction,None,,,         ,Jason,Kedzierski,Rain,"Sideswipe, Same Direction",no,no,no,no,no,False
102751038,METROPOLITAN NASHVILLE POLICE DEPT,20200494641,Davidson,Nashville,7/31/2020 4:33:00 AM,2,3,0,36.110270,-86.719860,BRILEY PKWYS,,,,85.00,Feet,West,BRILEY PKWY S ENT RAMP,,,,0.00,N,Not at Intersection,N,Non-Junction,None,,,         ,Teresah,Pinho,Cloudy,"Sideswipe, Same Direction",no,no,no,no,no,False
102751039,METROPOLITAN NASHVILLE POLICE DEPT,20200493322,Davidson,Not in City Limit,7/30/2020 2:10:00 PM,2,0,0,36.261240,-86.712530,GALLATIN PKES,,,,0.00,,,MAPLE ST,,,,0.00,Y,T-Intersection, ,,None,,,         ,Brian,Otto,,,no,no,no,no,no,False
102751042,METROPOLITAN NASHVILLE POLICE DEPT,20200494563,Davidson,Nashville,7/31/2020 3:05:00 AM,2,0,0,36.153640,-86.626190,PERCY PRIEST DR,,,,187.00,Feet,West,STEWARTS FERRY PKE,,,,0.00,N,Not at Intersection,N,Non-Junction,None,,,         ,Bridget,Griepentrog,Rain,Angle,no,no,no,no,no,False
102751059,METROPOLITAN NASHVILLE POLICE DEPT,20200494778,Davidson,Nashville,7/31/2020 5:55:00 AM,1,0,0,36.199480,-86.593610,CHANDLER RD,,,,477.00,Feet,West,TULIP GROVE RD,,,,0.00,N,Not at Intersection,N,Non-Junction,None,,,         ,Michael,Brooks,Unknown,Unknown,no,no,no,no,yes,False
102751071,METROPOLITAN NASHVILLE POLICE DEPT,20200492746,Davidson,Nashville,7/30/2020 8:50:00 AM,2,2,0,36.076220,-86.725290,NOLENSVILLE PKE,,,,329.00,Feet,South,WALLACE RD,,,,0.00,N,Not at Intersection, ,Non-Junction,None,,,         ,Tony,Folad,Cloudy,Front to Rear,no,no,no,no,yes,False
102751072,METROPOLITAN NASHVILLE POLICE DEPT,2020-0493308,Davidson,Nashville,7/30/2020 2:05:00 PM,2,0,0,36.151070,-86.750820,I 40,,,,0.00,,,,,,,211.55,N,Not at Intersection,N,Non-Junction,None,,,         ,Todd,Watson,Clear,Front to Rear,no,no,no,no,yes,False
102751076,METROPOLITAN NASHVILLE POLICE DEPT,20200493224,Davidson,Goodlettsville,7/30/2020 12:00:00 AM,5,1,0,36.292380,-86.733730,W CAMPBELL RD,,,,0.00,,,DICKERSON PKES,,,,0.00,Y,OTHER,N,Non-Junction,None,,,         ,Keenan,McCann,Cloudy,"Sideswipe, Same Direction",no,no,no,no,no,False
102751082,METROPOLITAN NASHVILLE POLICE DEPT,20200494776,Davidson,Nashville,7/31/2020 12:00:00 AM,1,0,0,36.117130,-86.726900,MASHBURN RD,,,,0.00,,,GLENROSE AV,,,,0.00,Y,T-Intersection,N,Non-Junction,None,,,         ,Brian,Sherman,Clear,Not Collision with Motor Vehicle in Transport,no,no,no,no,yes,False
102751089,VANDERBILT UNIVERSITY POLICE,200493241,Davidson,Nashville,7/30/2020 1:15:00 PM,1,0,0,36.139360,-86.802400,PIERCE AV,,,,0.00,,,,,,,0.00,,, ,Non-Junction,None,,,         ,Eugene,Kessler,Cloudy,Not Collision with Motor Vehicle in Transport,no,no,no,yes,no,Campus
102751094,METROPOLITAN NASHVILLE POLICE DEPT,20200494920,Davidson,Nashville,7/31/2020 8:20:00 AM,2,0,0,36.140910,-86.703580,LAURINDA DR,,,,0.00,Feet,,PAMELA DR,,,,0.00,Y,T-Intersection,N,Intersection,None,,,         ,Michael,Dance,Clear,Rear to Side,no,no,no,no,yes,False
102751110,METROPOLITAN NASHVILLE POLICE DEPT,20200494964,Davidson,Nashville,7/31/2020 8:55:00 AM,2,0,0,36.128510,-86.852870,WHITE BRIDGE PKE,,,,110.00,Feet,East,LIONS HEAD VILLAGE PVTDR,,,,0.00,N,Not at Intersection, ,Non-Junction,None,,,         ,Curtis,Rich,Clear,Angle,no,no,no,no,no,False
102751123,METROPOLITAN NASHVILLE POLICE DEPT,20200494961,Davidson,Nashville,7/31/2020 8:58:00 AM,2,0,0,36.191960,-86.781830,I 65,,,,0.00,,,,,,,86.20,N,Not at Intersection, ,,None,,,         ,Byron,Carter,,,no,no,no,no,no,False
102751128,METROPOLITAN NASHVILLE POLICE DEPT,20200495053,Davidson,Nashville,7/31/2020 9:22:00 AM,2,0,0,36.154450,-86.842040,DELAWARE AV,,,,86.00,Feet,East,46TH AVN,,,,0.00,N,Not at Intersection, ,,None,,,         ,Curtis,Rich,,,no,no,no,no,no,False
102751132,METROPOLITAN NASHVILLE POLICE DEPT,20200494914,Davidson,Nashville,7/31/2020 8:16:00 AM,2,2,0,36.195580,-86.775550,I 65,,,,0.00,,,,,,,86.55,N,Not at Intersection,N,Non-Junction,None,,,         ,Doyle,Price,Cloudy,"Sideswipe, Same Direction",no,no,no,no,yes,False
102751136,METROPOLITAN NASHVILLE POLICE DEPT,20200495037,Davidson,Nashville,7/31/2020 12:00:00 AM,2,0,0,36.141510,-86.815870,32ND AVS,,,,190.00,Feet,South,WEST END AV,,,,0.00,N,Not at Intersection, ,Non-Junction,None,,,         ,Michelle,Norris,Unknown,"Sideswipe, Same Direction",no,no,no,no,yes,Campus
102751137,METROPOLITAN NASHVILLE POLICE DEPT,20200495072,Davidson,Nashville,7/31/2020 9:45:00 AM,2,1,0,36.146380,-86.870390,CHARLOTTE PKE,,,,141.00,Feet,East,WESTBORO DR,,,,0.00,N,Not at Intersection,N,Non-Junction,None,,,         ,George,Spencer,Clear,Front to Rear,no,no,no,no,yes,False
102751138,VANDERBILT UNIVERSITY POLICE,200492974,Davidson,Nashville,7/30/2020 10:30:00 AM,1,0,0,36.140840,-86.801480,DIXIE PL,,,,0.00,,,MEDICAL CENTER DR,,,,0.00,,, ,Non-Junction,None,,,         ,Laresa,Gore,Rain,Not Collision with Motor Vehicle in Transport,no,no,no,yes,no,Campus
102751140,METROPOLITAN NASHVILLE POLICE DEPT,20200494857,Davidson,Nashville,7/31/2020 7:50:00 AM,1,0,0,36.199760,-86.829630,CURTIS ST,,,,218.00,Feet,North,SUMMITT AV,,,,0.00,N,Not at Intersection,N,Non-Junction,None,,,         ,James,Wray,Clear,Not Collision with Motor Vehicle in Transport,no,no,no,no,yes,False
102751143,METROPOLITAN NASHVILLE POLICE DEPT,20200493268,Davidson,Nashville,7/30/2020 1:44:00 PM,2,0,0,36.145670,-86.871250,CHARLOTTE PKE,,,,219.00,Feet,West,WESTBORO DR,,,,0.00,N,Not at Intersection, ,Non-Junction,None,,,         ,Darren,Key,Clear,Angle,no,no,no,no,no,False
102751157,METROPOLITAN NASHVILLE POLICE DEPT,20200495193,Davidson,Nashville,7/31/2020 11:07:00 AM,2,0,0,36.145590,-86.666690,DONELSON PKE,,,,133.00,Feet,North,SHACKLETT DR,,,,0.00,N,Not at Intersection, ,"Driveway, Alley Access, etc",None,,,         ,Michael,Dance,Cloudy,Angle,no,no,no,no,no,False
102751163,METROPOLITAN NASHVILLE POLICE DEPT,20200495131,Davidson,Nashville,7/31/2020 10:26:00 AM,2,0,0,36.148560,-86.805160,WEST END AV,,,,206.00,Feet,West,23RD AVN,,,,0.00,N,Not at Intersection,N,Non-Junction,Construction Zone,Laneclosure,Activity Area,         ,John,Roberson,Cloudy,Front to Rear,no,no,no,no,yes,Campus
102751168,METROPOLITAN NASHVILLE POLICE DEPT,20200495181,Davidson,Nashville,7/31/2020 10:55:00 AM,2,0,0,36.206310,-86.773560,I65 N ENT RAMP,,,,0.00,,,W TRINITY LN,,,,0.00,Y,T-Intersection, ,Intersection,None,,,         ,Brandon,Evans,Cloudy,Angle,no,no,no,no,no,False
102751192,METROPOLITAN NASHVILLE POLICE DEPT,20200495285,Davidson,Nashville,7/31/2020 12:02:00 PM,2,0,0,36.125040,-86.847550,HARDING PKE,,,,34.00,Feet,East,WHITE BRIDGE PKE,,,,0.00,N,Not at Intersection, ,Non-Junction,None,,,         ,Nadine,Klemenz,Cloudy,Front to Rear,no,no,no,no,no,False
102751193,METROPOLITAN NASHVILLE POLICE DEPT,20200495337,Davidson,Nashville,7/31/2020 12:35:00 PM,2,0,0,36.156670,-86.631040,I40 W EXT RAMP,,,,111.00,Feet,East,STEWARTS FERRY PKE,,,,0.00,N,Not at Intersection, ,Non-Junction,None,,,         ,Michael,Dance,Cloudy,Front to Rear,no,no,no,no,no,False
102751198,METROPOLITAN NASHVILLE POLICE DEPT,20200495316,Davidson,Nashville,7/31/2020 12:30:00 PM,2,0,0,36.203110,-86.776850,I 65,,,,0.00,,,,,,,87.10,N,Not at Intersection, ,Non-Junction,None,,,         ,Wesley,Young,Clear,Front to Rear,no,no,no,no,no,False
102751203,METROPOLITAN NASHVILLE POLICE DEPT,20200495317,Davidson,Nashville,7/31/2020 12:27:00 PM,2,0,0,36.150350,-86.800760,21ST AVS,,,,0.00,,,,,,,0.00,,,N,Non-Junction,None,,,         ,Melina,Tamborella,Cloudy,"Sideswipe, Same Direction",no,no,no,yes,yes,Campus
102751204,METROPOLITAN NASHVILLE POLICE DEPT,20200495286,Davidson,Nashville,7/31/2020 12:00:00 AM,2,0,0,36.120580,-86.917480,US HWY 70,,,,389.00,Feet,East,OLD CHARLOTTE PIKE,,,,0.00,N,Not at Intersection,N,Non-Junction,None,,,         ,Alexis,Pond,Unknown,"Sideswipe, Opposite Direction",no,no,no,yes,yes,False
102751206,METROPOLITAN NASHVILLE POLICE DEPT,20200495281,Davidson,Nashville,7/31/2020 11:51:00 AM,2,0,0,36.117410,-86.796370,GALE LN,,,,265.00,Feet,East,BELMONT BLVD,,,,0.00,N,Not at Intersection, ,Non-Junction,None,,,         ,Michelle,Norris,Clear,Angle,no,no,no,no,no,False
102751207,METROPOLITAN NASHVILLE POLICE DEPT,20200495109,Davidson,Not in City Limit,7/31/2020 10:18:00 AM,1,1,0,35.997880,-86.676330,PETTUS RD,,,,0.00,,,LENHAM RD,,,,0.00,Y,T-Intersection,N,Non-Junction,None,,,         ,Steven,Williams,Clear,Not Collision with Motor Vehicle in Transport,no,no,no,no,no,False
102751209,METROPOLITAN NASHVILLE POLICE DEPT,20200495324,Davidson,Nashville,7/31/2020 11:20:00 AM,2,0,0,36.106010,-86.764080,POWELL AV,,,,237.00,Feet,South,POWELL PL,,,,0.00,N,Not at Intersection, ,Non-Junction,None,,,         ,Tyler,Heckaman,Cloudy,"Sideswipe, Same Direction",no,no,no,no,no,False
102751217,METROPOLITAN NASHVILLE POLICE DEPT,20200495303,Davidson,Nashville,7/31/2020 12:18:00 PM,2,1,0,36.167990,-86.765830,I 24,,,,0.00,,,,,,,48.85,N,Not at Intersection, ,Non-Junction,None,,,         ,Kimberly,Forsyth,Cloudy,Front to Rear,no,no,no,no,no,False