master_record_number,agency,agency_tracking_number,county,city,collision_date,vehicles_involved,number_injured,number_dead,latitude,longitude,roadway_name,roadway_suffix,roadway_number,roadway_local_id,distance_from_reference,miles-feet_indicator,direction_from_reference,intersection_road_name,intersection_road_name_suffix,intersection_road_number,intersection_local_id,mile_marker,intersection_indicator,intersect_type,interchange_related_indicator,relation_to_junction,work_zone_type,construction_maintenance_zone,construction_maintenance_zone_location,fatal_case_number,officer_first_name,officer_last_name,weather_condition(s),manner_of_crash,pedestrian,bicycle,scooter,parking,hitrun,mou
102753663,METROPOLITAN NASHVILLE POLICE DEPT,20200503201,Davidson,Nashville,8/4/2020 4:00:00 PM,2,0,0,36.174100,-86.750000,FATHERLAND ST,,,,108.00,Feet,East,S 11TH ST,,,,0.00,N,Not at Intersection, ,Non-Junction,None,,,         ,Kelsey,Hemminger,Clear,Other,no,no,no,no,no,False
102753665,METROPOLITAN NASHVILLE POLICE DEPT,20200503253,Davidson,Nashville,8/3/2020 6:42:00 PM,2,0,0,36.066510,-86.583490,SMITH SPRINGS PKWY,,,,0.00,,,SUNSAIL DR,,,,0.00,Y,Four-Way,Y,Intersection-Related,None,,,         ,Edward,Starke,Clear,Angle,no,no,no,no,yes,False
102753668,METROPOLITAN NASHVILLE POLICE DEPT,20200503279,Davidson,Nashville,8/4/2020 4:04:00 PM,3,0,0,36.092370,-86.705220,I 24,,,,0.00,,,,,,,55.20,N,Not at Intersection,N,Non-Junction,None,,,         ,Molly,Page,Clear,"Sideswipe, Opposite Direction",no,no,no,no,no,False
102753670,VANDERBILT UNIVERSITY POLICE,20200503167,Davidson,Nashville,8/4/2020 3:12:00 PM,2,0,0,36.140010,-86.809380,CHILDRENS WAY,,,,0.00,,,,,,,0.00,,, ,Non-Junction,None,,,         ,V,Greene,Clear,Rear to Rear,no,no,no,yes,no,Campus
102753671,METROPOLITAN NASHVILLE POLICE DEPT,20200502905,Davidson,Not in City Limit,8/4/2020 12:35:00 PM,2,0,0,36.263810,-86.711660,GALLATIN PKEN,,,,0.00,,,OLD TIME VILLAGE PVTDR,,,,0.00,Y,OTHER, ,Non-Junction,None,,,         ,Nathan,Mayo,Clear,Angle,no,no,no,no,no,False
102753677,METROPOLITAN NASHVILLE POLICE DEPT,20200503264,Davidson,Nashville,8/4/2020 4:02:00 PM,2,0,0,36.144660,-86.744040,ELM HILL PKE,,,,0.00,,,FESSLERS LN,,,,0.00,Y,Four-Way, ,Intersection-Related,None,,,         ,Derek,Sibley,Clear,Angle,no,no,no,no,no,False
102753678,METROPOLITAN NASHVILLE POLICE DEPT,20200503427,Davidson,Nashville,8/4/2020 5:10:00 PM,2,0,0,36.144950,-86.749710,ELM HILL PKE,,,,123.00,Feet,North,MURFREESBORO PKE,,,,0.00,N,Not at Intersection,N,Non-Junction,None,,,         ,Derek,Sibley,Clear,Angle,no,no,no,no,yes,False
102753689,METROPOLITAN NASHVILLE POLICE DEPT,20200503549,Davidson,Nashville,8/4/2020 6:54:00 PM,2,1,0,36.087880,-86.701730,I24 E EXT RAMP,,,,0.00,Feet,East,I 24,,,,0.00,N,Not at Intersection,N,Non-Junction,None,,,         ,Edward,Starke,Clear,"Sideswipe, Same Direction",no,no,no,no,yes,False
102753699,METROPOLITAN NASHVILLE POLICE DEPT,20200503409,Davidson,Not in City Limit,8/4/2020 4:50:00 PM,2,0,0,36.320570,-86.849020,I 24,,,,0.00,,,,,,,36.05,N,Not at Intersection, ,Non-Junction,None,,,         ,Melvin,Taylor,Clear,Front to Rear,no,no,no,no,no,False
102753701,METROPOLITAN NASHVILLE POLICE DEPT,20200503415,Davidson,Nashville,8/4/2020 5:26:00 PM,2,0,0,36.153960,-86.818220,28TH AVN,,,,0.00,,,CHARLOTTE AV,,,,0.00,Y,Four-Way,N,Intersection,None,,,         ,William,Boler,Clear,Angle,no,no,no,no,yes,False
102753712,METROPOLITAN NASHVILLE POLICE DEPT,20200503568,Davidson,Nashville,8/4/2020 7:11:00 PM,1,1,0,36.180550,-86.816230,24TH AVN,,,,92.00,Feet,North,BUCHANAN ST,,,,0.00,N,Not at Intersection,N,Non-Junction,None,,,         ,Jonathan,Sharp,Clear,Not Collision with Motor Vehicle in Transport,no,no,no,no,no,False
102753713,METROPOLITAN NASHVILLE POLICE DEPT,20200503539,Davidson,Nashville,8/4/2020 6:32:00 PM,2,0,0,36.194160,-86.830580,BUENA VISTA PKE,,,,162.00,Feet,South,RESHA LN,,,,0.00,N,Not at Intersection, ,Non-Junction,None,,,         ,Andrey,Volfson,Clear,Other,no,no,no,no,no,False
102753729,METROPOLITAN NASHVILLE POLICE DEPT,20200503642,Davidson,Nashville,8/4/2020 7:49:00 PM,2,1,0,36.168530,-86.757450,S 7TH ST,,,,145.00,Feet,North,SYLVAN ST,,,,0.00,N,Not at Intersection,N,Non-Junction,None,,,         ,Tyler,Manivong,Clear,"Sideswipe, Opposite Direction",no,no,no,no,yes,False
102753733,METROPOLITAN NASHVILLE POLICE DEPT,20200503635,Davidson,Nashville,8/4/2020 7:39:00 PM,2,0,0,36.060300,-86.714270,RAYWOOD LN,,,,0.00,,,STRASSER DR,,,,0.00,Y,Four-Way, ,,None,,,         ,Edward,Starke,,,no,no,no,no,no,False
102753741,METROPOLITAN NASHVILLE POLICE DEPT,20200503500,Davidson,Nashville,8/4/2020 6:16:00 PM,1,0,0,36.219550,-86.792410,OLD MATTHEWS RD,,,,364.00,Feet,East,DYNE CT,,,,0.00,N,Not at Intersection,N,Non-Junction,None,,,         ,Ian,Ward,Clear,Not Collision with Motor Vehicle in Transport,no,no,no,no,yes,False
102753763,METROPOLITAN NASHVILLE POLICE DEPT,20200503692,Davidson,Nashville,8/4/2020 7:39:00 PM,2,0,0,36.136300,-86.778910,8TH AVS,,,,35.00,Feet,South,EAST ARGYLE AV,,,,0.00,N,Not at Intersection,N,Non-Junction,None,,,         ,Ryan,Sherry,Clear,Front to Rear,no,no,no,no,yes,False
102753775,METROPOLITAN NASHVILLE POLICE DEPT,20200503473,Davidson,Nashville,8/4/2020 4:56:00 PM,2,0,0,36.120830,-86.703590,MURFREESBORO PKE,,,,0.00,Feet,,GLENGARRY DR,,,,0.00,Y,T-Intersection, ,Intersection-Related,None,,,         ,Dontaveous,Eubanks,Clear,Other,no,no,no,no,no,False
102753783,METROPOLITAN NASHVILLE POLICE DEPT,20200501228,Davidson,Nashville,8/3/2020 5:05:00 PM,2,0,0,36.124980,-86.847640,WOODMONT BLVD,,,,0.00,,,WHITE BRIDGE PKE,,,,0.00,Y,Four-Way,N,Intersection-Related,None,,,         ,Torian,Cox,Clear,Angle,no,no,no,no,no,False
102753792,METROPOLITAN NASHVILLE POLICE DEPT,20200503744,Davidson,Nashville,8/4/2020 8:46:00 PM,2,2,0,36.197770,-86.827460,BUENA VISTA PKE,,,,222.00,Feet,South,CURTIS ST,,,,0.00,N,Not at Intersection,N,Non-Junction,None,,,         ,Andrey,Volfson,Clear,"Sideswipe, Same Direction",no,no,no,no,no,False
102753797,METROPOLITAN NASHVILLE POLICE DEPT,20200503604,Davidson,Nashville,8/4/2020 12:00:00 AM,1,0,0,36.223510,-86.806130,WHITES CREEK PKE,,,,81.00,Feet,South,KNIGHT DR,,,,0.00,N,Not at Intersection,N,Non-Junction,None,,,         ,Ian,Ward,Clear,Not Collision with Motor Vehicle in Transport,no,no,no,no,yes,False
102753803,VANDERBILT UNIVERSITY POLICE,20200503814,Davidson,Nashville,8/4/2020 12:00:00 AM,2,0,0,36.142150,-86.805560,HIGHLAND AVE,,,,0.00,,,,,,,0.00,,, ,Non-Junction,None,,,         ,V,Greene,Clear,Unknown,no,no,no,yes,yes,Campus
102753812,METROPOLITAN NASHVILLE POLICE DEPT,20200503593,Davidson,Nashville,8/4/2020 5:25:00 PM,2,1,0,36.208860,-86.777880,BRICK CHURCH PKE,,,,75.00,Feet,South,AVONDALE CIR,,,,0.00,N,Not at Intersection,N,Non-Junction,None,,,         ,Alec,Pellissier,Clear,Front to Rear,no,no,no,no,no,False
102753817,METROPOLITAN NASHVILLE POLICE DEPT,030421469,Davidson,Not in City Limit,8/4/2020 12:00:00 AM,1,1,0,36.313300,-86.865010,WHITES CREEK PKE,,,,80.00,Feet,North,OLD CLARKSVILLE PKE,,,,0.00,N,Not at Intersection,N,Non-Junction,None,,,         ,Melvin,Taylor,Clear,Not Collision with Motor Vehicle in Transport,no,no,no,no,no,False
102753838,METROPOLITAN NASHVILLE POLICE DEPT,20200503955,Davidson,Nashville,8/4/2020 11:34:00 PM,1,0,0,36.164450,-86.793910,I 40,,,,0.00,,,,,,,208.45,N,Not at Intersection,N,Non-Junction,None,,,         ,Brenna,Hosey,Clear,Not Collision with Motor Vehicle in Transport,no,no,no,no,no,False
102753892,METROPOLITAN NASHVILLE POLICE DEPT,20200504174,Davidson,Nashville,8/5/2020 12:00:00 AM,1,0,0,36.071340,-86.675350,ARTELIA DR,,,,0.00,,,,,,,0.00,,,N,"Driveway, Alley Access, etc",None,,,         ,William,Williams,Clear,Not Collision with Motor Vehicle in Transport,no,no,no,yes,no,False
102753959,METROPOLITAN NASHVILLE POLICE DEPT,20200504609,Davidson,Nashville,8/5/2020 7:40:00 AM,2,0,0,36.116390,-86.703860,BRILEY PKWYS,,,,459.00,Feet,West,BRILEY PKWY S ENT RAMP,,,,0.00,N,Not at Intersection, ,,None,,,         ,Michael,Dance,,,no,no,no,no,no,False
102753963,VANDERBILT UNIVERSITY POLICE,20200498695,Davidson,Nashville,8/2/2020 12:00:00 AM,2,0,0,36.149490,-86.800470,21ST AVS,,,,0.00,,,,,,,0.00,,, ,,None,,,         ,Lakosha,Goodloe,,,no,no,no,yes,no,Campus
102753967,METROPOLITAN NASHVILLE POLICE DEPT,20200504664,Davidson,Nashville,8/5/2020 8:22:00 AM,2,0,0,36.092780,-86.840510,HARDING PL,,,,229.00,Feet,West,ESTES RD,,,,0.00,N,Not at Intersection,N,Non-Junction,None,,,         ,Curtis,Rich,Clear,Front to Rear,no,no,no,no,yes,False
102753969,GOODLETTSVILLE POLICE DEPT,20-23619,Davidson,Goodlettsville,8/5/2020 6:10:00 AM,2,0,0,36.309630,-86.703390,I 65,,,,0.00,,,,,,,96.00,N,Not at Intersection,N,Non-Junction,None,,,         ,George,Forbes,Clear,"Sideswipe, Same Direction",no,no,no,no,no,False
102753974,METROPOLITAN NASHVILLE POLICE DEPT,20200504703,Davidson,Nashville,8/5/2020 8:45:00 AM,2,0,0,36.195230,-86.598930,CHANDLER RD,,,,912.00,Feet,East,OAKCREST LN,,,,0.00,N,Not at Intersection, ,Non-Junction,None,,,         ,Michael,Brooks,Clear,Front to Rear,no,no,no,no,no,False
102754004,METROPOLITAN NASHVILLE POLICE DEPT,20200504650,Davidson,Not in City Limit,8/5/2020 7:30:00 AM,1,0,0,36.256230,-86.810040,KNIGHT DR,,,,0.91,Miles,North,PARMLEY LN,,,,0.00,N,Not at Intersection, ,Non-Junction,None,,,         ,Kenneth,Oneal,Clear,Not Collision with Motor Vehicle in Transport,no,no,no,no,no,False
102754008,METROPOLITAN NASHVILLE POLICE DEPT,20200504816,Davidson,Nashville,8/5/2020 10:00:00 AM,2,0,0,36.102180,-86.870250,HARDING PL,,,,0.00,,,HARDING PKE,,,,0.00,Y,T-Intersection,N,Intersection,None,,,         ,Curtis,Rich,Clear,Angle,no,no,no,no,no,False
102754019,METROPOLITAN NASHVILLE POLICE DEPT,20200504776,Davidson,Nashville,8/5/2020 9:34:00 AM,2,0,0,36.133530,-86.741450,FOSTER AV,,,,431.00,Feet,South,TPS COMPLEX PVTDR,,,,0.00,N,Not at Intersection,N,Non-Junction,None,,,         ,Robert,Higgins,Clear,Angle,no,no,no,no,no,False
102754022,METROPOLITAN NASHVILLE POLICE DEPT,20200504581,Davidson,Nashville,8/5/2020 7:25:00 AM,2,0,0,36.206900,-86.746510,DR RICHARD G ADAMS DR,,,,993.00,Feet,North,E TRINITY LN,,,,0.00,N,Not at Intersection, ,"Driveway, Alley Access, etc",None,,,         ,Russell,Freeman,Clear,Angle,no,no,no,yes,no,False
102754028,METROPOLITAN NASHVILLE POLICE DEPT,20200504710,Davidson,Nashville,8/5/2020 8:50:00 AM,2,0,0,36.185260,-86.798150,RAMP,,,,0.00,,,I 65,,,,0.00,Y,Four-Way,N,Entrance/Exit Ramp Related,None,,,         ,Wesley,Young,Clear,Angle,no,no,no,no,no,False
102754030,METROPOLITAN NASHVILLE POLICE DEPT,20200504761,Davidson,Nashville,8/5/2020 9:15:00 AM,1,0,0,36.209160,-86.866470,STATE HWY 12,,,,310.00,Feet,West,CATO RD,,,,0.00,N,Not at Intersection, ,Non-Junction,None,,,         ,Wesley,Young,Clear,Not Collision with Motor Vehicle in Transport,no,no,no,no,no,False
102754032,METROPOLITAN NASHVILLE POLICE DEPT,20200500388,Davidson,Nashville,8/3/2020 10:15:00 AM,2,0,0,36.169060,-86.821140,ED TEMPLE BLVD,,,,476.00,Feet,North,JEFFERSON ST,,,,0.00,N,Not at Intersection,N,Non-Junction,None,,,         ,Michael,Schlegel,Clear,"Sideswipe, Same Direction",no,no,no,no,yes,False
102754037,METROPOLITAN NASHVILLE POLICE DEPT,20200504840,Davidson,Nashville,8/5/2020 10:10:00 AM,2,0,0,36.177320,-86.720910,CHAPMAN DR,,,,150.00,Feet,South,CONRAD DR,,,,0.00,N,Not at Intersection,N,Non-Junction,None,,,         ,Faye,Denson,Clear,Angle,no,no,no,no,no,False
102754039,METROPOLITAN NASHVILLE POLICE DEPT,20200504778,Davidson,Nashville,8/5/2020 6:12:00 AM,1,0,0,36.182930,-86.812390,DR DB TODD JR BLVD,,,,0.00,,,,,,,0.00,,,N,Non-Junction,None,,,         ,Wesley,Young,Clear,Not Collision with Motor Vehicle in Transport,no,no,no,no,no,False
102754053,METROPOLITAN NASHVILLE POLICE DEPT,20200505017,Davidson,Nashville,8/5/2020 12:00:00 PM,2,0,0,36.180070,-86.811030,BUCHANAN ST,,,,0.00,,,DR DB TODD JR BLVD,,,,0.00,Y,Four-Way,N,Intersection,None,,,         ,Wesley,Young,Clear,Front to Rear,no,no,no,no,yes,False
102754054,METROPOLITAN NASHVILLE POLICE DEPT,20200504956,Davidson,Nashville,8/5/2020 12:20:00 PM,2,0,0,36.136270,-86.783690,HILLSIDE AV,,,,0.00,,,WADE AV,,,,0.00,Y,T-Intersection, ,Intersection,None,,,         ,Earl,Davis,Cloudy,Angle,no,no,no,no,no,False
102754058,METROPOLITAN NASHVILLE POLICE DEPT,20200504970,Davidson,Nashville,8/5/2020 11:50:00 AM,2,0,0,36.158070,-86.877010,JAMES AV,,,,3.00,Feet,North,ROBERTSON AV,,,,0.00,N,Not at Intersection, ,OtherLocation,None,,,         ,George,Spencer,Clear,Angle,no,no,no,no,no,False
102754069,METROPOLITAN NASHVILLE POLICE DEPT,20200504919,Davidson,Nashville,8/5/2020 10:40:00 AM,2,0,0,36.109450,-86.728050,THOMPSON LN,,,,0.00,,,SOUTHLAKE DR,,,,0.00,Y,Four-Way,N,Intersection-Related,None,,,         ,Alex,Moore,Clear,Front to Rear,no,no,no,no,no,False
102754071,METROPOLITAN NASHVILLE POLICE DEPT,20200505095,Davidson,Nashville,8/5/2020 1:08:00 PM,2,0,0,36.200750,-86.600120,BELGIUM DR,,,,71.00,Feet,South,NETHERLANDS DR,,,,0.00,N,Not at Intersection,N,Non-Junction,None,,,         ,Michael,Brooks,Clear,"Sideswipe, Same Direction",no,no,no,no,yes,False
102754087,METROPOLITAN NASHVILLE POLICE DEPT,20200505107,Davidson,Nashville,8/5/2020 1:14:00 PM,1,0,0,36.112560,-86.780530,MCNAIRY LN,,,,55.00,Feet,North,MARENGO LN,,,,0.00,N,Not at Intersection,N,Non-Junction,None,,,         ,Earl,Davis,Cloudy,Not Collision with Motor Vehicle in Transport,no,no,no,no,no,False
102754088,METROPOLITAN NASHVILLE POLICE DEPT,20200505078,Davidson,Nashville,8/5/2020 12:59:00 PM,1,1,0,36.150480,-86.866240,I 40,,,,0.00,,,,,,,203.45,N,Not at Intersection,N,Non-Junction,None,,,         ,Nadine,Klemenz,Cloudy,Not Collision with Motor Vehicle in Transport,no,no,no,no,no,False
102754099,METROPOLITAN NASHVILLE POLICE DEPT,20200504972,Davidson,Nashville,8/5/2020 11:30:00 AM,2,0,0,36.157850,-86.778580,DEMONBREUN ST,,,,0.00,,,6TH AVS,,,,0.00,Y,Four-Way, ,Intersection,None,,,         ,Byron,Carter,Cloudy,Angle,no,no,no,no,no,False
102754105,METROPOLITAN NASHVILLE POLICE DEPT,20200504051,Davidson,Nashville,8/5/2020 1:35:00 AM,2,0,0,36.191980,-86.770260,N 2ND ST,,,,155.00,Feet,North,RICHARDSON AV,,,,0.00,N,Not at Intersection,N,Non-Junction,None,,,         ,Russell,Freeman,Unknown,Angle,no,no,no,no,yes,False
102754109,METROPOLITAN NASHVILLE POLICE DEPT,20200505147,Davidson,Nashville,8/5/2020 1:40:00 PM,2,0,0,36.126950,-86.844800,HARDING PKE,,,,260.00,Feet,East,RIDGEFIELD WAY,,,,0.00,N,Not at Intersection, ,Non-Junction,Maintenance Zone,,,         ,Curtis,Rich,Cloudy,"Sideswipe, Same Direction",no,no,no,no,no,False
102754118,METROPOLITAN NASHVILLE POLICE DEPT,20200498851,Davidson,Not in City Limit,8/2/2020 1:00:00 PM,2,0,0,36.317540,-86.835960,I 24,,,,0.00,,,,,,,37.00,N,Not at Intersection, ,Non-Junction,None,,,         ,Pamela,Caulder,Clear,"Sideswipe, Same Direction",no,no,no,no,no,False
102754123,METROPOLITAN NASHVILLE POLICE DEPT,20200505209,Davidson,Nashville,8/5/2020 2:08:00 PM,2,0,0,36.074480,-86.920940,OLD HICKORY BLVD,,,,0.00,,,HIGHWAY 70S,,,,0.00,Y,Four-Way,Y,Intersection,None,,,         ,Alexis,Pond,Clear,Angle,no,no,no,no,no,False
102754132,METROPOLITAN NASHVILLE POLICE DEPT,20200505238,Davidson,Nashville,8/5/2020 2:30:00 PM,2,1,0,36.083490,-86.698220,I24 W EXT RAMP,,,,0.00,,,I 24,,,,0.00,Y,Y-Intersection,N,Entrance/Exit Ramp Related,None,,,         ,Robert,Higgins,Clear,Angle,no,no,no,no,no,False
102754146,METROPOLITAN NASHVILLE POLICE DEPT,20200505273,Davidson,Nashville,8/5/2020 2:21:00 PM,2,0,0,36.141720,-86.778670,CHESTNUT ST,,,,0.00,,,8TH AVS,,,,0.00,Y,Four-Way, ,Intersection,None,,,         ,Sekou,Samassi,Clear,Front to Rear,no,no,no,no,no,False
102754161,METROPOLITAN NASHVILLE POLICE DEPT,20200503806,Davidson,Nashville,8/4/2020 10:10:00 PM,2,0,0,36.042850,-86.606550,MURFREESBORO PKE,,,,0.00,,,HOBSON PKE,,,,0.00,Y,Four-Way,N,Intersection-Related,None,,,         ,Edward,Starke,Clear,Angle,no,no,no,no,no,False
102754162,METROPOLITAN NASHVILLE POLICE DEPT,20200505291,Davidson,Nashville,8/5/2020 2:55:00 PM,3,0,0,36.193300,-86.623450,LEBANON PKE,,,,190.00,Feet,North,JUAREZ DR,,,,0.00,N,Not at Intersection,N,Non-Junction,None,,,         ,Heather,Fox,Clear,Front to Rear,no,no,no,no,no,False
102754191,METROPOLITAN NASHVILLE POLICE DEPT,20200505285,Davidson,Nashville,8/5/2020 2:15:00 PM,2,1,0,36.241500,-86.766760,OAKVIEW DR,,,,0.00,,,DOVERSIDE DR,,,,0.00,Y,T-Intersection,N,Intersection,None,,,         ,Christopher,Littles,Clear,Front to Rear,no,no,no,no,no,False
102754192,METROPOLITAN NASHVILLE POLICE DEPT,20200505339,Davidson,Nashville,8/5/2020 3:28:00 PM,2,0,0,36.252590,-86.776920,BRICK CHURCH PKE,,,,168.00,Feet,South,WESTCHESTER DR,,,,0.00,N,Not at Intersection,N,Non-Junction,None,,,         ,Christopher,Littles,Clear,Angle,no,no,no,no,no,False
102754209,METROPOLITAN NASHVILLE POLICE DEPT,20200505308,Davidson,Nashville,8/5/2020 2:08:00 PM,2,0,0,36.159640,-86.795010,15TH AVE N,,,,164.00,Feet,South,US HWY 70,,,,0.00,N,Not at Intersection,N,Non-Junction,None,,,         ,Samuel,Sundra,Clear,Angle,no,no,no,no,yes,False
102754212,METROPOLITAN NASHVILLE POLICE DEPT,20200505453,Davidson,Nashville,8/5/2020 4:31:00 PM,2,1,0,36.110170,-86.682530,MURFREESBORO PKE,,,,78.00,Feet,East,AIR FREIGHT BLVD,,,,0.00,N,Not at Intersection,N,Non-Junction,None,,,         ,Edward,Starke,Clear,"Sideswipe, Same Direction",no,no,no,no,yes,False
102754225,METROPOLITAN NASHVILLE POLICE DEPT,20200505480,Davidson,Nashville,8/5/2020 4:16:00 PM,2,0,0,36.143690,-86.702190,I 40,,,,0.00,,,,,,,214.60,N,Not at Intersection, ,Non-Junction,None,,,         ,Jason,Milyaro Lucas,Clear,"Sideswipe, Same Direction",no,no,no,no,no,False
102754231,METROPOLITAN NASHVILLE POLICE DEPT,20200505072,Davidson,Nashville,8/5/2020 12:50:00 PM,2,1,0,36.167770,-86.760010,S 6TH ST,,,,217.00,Feet,South,SHELBY AVE,,,,0.00,N,Not at Intersection,N,"Driveway, Alley Access, etc",None,,,         ,Joshua,Murray,Clear,Angle,no,no,no,no,no,False
102754241,GOODLETTSVILLE POLICE DEPT,20-23665,Davidson,Goodlettsville,8/5/2020 3:40:00 PM,2,0,0,36.323150,-86.707390,LONG HOLLOW PKE,,,,58.00,Feet,East,CARTWRIGHT ST,,,,0.00,N,Not at Intersection, ,Non-Junction,None,,,         ,Dequionta,Rucker,Clear,Front to Rear,no,no,no,no,no,False
102754246,METROPOLITAN NASHVILLE POLICE DEPT,20200505412,Davidson,Nashville,8/5/2020 3:57:00 PM,2,0,0,36.037270,-86.787870,OLD HICKORY BLVD,,,,390.00,Feet,West,FRANKLIN PKE,,,,0.00,N,Not at Intersection,N,Non-Junction,None,,,         ,Nicholas,Carroll,Clear,Front to Rear,no,no,no,no,yes,False
102754253,METROPOLITAN NASHVILLE POLICE DEPT,20200505422,Davidson,Nashville,8/5/2020 3:45:00 PM,2,0,0,36.160770,-86.793660,CHARLOTTE AV,,,,8.00,Feet,East,14TH AVN,,,,0.00,N,Not at Intersection, ,Non-Junction,None,,,         ,Brian,Warstadt,Clear,"Sideswipe, Same Direction",no,no,no,no,no,False
102754255,METROPOLITAN NASHVILLE POLICE DEPT,20200501485,Davidson,Nashville,8/3/2020 8:19:00 PM,1,0,1,36.175820,-86.792700,ROSA L PARKS BLVD,,,,202.00,Feet,North,MONROE ST,,,,0.00,N,Not at Intersection,N,"Driveway, Alley Access, etc",None,,,20-0595  ,Christopher,Valdez,Clear,Not Collision with Motor Vehicle in Transport,yes,no,no,no,yes,False
102754256,METROPOLITAN NASHVILLE POLICE DEPT,20200505561,Davidson,Nashville,8/5/2020 5:29:00 PM,2,2,0,36.211490,-86.921020,OLD HICKORY BLVD,,,,6.00,Feet,North,STATE HWY 12,,,,0.00,N,Not at Intersection,Y,Non-Junction,None,,,         ,Brian,Woodard,Cloudy,Front to Rear,no,no,no,no,no,False
102754258,METROPOLITAN NASHVILLE POLICE DEPT,20200505316,Davidson,Nashville,8/5/2020 2:14:00 PM,2,0,0,36.163720,-86.689280,BRILEY PKWYN,,,,377.00,Feet,South,BRILEY PKWYS,,,,0.00,N,Not at Intersection,N,Non-Junction,None,,,         ,Joel,Bennett,Clear,Front to Rear,no,no,no,no,yes,False
102754259,METROPOLITAN NASHVILLE POLICE DEPT,20200505577,Davidson,Nashville,8/5/2020 5:36:00 PM,2,0,0,36.148630,-86.775340,I40 E ENT RAMP,,,,0.00,,,I 40,,,,0.00,Y,OTHER, ,Entrance/Exit Ramp Related,None,,,         ,Douglas,Sykes,Clear,"Sideswipe, Same Direction",no,no,no,no,no,False
102754260,VANDERBILT UNIVERSITY POLICE,20200505547,Davidson,Nashville,8/5/2020 4:12:00 PM,2,0,0,36.110550,-86.766990,POWELL AVE,,,,0.00,,,,,,,0.00,,Not at Intersection, ,,None,,,         ,Garrett,Bennett,,,no,no,no,yes,no,False
102754261,METROPOLITAN NASHVILLE POLICE DEPT,20200505614,Davidson,Nashville,8/5/2020 5:54:00 PM,2,2,0,36.222180,-86.726090,GALLATIN PKE,,,,243.00,Feet,South,GREENLAND AV,,,,0.00,N,Not at Intersection,N,Non-Junction,None,,,         ,Randy,Puckett,Clear,Angle,no,no,no,no,no,False
102754268,METROPOLITAN NASHVILLE POLICE DEPT,20200505626,Davidson,Nashville,8/5/2020 5:51:00 PM,2,0,0,36.084680,-86.699340,I 24,,,,0.00,,,,,,,55.85,N,Not at Intersection, ,Non-Junction,None,,,         ,Edward,Starke,Clear,Front to Rear,no,no,no,no,no,False
102754270,METROPOLITAN NASHVILLE POLICE DEPT,20200505698,Davidson,Nashville,8/5/2020 6:25:00 PM,2,0,0,36.172980,-86.601020,CENTRAL PKE,,,,28.00,Feet,West,BURNING TREE DR,,,,0.00,N,Not at Intersection,N,Non-Junction,None,,,         ,Heather,Fox,Clear,Front to Rear,no,no,no,no,yes,False
102754275,METROPOLITAN NASHVILLE POLICE DEPT,20200505591,Davidson,Nashville,8/5/2020 5:29:00 PM,2,0,0,36.163720,-86.689280,BRILEY PKWYN,,,,377.00,Feet,South,BRILEY PKWYS,,,,0.00,N,Not at Intersection,N,Non-Junction,None,,,         ,Joel,Bennett,Clear,Front to Rear,no,no,no,no,no,False
102754287,METROPOLITAN NASHVILLE POLICE DEPT,20200505717,Davidson,Nashville,8/5/2020 6:35:00 PM,1,2,0,36.093210,-86.659000,FRANKLIN LIMESTONE RD,,,,633.00,Feet,West,FORGE RIDGE CIR,,,,0.00,N,Not at Intersection,N,Non-Junction,None,,,         ,Edward,Starke,Clear,Not Collision with Motor Vehicle in Transport,no,no,no,no,no,False
102754290,METROPOLITAN NASHVILLE POLICE DEPT,20200505268,Davidson,Nashville,8/5/2020 2:51:00 PM,3,0,0,36.159220,-86.760020,I 24,,,,0.00,,,,,,,49.50,N,Not at Intersection,N,Non-Junction,None,,,         ,Tyler,Manivong,Clear,Front to Rear,no,no,no,no,no,False
102754301,METROPOLITAN NASHVILLE POLICE DEPT,20200505402,Davidson,Nashville,8/5/2020 4:04:00 PM,2,0,0,36.149100,-86.763250,LAFAYETTE ST,,,,250.00,Feet,West,CHARLES E DAVIS BLVD,,,,0.00,N,Not at Intersection, ,Non-Junction,None,,,         ,Derek,Sibley,Clear,"Sideswipe, Same Direction",no,no,no,no,no,False
102754302,METROPOLITAN NASHVILLE POLICE DEPT,20200505520,Davidson,Nashville,8/5/2020 5:04:00 PM,2,1,0,36.168080,-86.691020,LEBANON PKE,,,,0.00,,,BRILEY PKWY S ENT RAMP,,,,0.00,Y,Four-Way,Y,Intersection-Related,None,,,         ,Derek,Sibley,Clear,Angle,no,no,no,no,no,False
102754303,METROPOLITAN NASHVILLE POLICE DEPT,20200505685,Davidson,Nashville,8/5/2020 6:15:00 PM,2,0,0,36.176510,-86.769720,SPRING ST,,,,0.00,,,I24 W EXT RAMP,,,,0.00,Y,T-Intersection,N,Intersection,None,,,         ,David,Collins,Clear,Front to Rear,no,no,no,no,yes,False
102754304,METROPOLITAN NASHVILLE POLICE DEPT,20200505845,Davidson,Nashville,8/5/2020 7:53:00 PM,2,0,0,36.234710,-86.724770,BRILEY PKWY E EXT RAMP,,,,0.00,,,GALLATIN PKE,,,,0.00,Y,OTHER, ,Entrance/Exit Ramp Related,None,,,         ,Randy,Puckett,Clear,Front to Rear,no,no,no,no,no,False
102754305,METROPOLITAN NASHVILLE POLICE DEPT,20200505737,Davidson,Nashville,8/5/2020 6:50:00 PM,4,2,0,36.048400,-86.664520,I 24,,,,0.00,,,,,,,59.00,N,Not at Intersection,N,Non-Junction,None,,,         ,Cooper,HIll,Clear,Front to Rear,no,no,no,no,yes,False