master_record_number,agency,agency_tracking_number,county,city,collision_date,vehicles_involved,number_injured,number_dead,latitude,longitude,roadway_name,roadway_suffix,roadway_number,roadway_local_id,distance_from_reference,miles-feet_indicator,direction_from_reference,intersection_road_name,intersection_road_name_suffix,intersection_road_number,intersection_local_id,mile_marker,intersection_indicator,intersect_type,interchange_related_indicator,relation_to_junction,work_zone_type,construction_maintenance_zone,construction_maintenance_zone_location,fatal_case_number,officer_first_name,officer_last_name,weather_condition(s),manner_of_crash,pedestrian,bicycle,scooter,parking,hitrun,mou
102759150,METROPOLITAN NASHVILLE POLICE DEPT,20200521340,Davidson,Nashville,8/13/2020 12:00:00 AM,4,0,0,36.050650,-86.659750,HICKORY HOLLOW MALL PVTDR PL,,,,0.00,,,HICKORY HOLLOW PL,,,,0.00,Y,OTHER,N,Non-Junction,None,,,         ,Antoine,Maghamez,Clear,"Sideswipe, Same Direction",no,no,no,no,no,False
102759152,METROPOLITAN NASHVILLE POLICE DEPT,20200521401,Davidson,Nashville,8/13/2020 7:10:00 AM,2,0,0,36.106210,-86.673060,MURFREESBORO PKE,,,,0.00,,,DONELSON PKE,,,,0.00,Y,Four-Way, ,,None,,,         ,Michael,Brooks,,,no,no,no,no,no,False
102759156,METROPOLITAN NASHVILLE POLICE DEPT,20200521387,Davidson,Not in City Limit,8/13/2020 6:59:00 AM,1,0,0,35.983870,-86.626290,BATTLE RD,,,,347.00,Feet,South,CAROTHERS RD,,,,0.00,N,Not at Intersection, ,,None,,,         ,Patrick,Martin,,,no,no,no,no,no,False
102759166,METROPOLITAN NASHVILLE POLICE DEPT,20200521463,Davidson,Nashville,8/13/2020 8:02:00 AM,2,1,0,36.152460,-86.753990,I 40,,,,0.00,,,,,,,211.35,N,Not at Intersection, ,Non-Junction,None,,,         ,Michael,Brooks,Clear,Front to Rear,no,no,no,no,no,False
102759168,METROPOLITAN NASHVILLE POLICE DEPT,2020521513,Davidson,Nashville,8/13/2020 12:00:00 AM,2,0,0,36.203950,-86.632060,BONNAHURST CT,,,,188.00,Feet,South,BONNAHURST DR,,,,0.00,N,Not at Intersection,N,Non-Junction,None,,,         ,Charles,Large,Unknown,Unknown,no,no,no,no,yes,False
102759171,BELLE MEADE POLICE DEPT,20-0153,Davidson,Belle Meade,8/13/2020 7:20:00 AM,2,0,0,36.122310,-86.851320,HARDING PKE,,,,0.00,,,LYNNWOOD BLVD,,,,0.00,Y,Four-Way, ,Intersection-Related,None,,,         ,Mark,Hill,Cloudy,Front to Rear,no,no,no,no,no,False
102759173,METROPOLITAN NASHVILLE POLICE DEPT,20200521540,Davidson,Nashville,8/13/2020 8:49:00 AM,2,0,0,36.055090,-86.636530,HAMILTON CHURCH RD,,,,62.00,Feet,North,ZELIDA AV,,,,0.00,N,Not at Intersection,N,Non-Junction,None,,,         ,Patrick,Martin,Clear,"Sideswipe, Same Direction",no,no,no,no,yes,False
102759176,METROPOLITAN NASHVILLE POLICE DEPT,20200521426,Davidson,Nashville,8/13/2020 7:35:00 AM,2,0,0,36.154750,-86.761260,I 40,,,,0.00,,,,,,,210.90,N,Not at Intersection, ,Non-Junction,None,,,         ,Nathaniel,Jones,Clear,"Sideswipe, Same Direction",no,no,no,no,no,False
102759177,METROPOLITAN NASHVILLE POLICE DEPT,20200521592,Davidson,Nashville,8/13/2020 9:25:00 AM,2,0,0,36.037420,-86.786420,OLD HICKORY BLVD,,,,50.00,Feet,East,FRANKLIN PKE,,,,0.00,N,Not at Intersection,N,Non-Junction,None,,,         ,Earl,Davis,Clear,"Sideswipe, Same Direction",no,no,no,no,yes,False
102759179,METROPOLITAN NASHVILLE POLICE DEPT,20200521547,Davidson,Nashville,8/13/2020 8:47:00 AM,2,0,0,36.139340,-86.723030,SPENCE LN,,,,95.00,Feet,North,CORNELIA ST,,,,0.00,N,Not at Intersection,N,Non-Junction,None,,,         ,Michael,Brooks,Clear,Front to Rear,no,no,no,no,no,False
102759215,METROPOLITAN NASHVILLE POLICE DEPT,20200521503,Davidson,Nashville,8/13/2020 8:33:00 AM,2,1,0,36.250210,-86.741370,I 65,,,,0.00,,,,,,,91.20,N,Not at Intersection,N,Non-Junction,None,,,         ,Michael,McCord,Clear,"Sideswipe, Same Direction",no,no,no,no,no,False
102759219,METROPOLITAN NASHVILLE POLICE DEPT,20200521687,Davidson,Not in City Limit,8/13/2020 10:23:00 AM,1,0,0,35.975040,-86.645720,MCFARLIN RD,,,,109.00,Feet,South,KIDD RD,,,,0.00,N,Not at Intersection, ,Non-Junction,None,,,         ,Patrick,Martin,Clear,Not Collision with Motor Vehicle in Transport,no,no,no,no,no,False
102759229,METROPOLITAN NASHVILLE POLICE DEPT,20200521694,Davidson,Nashville,8/13/2020 12:00:00 AM,1,0,0,36.044770,-86.661200,BELL RD,,,,105.00,Feet,East,CANE RIDGE RD,,,,0.00,N,Not at Intersection, ,Non-Junction,None,,,         ,Gregory,Dixon,Clear,Not Collision with Motor Vehicle in Transport,no,no,no,yes,yes,False
102759230,METROPOLITAN NASHVILLE POLICE DEPT,20200521670,Davidson,Nashville,8/13/2020 10:14:00 AM,2,1,0,36.183180,-86.836100,HINKLE DR,,,,0.00,,,BRIARWICK DR,,,,0.00,Y,T-Intersection,N,Non-Junction,None,,,         ,James,Wray,Clear,Other,no,no,no,no,no,False
102759238,METROPOLITAN NASHVILLE POLICE DEPT,20200521781,Davidson,Nashville,8/13/2020 11:00:00 AM,2,0,0,36.081370,-86.759390,HARDING PL,,,,321.00,Feet,West,TROUSDALE DR,,,,0.00,N,Not at Intersection, ,Non-Junction,None,,,         ,Tony,Folad,Clear,"Sideswipe, Same Direction",no,no,no,no,no,False
102759242,METROPOLITAN NASHVILLE POLICE DEPT,2020-0521622,Davidson,Nashville,8/13/2020 9:45:00 AM,2,1,0,36.249330,-86.743670,OLD DUE WEST AV,,,,131.00,Feet,West,CHANNING DR,,,,0.00,N,Not at Intersection,N,Non-Junction,None,,,         ,Travis,Baxter,Clear,"Sideswipe, Opposite Direction",no,no,no,no,no,False
102759249,METROPOLITAN NASHVILLE POLICE DEPT,20200521861,Davidson,Not in City Limit,8/13/2020 12:03:00 PM,1,0,0,36.280550,-86.732930,I 65,,,,0.00,,,,,,,93.40,N,Not at Intersection, ,Non-Junction,None,,,         ,Michael,McCord,Clear,Not Collision with Motor Vehicle in Transport,no,no,no,no,no,False
102759251,METROPOLITAN NASHVILLE POLICE DEPT,20200521852,Davidson,Nashville,8/13/2020 10:26:00 AM,2,0,0,36.206670,-86.778430,W TRINITY LN,,,,0.00,,,HAMPTON ST,,,,0.00,Y,T-Intersection, ,Intersection,None,,,         ,Ronald,Bright,Cloudy,Angle,no,no,no,no,no,False
102759257,BELLE MEADE POLICE DEPT,20-0152,Davidson,Belle Meade,8/12/2020 3:30:00 PM,2,0,0,36.113270,-86.862950,JACKSON BLVD,,,,0.00,,,HARDING PKE,,,,0.00,Y,T-Intersection, ,Intersection-Related,None,,,         ,Mark,Hill,Cloudy,"Sideswipe, Opposite Direction",no,no,no,no,no,False
102759274,VANDERBILT UNIVERSITY POLICE,20200521594,Davidson,Nashville,8/13/2020 8:57:00 AM,2,0,0,36.144730,-86.796390,18TH AVS,,,,0.00,,,,,,,0.00,,, ,,None,,,         ,Yasemine,Lomax,,,no,no,no,yes,no,Campus
102759279,METROPOLITAN NASHVILLE POLICE DEPT,20200521890,Davidson,Nashville,8/13/2020 12:00:00 PM,2,0,0,36.145070,-86.667760,SHACKLETT DR,,,,0.00,,,CLARIDGE DR,,,,0.00,Y,T-Intersection, ,Intersection-Related,None,,,         ,William,Mckay,Clear,Angle,no,no,no,yes,no,False
102759304,METROPOLITAN NASHVILLE POLICE DEPT,20200521777,Davidson,Nashville,8/13/2020 11:09:00 AM,2,0,0,36.104890,-86.814540,HILLSBORO PKE,,,,37.00,Feet,North,RICHARD JONES RD,,,,0.00,N,Not at Intersection,N,Non-Junction,None,,,         ,Brandon,O'Guin,Clear,"Sideswipe, Opposite Direction",no,no,no,yes,yes,False
102759306,GOODLETTSVILLE POLICE DEPT,20-24411,Davidson,Goodlettsville,8/12/2020 4:20:00 PM,2,3,0,36.295820,-86.726600,DICKERSON PKES,,,,25.00,Feet,East,ROBERT CARTWRIGHT DR,,,,0.00,N,Not at Intersection,N,Non-Junction,None,,,         ,Jessica,Gistarb,Clear,Angle,no,no,no,no,no,False
102759325,METROPOLITAN NASHVILLE POLICE DEPT,20200522028,Davidson,Nashville,8/13/2020 1:30:00 PM,2,0,0,36.177620,-86.773230,I 24,,,,0.00,,,,,,,47.85,N,Not at Intersection, ,,None,,,         ,Kimberly,Forsyth,,,no,no,no,no,no,False
102759339,VANDERBILT UNIVERSITY POLICE,20200521984,Davidson,Nashville,8/13/2020 1:06:00 PM,2,0,0,36.141920,-86.806130,25TH AVS,,,,0.00,,,25TH AVS,,,,0.00,,Not at Intersection, ,Non-Junction,None,,,         ,Adam,Dorris,Clear,Rear to Side,no,no,no,yes,yes,Campus
102759349,METROPOLITAN NASHVILLE POLICE DEPT,20200521919,Davidson,Nashville,8/13/2020 12:30:00 PM,2,0,0,36.045620,-86.710660,OLD HICKORY BLVD,,,,775.00,Feet,East,NOLENSVILLE PKE,,,,0.00,N,Not at Intersection, ,Non-Junction,None,,,         ,Thomas,White,Clear,Angle,no,no,no,no,no,False
102759353,METROPOLITAN NASHVILLE POLICE DEPT,20200522047,Davidson,Nashville,8/13/2020 2:00:00 PM,2,0,0,36.153800,-86.756970,I 40,,,,0.00,,,,,,,211.15,N,Not at Intersection,N,Entrance/Exit Ramp Related,None,,,         ,Michael,Brooks,Clear,"Sideswipe, Same Direction",no,no,no,no,yes,False
102759360,METROPOLITAN NASHVILLE POLICE DEPT,2020-0521854,Davidson,Nashville,8/13/2020 11:55:00 AM,4,1,0,36.148660,-86.807040,24TH AVN,,,,0.00,,,ELLISTON PL,,,,0.00,Y,Four-Way,N,Intersection,None,,,         ,John,Roberson,Cloudy,Angle,no,no,no,no,no,Campus
102759364,METROPOLITAN NASHVILLE POLICE DEPT,20200521512,Davidson,Nashville,8/13/2020 8:38:00 AM,2,0,0,36.074480,-86.638650,RURAL HILL RD,,,,0.00,,,MURFREESBORO PKE,,,,0.00,Y,Four-Way,N,Non-Junction,None,,,         ,Alex,Moore,Clear,"Sideswipe, Same Direction",no,no,no,no,yes,False
102759365,METROPOLITAN NASHVILLE POLICE DEPT,20200521552,Davidson,Nashville,8/13/2020 8:53:00 AM,2,0,0,36.101430,-86.675320,CITATION DR,,,,0.00,,,DONELSON PKE,,,,0.00,Y,T-Intersection, ,Non-Junction,None,,,         ,Alex,Moore,Clear,Not Collision with Motor Vehicle in Transport,no,no,no,no,yes,False
102759366,METROPOLITAN NASHVILLE POLICE DEPT,20200522057,Davidson,Nashville,8/13/2020 2:06:00 PM,2,0,0,36.142080,-86.742180,MURFREESBORO PKE,,,,208.00,Feet,East,POLK AV,,,,0.00,N,Not at Intersection,N,Non-Junction,None,,,         ,Michael,Brooks,Clear,Angle,no,no,no,no,no,False
102759372,GOODLETTSVILLE POLICE DEPT,20-24478,Davidson,Goodlettsville,8/13/2020 10:15:00 AM,2,0,0,36.334210,-86.717190,N MAIN ST,,,,0.00,,,FANNIN DR,,,,0.00,Y,OTHER,N,Non-Junction,None,,,         ,Brandon,Wright,Clear,"Sideswipe, Same Direction",no,no,no,no,yes,False
102759373,METROPOLITAN NASHVILLE POLICE DEPT,20200522046,Davidson,Not in City Limit,8/13/2020 1:59:00 PM,1,3,0,36.084690,-86.971500,HIGHWAY 70S,,,,1476.00,Feet,West,SADDLE RIDGE CT,,,,0.00,N,Not at Intersection,N,Non-Junction,None,,,         ,Benjamin,Cantrell,Clear,Not Collision with Motor Vehicle in Transport,no,no,no,no,no,False
102759398,METROPOLITAN NASHVILLE POLICE DEPT,20200522136,Davidson,Nashville,8/13/2020 3:00:00 PM,2,1,0,36.071870,-86.636180,MURFREESBORO PKE,,,,0.00,,,BELL RD,,,,0.00,Y,Four-Way,N,Non-Junction,None,,,         ,Tyler,Geiger,Clear,Front to Rear,no,no,no,no,yes,False
102759399,METROPOLITAN NASHVILLE POLICE DEPT,20200522079,Davidson,Nashville,8/13/2020 2:08:00 PM,2,0,0,36.158320,-86.771840,KOREAN VETERANS BLVD,,,,0.00,,,1ST AVS,,,,0.00,Y,Four-Way, ,Intersection-Related,None,,,         ,Joshua,Reece,Clear,Front to Rear,no,no,no,no,no,False
102759406,METROPOLITAN NASHVILLE POLICE DEPT,20200522160,Davidson,Nashville,8/13/2020 3:15:00 PM,1,1,0,36.150100,-86.691110,BRILEY PKWYS,,,,446.00,Feet,South,BRILEY PKWYN,,,,0.00,N,Not at Intersection,N,Non-Junction,None,,,         ,Jason,Milyaro Lucas,Clear,Not Collision with Motor Vehicle in Transport,no,no,no,no,no,False
102759407,METROPOLITAN NASHVILLE POLICE DEPT,20200522090,Davidson,Nashville,8/13/2020 2:25:00 PM,2,1,0,36.187950,-86.746540,GALLATIN AV,,,,137.00,Feet,South,GRANADA AV,,,,0.00,N,Not at Intersection,N,Non-Junction,None,,,         ,Richard,Conger,Clear,Angle,no,no,no,no,no,False
102759416,METROPOLITAN NASHVILLE POLICE DEPT,20200522087,Davidson,Nashville,8/13/2020 2:19:00 PM,2,1,0,36.039550,-86.648860,I 24,,,,0.00,,,,,,,60.10,N,Not at Intersection,N,Non-Junction,None,,,         ,Patrick,Martin,Clear,Front to Rear,no,no,no,no,no,False
102759445,METROPOLITAN NASHVILLE POLICE DEPT,20200522219,Davidson,Nashville,8/13/2020 1:10:00 PM,2,0,0,36.203810,-86.831130,LLOYD AV,,,,72.00,Feet,South,WHITES CREEK GRNWY,,,,0.00,N,Not at Intersection, ,,None,,,         ,Chase,Harriman,,,no,no,no,no,no,False
102759448,METROPOLITAN NASHVILLE POLICE DEPT,20200522245,Davidson,Nashville,8/13/2020 4:04:00 PM,2,1,0,36.143500,-86.794410,EDGEHILL AV,,,,0.00,Feet,,17TH AVS,,,,0.00,Y,Four-Way,N,Intersection,None,,,         ,Sekou,Samassi,Clear,Angle,no,no,no,no,no,Campus
102759452,METROPOLITAN NASHVILLE POLICE DEPT,20200522201,Davidson,Nashville,8/13/2020 3:25:00 PM,2,0,0,36.079070,-86.720740,WALLACE RD,,,,0.00,,,BROOKRIDGE TRL,,,,0.00,Y,T-Intersection, ,Intersection-Related,None,,,         ,Gary,Anderson,Clear,Angle,no,no,no,no,no,False
102759454,METROPOLITAN NASHVILLE POLICE DEPT,20200522275,Davidson,Nashville,8/13/2020 4:15:00 PM,1,0,0,36.171980,-86.798930,I65 N ENT RAMP,,,,0.00,Feet,East,I 40,,,,0.00,N,Not at Intersection,N,Non-Junction,None,,,         ,Eric,McCoy,Clear,Not Collision with Motor Vehicle in Transport,no,no,no,no,no,False
102759468,METROPOLITAN NASHVILLE POLICE DEPT,20200522103,Davidson,Nashville,8/13/2020 2:39:00 PM,1,1,0,36.125670,-86.709790,BOWWOOD CT,,,,0.00,Feet,East,MURFREESBORO PKE,,,,0.00,N,Not at Intersection,N,Non-Junction,None,,,         ,Edward,Starke,Clear,Not Collision with Motor Vehicle in Transport,no,no,no,no,yes,False
102759484,METROPOLITAN NASHVILLE POLICE DEPT,20200522344,Davidson,Nashville,8/13/2020 4:16:00 PM,2,1,0,36.170820,-86.601550,OLD HICKORY BLVD,,,,0.00,,,I40 W EXT RAMP,,,,0.00,Y,Four-Way,N,Intersection,None,,,         ,Terence,Mitchell,Clear,Angle,no,no,no,no,no,False
102759488,METROPOLITAN NASHVILLE POLICE DEPT,20200522287,Davidson,Nashville,8/13/2020 4:19:00 PM,2,0,0,36.193550,-86.776740,I 65,,,,0.00,,,,,,,86.50,N,Not at Intersection, ,Non-Junction,None,,,         ,James,Williams,Clear,"Sideswipe, Same Direction",no,no,no,no,no,False
102759491,METROPOLITAN NASHVILLE POLICE DEPT,20200522185,Davidson,Nashville,8/13/2020 3:28:00 PM,2,1,0,36.161890,-86.775170,2ND AVS,,,,0.00,,,BROADWAY,,,,0.00,Y,Four-Way,N,Intersection,None,,,         ,Michael,Douglas,Clear,"Sideswipe, Same Direction",no,no,no,no,no,False
102759497,METROPOLITAN NASHVILLE POLICE DEPT,20200522407,Davidson,Antioch,8/13/2020 2:41:00 PM,2,0,0,36.061900,-86.593960,HOBSON PKE,,,,117.00,Feet,North,WINDCREST TRL,,,,0.00,N,Not at Intersection, ,Non-Junction,None,,,         ,Byron,Dewalt,Clear,Front to Rear,no,no,no,no,no,False
102759498,METROPOLITAN NASHVILLE POLICE DEPT,20200522435,Davidson,Antioch,8/13/2020 5:40:00 PM,2,0,0,36.059350,-86.596920,HOBSON PKE,,,,376.00,Feet,North,HAMILTON CHURCH RD,,,,0.00,N,Not at Intersection,N,Non-Junction,None,,,         ,Brandon,Simpkins,Clear,Angle,no,no,no,no,yes,False
102759500,METROPOLITAN NASHVILLE POLICE DEPT,20200522353,Davidson,Nashville,8/13/2020 4:01:00 PM,2,0,0,36.099090,-86.710400,I 24,,,,0.00,,,,,,,54.65,N,Not at Intersection,N,Non-Junction,None,,,         ,Nadine,Klemenz,Cloudy,Front to Rear,no,no,no,no,no,False
102759505,METROPOLITAN NASHVILLE POLICE DEPT,20200522383,Davidson,Nashville,8/13/2020 5:11:00 PM,2,1,0,36.090500,-86.703700,I 24,,,,0.00,,,,,,,55.35,N,Not at Intersection, ,Non-Junction,None,,,         ,Edward,Starke,Clear,Front to Rear,no,no,no,no,no,False
102759507,METROPOLITAN NASHVILLE POLICE DEPT,20200522062,Davidson,Nashville,8/13/2020 2:08:00 PM,3,0,0,36.149120,-86.746580,I 40,,,,0.00,,,,,,,211.80,N,Not at Intersection,N,Non-Junction,None,,,         ,Charles,Boles,Clear,"Sideswipe, Same Direction",no,no,no,no,no,False
102759508,METROPOLITAN NASHVILLE POLICE DEPT,20200522285,Davidson,Nashville,8/13/2020 4:24:00 PM,2,1,0,36.156450,-86.631310,STEWARTS FERRY PKE,,,,0.00,,,I40 W EXT RAMP,,,,0.00,Y,Four-Way,N,Intersection,None,,,         ,Mary,Robinson,Clear,Angle,no,no,no,no,no,False
102759528,METROPOLITAN NASHVILLE POLICE DEPT,20200522379,Davidson,Nashville,8/13/2020 12:00:00 AM,1,0,0,36.154220,-86.788160,I 40,,,,0.00,,,,,,,209.30,N,Not at Intersection,Y,Entrance/Exit Ramp Related,None,,,         ,Trevor,Taylor,Clear,Not Collision with Motor Vehicle in Transport,no,no,no,no,no,False
102759533,METROPOLITAN NASHVILLE POLICE DEPT,20200522298,Davidson,Nashville,8/13/2020 4:31:00 PM,3,0,0,36.169330,-86.766640,I 24,,,,0.00,,,,,,,48.75,N,Not at Intersection,N,Non-Junction,None,,,         ,Roy,Sain Jr.,Cloudy,Rear to Rear,no,no,no,no,no,False
102759537,METROPOLITAN NASHVILLE POLICE DEPT,20200522378,Davidson,Nashville,8/13/2020 3:40:00 PM,2,0,0,36.109060,-86.723500,BRILEY PKWYN,,,,100.00,Feet,South,I24 E ENT RAMP,,,,0.00,N,Not at Intersection,Y,Non-Junction,None,,,         ,Jonathan,Watch,Clear,Front to Rear,no,no,no,no,yes,False
102759539,METROPOLITAN NASHVILLE POLICE DEPT,20200522466,Davidson,Nashville,8/13/2020 4:28:00 PM,2,0,0,36.109450,-86.728050,BRILEY PKWYN,,,,0.00,Feet,North,BRILEY PKWYS,,,,0.00,N,Not at Intersection, ,Non-Junction,None,,,         ,Steffani,Dahlstrom,Clear,Front to Rear,no,no,no,no,no,False
102759545,METROPOLITAN NASHVILLE POLICE DEPT,20200522269,Davidson,Nashville,8/13/2020 4:17:00 PM,2,1,0,36.170400,-86.768450,INTERSTATE DR,,,,0.00,,,WOODLAND ST,,,,0.00,Y,Four-Way,N,Intersection,None,,,         ,Cory,West,Clear,Angle,no,no,no,no,no,False
102759547,METROPOLITAN NASHVILLE POLICE DEPT,20200522107,Davidson,Nashville,8/13/2020 2:45:00 PM,3,0,0,36.132990,-86.727150,I 24,,,,0.00,,,,,,,52.00,N,Not at Intersection,N,Non-Junction,None,,,         ,Michael,Foster,Clear,Front to Rear,no,no,no,no,no,False
102759565,METROPOLITAN NASHVILLE POLICE DEPT,20200522521,Davidson,Nashville,8/13/2020 5:18:00 PM,2,0,0,36.091600,-86.704590,I 24,,,,0.00,,,,,,,55.25,N,Not at Intersection, ,Non-Junction,None,,,         ,Edward,Starke,Clear,Front to Rear,no,no,no,no,no,False
102759566,METROPOLITAN NASHVILLE POLICE DEPT,20200522393,Davidson,Nashville,8/13/2020 3:33:00 PM,2,0,0,36.037270,-86.788350,OLD HICKORY BLVD,,,,518.00,Feet,West,FRANKLIN PKE,,,,0.00,N,Not at Intersection,N,Non-Junction,None,,,         ,Nicholas,Carroll,Clear,Front to Rear,no,no,no,no,no,False
102759568,METROPOLITAN NASHVILLE POLICE DEPT,20200522314,Davidson,Nashville,8/13/2020 4:34:00 PM,2,0,0,36.230100,-86.771810,EWING DR,,,,296.00,Feet,West,HILLHURST DR,,,,0.00,N,Not at Intersection,N,Non-Junction,None,,,         ,Bradley,Fort,Cloudy,Front to Rear,no,no,no,no,yes,False
102759571,METROPOLITAN NASHVILLE POLICE DEPT,20200522511,Davidson,Not in City Limit,8/13/2020 4:54:00 PM,2,1,0,36.264210,-86.735190,OLD HICKORY BLVDW,,,,0.00,,,BOYDS HILLTOP DR,,,,0.00,Y,T-Intersection,Y,Intersection-Related,None,,,         ,Jonathan,Foote,Clear,Angle,no,no,no,no,no,False
102759577,VANDERBILT UNIVERSITY POLICE,20200522600,Davidson,Nashville,8/13/2020 6:45:00 PM,1,0,0,36.138710,-86.800390,CAPERS AV,,,,75.00,Feet,East,21ST AVS,,,,0.00,N,Not at Intersection, ,,None,,,         ,Charles,Stevens,,,no,no,no,yes,no,Campus
102759581,METROPOLITAN NASHVILLE POLICE DEPT,20200522262,Davidson,Nashville,8/13/2020 4:03:00 PM,3,1,0,36.239150,-86.757660,DICKERSON PKE,,,,0.00,,,I65 S ENT RAMP,,,,0.00,Y,Y-Intersection,N,Entrance/Exit Ramp Related,None,,,         ,Christopher,Littles,Clear,Front to Rear,no,no,no,no,no,False
102759583,METROPOLITAN NASHVILLE POLICE DEPT,20200522468,Davidson,Not in City Limit,8/13/2020 5:32:00 PM,3,2,0,36.270870,-86.689710,MYATT DR,,,,457.00,Feet,South,ANDERSON LN,,,,0.00,N,Not at Intersection,N,Non-Junction,None,,,         ,Christopher,Littles,Cloudy,Front to Rear,no,no,no,no,no,False
102759600,METROPOLITAN NASHVILLE POLICE DEPT,20200522576,Davidson,Nashville,8/13/2020 6:55:00 PM,1,0,0,36.143540,-86.687900,I 40,,,,0.00,,,,,,,215.40,N,Not at Intersection, ,Non-Junction,None,,,         ,Christopher,Valdez,Rain,Not Collision with Motor Vehicle in Transport,no,no,no,no,no,False
102759603,METROPOLITAN NASHVILLE POLICE DEPT,20200522592,Davidson,Nashville,8/13/2020 7:03:00 PM,2,0,0,36.120690,-86.726840,I 24,,,,0.00,,,,,,,52.90,N,Not at Intersection, ,Non-Junction,None,,,         ,Nadine,Klemenz,Rain,"Sideswipe, Same Direction",no,no,no,no,no,False
102759604,METROPOLITAN NASHVILLE POLICE DEPT,20200522641,Davidson,Nashville,8/13/2020 5:52:00 PM,2,0,0,36.184220,-86.798060,ROSA L PARKS BLVD,,,,17.00,Feet,South,I65 N ENT RAMP,,,,0.00,N,Not at Intersection,N,Non-Junction,None,,,         ,Eric,McCoy,Clear,Front to Rear,no,no,no,no,yes,False
102759608,METROPOLITAN NASHVILLE POLICE DEPT,20200522705,Davidson,Nashville,8/13/2020 8:00:00 PM,2,0,0,36.052210,-86.644910,EAGLE VIEW BLVD,,,,0.00,,,BELL RD,,,,0.00,Y,T-Intersection, ,,None,,,         ,Brandon,Simpkins,,,no,no,no,no,no,False
102759612,METROPOLITAN NASHVILLE POLICE DEPT,20200522639,Davidson,Nashville,8/13/2020 7:22:00 PM,2,0,0,36.072510,-86.691880,I 24,,,,0.00,,,,,,,56.75,N,Not at Intersection,N,Non-Junction,None,,,         ,Edward,Starke,Rain,"Sideswipe, Same Direction",no,no,no,no,yes,False
102759617,METROPOLITAN NASHVILLE POLICE DEPT,20200522726,Davidson,Nashville,8/13/2020 7:57:00 PM,2,0,0,36.071540,-86.664340,APOLLO DR,,,,0.00,Feet,West,UNA ANTIOCH PKE,,,,0.00,N,Not at Intersection, ,,None,,,         ,Steffani,Dahlstrom,,,no,no,no,no,no,False
102759618,METROPOLITAN NASHVILLE POLICE DEPT,20200522686,Davidson,Nashville,8/13/2020 12:00:00 AM,2,2,0,36.077550,-86.658020,PICCADILLY ROW,,,,61.00,Feet,North,OKEE TRL,,,,0.00,N,Not at Intersection,N,Non-Junction,None,,,         ,John,Braun,Rain,Front to Rear,no,no,no,no,yes,False
102759621,METROPOLITAN NASHVILLE POLICE DEPT,20200522658,Davidson,Nashville,8/13/2020 7:34:00 PM,2,0,0,36.211270,-86.732850,GALLATIN PKE,,,,141.00,Feet,South,HART LN,,,,0.00,N,Not at Intersection, ,Non-Junction,None,,,         ,Zachary,Aldrich,Cloudy,Front to Rear,no,no,no,no,no,False
102759625,METROPOLITAN NASHVILLE POLICE DEPT,20200522688,Davidson,Not in City Limit,8/13/2020 3:06:00 PM,2,0,0,36.086130,-86.972420,HIGHWAY 70S,,,,1910.00,Feet,West,SADDLE RIDGE CT,,,,0.00,N,Not at Intersection,N,Non-Junction,None,,,         ,Lawrence,Whited,Clear,Front to Rear,no,no,no,no,no,False
102759637,METROPOLITAN NASHVILLE POLICE DEPT,20200522750,Davidson,Nashville,8/13/2020 7:30:00 PM,2,0,0,36.125290,-86.742130,GLENROSE AVE,,,,0.00,,,,,,,0.00,,,N,Non-Junction,None,,,         ,Nadine,Klemenz,Rain,Front to Rear,no,no,no,no,yes,False
102759641,METROPOLITAN NASHVILLE POLICE DEPT,20200522729,Davidson,Nashville,8/13/2020 8:15:00 PM,1,0,0,36.063060,-86.682780,I 24,,,,0.00,,,,,,,57.60,N,Not at Intersection,N,Non-Junction,None,,,         ,Steven,Begley,Rain,Not Collision with Motor Vehicle in Transport,no,no,no,no,no,False
102759642,METROPOLITAN NASHVILLE POLICE DEPT,20200522579,Davidson,Nashville,8/13/2020 6:33:00 PM,2,0,0,36.129340,-86.714520,MURFREESBORO PKE,,,,75.00,Feet,East,MILLWOOD DR,,,,0.00,N,Not at Intersection, ,Non-Junction,None,,,         ,Dontaveous,Eubanks,Rain,Front to Rear,no,no,no,no,no,False
102759644,METROPOLITAN NASHVILLE POLICE DEPT,20200522490,Davidson,Nashville,8/13/2020 12:00:00 AM,2,0,0,36.153300,-86.772180,4TH AVS,,,,0.00,,,ELM ST,,,,0.00,Y,Four-Way,Y,Intersection,None,,,         ,Trevor,Taylor,Clear,Angle,no,no,no,no,no,False
102759647,METROPOLITAN NASHVILLE POLICE DEPT,20200522712,Davidson,Nashville,8/13/2020 7:59:00 PM,2,1,0,36.081610,-86.697450,I 24,,,,0.00,,,,,,,56.05,N,Not at Intersection,N,Non-Junction,None,,,         ,Edward,Starke,Rain,Front to Rear,no,no,no,no,no,False
102759657,METROPOLITAN NASHVILLE POLICE DEPT,20200522731,Davidson,Nashville,8/13/2020 8:18:00 PM,2,0,0,36.065440,-86.685550,I 24,,,,0.00,,,,,,,57.35,N,Not at Intersection,N,Non-Junction,None,,,         ,Tyler,Geiger,Rain,Front to Rear,no,no,no,no,yes,False