master_record_number,agency,agency_tracking_number,county,city,collision_date,vehicles_involved,number_injured,number_dead,latitude,longitude,roadway_name,roadway_suffix,roadway_number,roadway_local_id,distance_from_reference,miles-feet_indicator,direction_from_reference,intersection_road_name,intersection_road_name_suffix,intersection_road_number,intersection_local_id,mile_marker,intersection_indicator,intersect_type,interchange_related_indicator,relation_to_junction,work_zone_type,construction_maintenance_zone,construction_maintenance_zone_location,fatal_case_number,officer_first_name,officer_last_name,weather_condition(s),manner_of_crash,pedestrian,bicycle,scooter,parking,hitrun,mou
102761977,METROPOLITAN NASHVILLE POLICE DEPT,20200529641,Davidson,Nashville,8/17/2020 8:15:00 AM,2,0,0,36.164860,-86.767910,S 2ND ST,,,,0.00,,,SHELBY AV,,,,0.00,Y,Four-Way,N,Intersection,None,,,         ,Charles,Coe,Clear,Front to Rear,no,no,no,no,no,False
102761980,METROPOLITAN NASHVILLE POLICE DEPT,20200529554,Davidson,Nashville,8/17/2020 7:40:00 AM,2,1,0,36.171270,-86.870980,BRILEY PKWY S EXT RAMP,,,,0.00,,,CENTENNIAL BLVD,,,,0.00,Y,OTHER,N,Entrance/Exit Ramp Related,None,,,         ,Phillip,Murphy,Clear,Front to Rear,no,no,no,no,no,False
102761988,METROPOLITAN NASHVILLE POLICE DEPT,20200529603,Davidson,Nashville,8/17/2020 8:03:00 AM,2,0,0,36.106210,-86.673060,MURFREESBORO PKE,,,,0.00,,,DONELSON PKE,,,,0.00,Y,Four-Way, ,Intersection,None,,,         ,Michael,Brooks,Clear,Angle,no,no,no,no,no,False
102761989,METROPOLITAN NASHVILLE POLICE DEPT,20200529631,Davidson,Nashville,8/17/2020 8:13:00 AM,2,0,0,36.169320,-86.606080,I 40,,,,0.00,,,,,,,220.55,N,Not at Intersection, ,Non-Junction,None,,,         ,Michael,Brooks,Clear,"Sideswipe, Same Direction",no,no,no,no,no,False
102762011,METROPOLITAN NASHVILLE POLICE DEPT,20200529880,Davidson,Nashville,8/17/2020 9:58:00 AM,2,0,0,36.099690,-86.764260,I 65,,,,0.00,,,,,,,79.00,N,Not at Intersection, ,Non-Junction,None,,,         ,Alquavious,McDaniel,Clear,"Sideswipe, Same Direction",no,no,no,no,no,False
102762012,METROPOLITAN NASHVILLE POLICE DEPT,20200529617,Davidson,Nashville,8/17/2020 7:40:00 AM,2,0,0,36.130300,-86.837780,HARDING PKE,,,,0.00,,,CHEROKEE RD,,,,0.00,Y,Four-Way,N,Intersection,None,,,         ,Michael,Pyle,Clear,Angle,no,no,no,no,no,False
102762018,METROPOLITAN NASHVILLE POLICE DEPT,20200529900,Davidson,Nashville,8/17/2020 10:16:00 AM,2,1,0,36.153280,-86.651310,LAKELAND DR,,,,146.00,Feet,West,IRONWOOD DR,,,,0.00,N,Not at Intersection,N,Non-Junction,None,,,         ,Michael,Dance,Clear,Angle,no,no,no,no,no,False
102762020,METROPOLITAN NASHVILLE POLICE DEPT,20200529522,Davidson,Nashville,8/17/2020 7:22:00 AM,2,0,0,36.174350,-86.770920,I 24,,,,0.00,,,,,,,48.10,N,Not at Intersection,N,Non-Junction,None,,,         ,Harold,Wells,Clear,Unknown,no,no,no,no,yes,False
102762021,METROPOLITAN NASHVILLE POLICE DEPT,20200529868,Davidson,Nashville,8/16/2020 12:00:00 AM,2,0,0,36.157020,-86.833110,CLIFTON AVE,,,,113.00,Feet,West,ALAMEDA ST,,,,0.00,N,Not at Intersection,N,Non-Junction,None,,,         ,Wesley,Young,Unknown,"Sideswipe, Opposite Direction",no,no,no,no,yes,False
102762031,METROPOLITAN NASHVILLE POLICE DEPT,20200529972,Davidson,Nashville,8/17/2020 10:45:00 AM,2,0,0,36.042390,-86.713650,SWISS AV,,,,210.00,Feet,West,MILL CREEK WHITTLEMORE GRNWY,,,,0.00,N,Not at Intersection, ,Non-Junction,None,,,         ,Tony,Folad,Clear,Front to Rear,no,no,no,no,no,False
102762032,METROPOLITAN NASHVILLE POLICE DEPT,20200529939,Davidson,Nashville,8/16/2020 12:00:00 AM,3,0,0,36.181080,-86.811520,DR DB TODD JR BLVD,,,,0.00,,,SAINT LOUIS ST,,,,0.00,Y,T-Intersection,N,Intersection-Related,None,,,         ,Wesley,Young,Unknown,"Sideswipe, Same Direction",no,no,no,no,yes,False
102762035,METROPOLITAN NASHVILLE POLICE DEPT,20200530045,Davidson,Nashville,8/17/2020 11:43:00 AM,2,0,0,36.151120,-86.750530,I 40,,,,0.00,,,,,,,211.55,N,Not at Intersection, ,Non-Junction,None,,,         ,Michael,Dance,Clear,Front to Rear,no,no,no,no,no,False
102762040,METROPOLITAN NASHVILLE POLICE DEPT,2020-0529905,Davidson,Nashville,8/17/2020 10:19:00 AM,2,3,0,36.076760,-86.725450,NOLENSVILLE PKE,,,,126.00,Feet,South,WALLACE RD,,,,0.00,N,Not at Intersection,N,Non-Junction,None,,,         ,Sean,Williams,Clear,Front to Rear,no,no,no,no,no,False
102762051,METROPOLITAN NASHVILLE POLICE DEPT,20200529891,Davidson,Nashville,8/17/2020 9:35:00 AM,2,0,0,36.051510,-86.714360,NOLENSVILLE PKE,,,,0.00,,,OCALA DR,,,,0.00,Y,Four-Way,N,Intersection-Related,None,,,         ,Alex,Moore,Clear,Front to Rear,no,no,no,no,yes,False
102762057,METROPOLITAN NASHVILLE POLICE DEPT,20200530172,Davidson,Nashville,8/17/2020 12:46:00 PM,1,1,0,36.154840,-86.758670,HERMITAGE AV,,,,62.00,Feet,West,DRIFTWOOD ST,,,,0.00,N,Not at Intersection,N,Non-Junction,None,,,         ,Michael,Dance,Clear,Not Collision with Motor Vehicle in Transport,yes,no,no,no,no,False
102762082,METROPOLITAN NASHVILLE POLICE DEPT,20200530201,Davidson,Nashville,8/17/2020 12:45:00 PM,2,0,0,36.198440,-86.620270,LEBANON PKE,,,,0.00,Feet,,OLD HICKORY BLVD,,,,0.00,Y,Four-Way, ,Intersection-Related,None,,,         ,Rex,Engelbert,Clear,Front to Rear,no,no,no,no,no,False
102762088,METROPOLITAN NASHVILLE POLICE DEPT,20200530098,Davidson,Nashville,8/17/2020 11:15:00 AM,2,0,0,36.212460,-86.761250,DELLWAY VILLA RD,,,,0.00,,,,,,,0.00,,,N,OtherLocation,None,,,         ,Russell,Freeman,Clear,Front to Rear,no,no,no,yes,yes,False
102762089,METROPOLITAN NASHVILLE POLICE DEPT,20200529474,Davidson,Nashville,8/17/2020 6:58:00 AM,2,0,0,36.125830,-86.751520,GLENROSE AV,,,,0.00,,,WHITNEY AV,,,,0.00,Y,T-Intersection,N,Intersection,None,,,         ,Patrick,Martin,Clear,Angle,no,no,no,no,no,False
102762090,METROPOLITAN NASHVILLE POLICE DEPT,20200530170,Davidson,Nashville,8/17/2020 12:44:00 PM,2,0,0,36.085090,-86.728390,NOLENSVILLE PKE,,,,109.00,Feet,North,PARAGON MILLS RD,,,,0.00,N,Not at Intersection,N,Non-Junction,None,,,         ,Patrick,Martin,Clear,"Sideswipe, Same Direction",no,no,no,no,yes,False
102762109,METROPOLITAN NASHVILLE POLICE DEPT,20200530175,Davidson,Nashville,8/17/2020 12:00:00 AM,2,0,0,36.181590,-86.799740,I 65,,,,0.00,,,,,,,85.10,N,Not at Intersection, ,Non-Junction,None,,,         ,Julie,Nabors,Clear,"Sideswipe, Same Direction",no,no,no,no,no,False
102762110,METROPOLITAN NASHVILLE POLICE DEPT,20200530156,Davidson,Nashville,8/17/2020 12:40:00 PM,2,1,0,36.196920,-86.775650,I 65,,,,0.00,,,,,,,86.65,N,Not at Intersection,N,Non-Junction,None,,,         ,Scarlett,Collins,Clear,Front to Rear,no,no,no,no,no,False
102762112,METROPOLITAN NASHVILLE POLICE DEPT,20200530180,Davidson,Nashville,8/17/2020 12:45:00 PM,2,0,0,36.210490,-86.711660,RIVERWOOD DR,,,,500.00,Feet,East,COOPER LN,,,,0.00,N,Not at Intersection, ,Non-Junction,None,,,         ,Russell,Freeman,Clear,Front to Rear,no,no,no,no,no,False
102762113,BERRY HILL POLICE DEPT,20-3012,Davidson,Berry Hill,8/17/2020 12:51:00 PM,2,0,0,36.124980,-86.776670,FRANKLIN PKE,,,,0.00,,,INVERNESS AV,,,,0.00,Y,T-Intersection, ,Intersection,None,,,         ,Ronnie,Hill,Clear,Front to Rear,no,no,no,no,no,False
102762124,METROPOLITAN NASHVILLE POLICE DEPT,20200530270,Davidson,Nashville,8/17/2020 1:44:00 PM,2,2,0,36.131890,-86.895530,I40 E ENT RAMP,,,,0.00,,,I 40,,,,0.00,Y,Four-Way,N,Intersection,None,,,         ,Curtis,Rich,Clear,Angle,no,no,no,no,no,False
102762158,METROPOLITAN NASHVILLE POLICE DEPT,20200530373,Davidson,Nashville,8/17/2020 2:37:00 PM,1,1,0,36.154060,-86.838030,I 40,,,,0.00,,,,,,,205.05,N,Not at Intersection,N,Non-Junction,None,,,         ,Andrew,McCarron,Clear,Not Collision with Motor Vehicle in Transport,no,no,no,no,no,False
102762166,METROPOLITAN NASHVILLE POLICE DEPT,20200530419,Davidson,Nashville,8/17/2020 2:24:00 PM,2,0,0,36.049280,-86.651730,HICKORY HOLLOW LN,,,,0.00,,,BELL RD,,,,0.00,Y,Four-Way,N,Intersection,None,,,         ,Joel,Bennett,Clear,Front to Rear,no,no,no,no,yes,False
102762174,METROPOLITAN NASHVILLE POLICE DEPT,20200530507,Davidson,Nashville,8/17/2020 3:42:00 PM,3,0,0,36.046160,-86.660730,I 24,,,,0.00,,,,,,,59.30,N,Not at Intersection,N,Non-Junction,None,,,         ,Joel,Bennett,Clear,Front to Rear,no,no,no,no,yes,False
102762182,METROPOLITAN NASHVILLE POLICE DEPT,20200530495,Davidson,Lakewood,8/17/2020 2:33:00 PM,2,0,0,36.244140,-86.636970,OLD HICKORY BLVD,,,,336.00,Feet,West,FERRELL DR,,,,0.00,N,Not at Intersection,N,Non-Junction,None,,,         ,Melina,Tamborella,Clear,"Sideswipe, Same Direction",no,no,no,no,yes,False
102762190,METROPOLITAN NASHVILLE POLICE DEPT,20200530517,Davidson,Nashville,8/17/2020 3:11:00 PM,2,2,0,36.046740,-86.678830,BELL RD,,,,175.00,Feet,East,BRITTANY PARK DR,,,,0.00,N,Not at Intersection,N,Non-Junction,None,,,         ,Steven,Begley,Clear,"Sideswipe, Same Direction",no,no,no,no,yes,False
102762196,METROPOLITAN NASHVILLE POLICE DEPT,20200530435,Davidson,Nashville,8/17/2020 2:50:00 PM,2,0,0,36.109640,-86.816320,CRESTMOOR RD,,,,287.00,Feet,West,GREEN HILLS VILLAGE DR,,,,0.00,N,Not at Intersection, ,Non-Junction,None,,,         ,William,Vanbergen,Clear,"Sideswipe, Same Direction",no,no,no,no,no,False
102762200,METROPOLITAN NASHVILLE POLICE DEPT,20200530334,Davidson,Nashville,8/17/2020 2:13:00 PM,2,0,0,36.128010,-86.712810,MURFREESBORO PKE,,,,87.00,Feet,East,PHILFRE CT,,,,0.00,N,Not at Intersection, ,Non-Junction,None,,,         ,Robert,Marquez,Clear,Angle,no,no,no,no,no,False
102762201,METROPOLITAN NASHVILLE POLICE DEPT,20200530444,Davidson,Nashville,8/17/2020 3:11:00 PM,2,0,0,36.044930,-86.664610,BELL RD,,,,539.00,Feet,North,CANE RIDGE RD,,,,0.00,N,Not at Intersection, ,Non-Junction,None,,,         ,Edward,Starke,Clear,Angle,no,no,no,no,no,False
102762203,METROPOLITAN NASHVILLE POLICE DEPT,20200530543,Davidson,Nashville,8/17/2020 4:47:00 PM,2,0,0,36.158410,-86.790610,GEORGE L DAVIS BLVD,,,,0.00,,,CHURCH ST,,,,0.00,Y,Four-Way, ,Non-Junction,None,,,         ,Nicholas,Berry,Clear,Front to Rear,no,no,no,no,no,False
102762204,METROPOLITAN NASHVILLE POLICE DEPT,20200530457,Davidson,Nashville,8/17/2020 2:52:00 PM,2,0,0,36.130462,-86.900051,I 40 W EXIT RAMP,,,,0.00,,,CHARLOTTE PK,,,,0.00,Y,T-Intersection,N,Entrance/Exit Ramp Related,None,,,         ,Jeremy,Huffine,Clear,Front to Rear,no,no,no,no,yes,False
102762213,METROPOLITAN NASHVILLE POLICE DEPT,20200530602,Davidson,Nashville,8/17/2020 3:55:00 PM,2,1,0,36.150150,-86.857950,CHARLOTTE PKE,,,,0.00,,,WHITE BRIDGE PKE,,,,0.00,Y,Four-Way,N,Intersection,None,,,         ,William,Vanbergen,Clear,Front to Rear,no,no,no,no,yes,False
102762221,METROPOLITAN NASHVILLE POLICE DEPT,20200530633,Davidson,Nashville,8/17/2020 4:08:00 PM,2,0,0,36.109450,-86.728050,BRILEY PKWYN,,,,0.00,Feet,,BRILEY PKWYS,,,,0.00,Y,Four-Way,N,Intersection,None,,,         ,Joel,Bennett,Clear,Front to Rear,no,no,no,no,no,False
102762230,THP District 3 - Nashville,320046751,Davidson,Not in City Limit,8/17/2020 6:58:00 AM,2,0,0,36.320780,-86.852400,I 24,,,,0.00,,,,,,,35.85,N,Not at Intersection, ,Non-Junction,None,,,         ,Randall retired,Cole retired,Clear,"Sideswipe, Same Direction",no,no,no,no,no,False
102762234,METROPOLITAN NASHVILLE POLICE DEPT,20200530652,Davidson,Nashville,8/17/2020 4:58:00 PM,3,1,0,36.114390,-86.810820,HILLSBORO PKE,,,,160.00,Feet,North,WOODMONT BLVD,,,,0.00,N,Not at Intersection,N,Non-Junction,None,,,         ,Andrew,McCarron,Clear,Front to Rear,no,no,no,no,no,False
102762240,METROPOLITAN NASHVILLE POLICE DEPT,20200530470,Davidson,Nashville,8/17/2020 3:24:00 PM,2,0,0,36.165930,-86.766490,SHELBY AV,,,,203.00,Feet,West,I24 E ENT RAMP,,,,0.00,N,Not at Intersection,N,Non-Junction,None,,,         ,Erik,Wagner,Clear,Front to Rear,no,no,no,no,no,False
102762241,METROPOLITAN NASHVILLE POLICE DEPT,20200530631,Davidson,Nashville,8/17/2020 4:42:00 PM,4,3,0,36.169360,-86.679890,LEBANON PKE,,,,0.00,,,MCGAVOCK PKE,,,,0.00,Y,Four-Way,Y,Intersection,None,,,         ,Joseph,Simon,Clear,HeadOn,no,no,no,no,no,False
102762242,METROPOLITAN NASHVILLE POLICE DEPT,20200530624,Davidson,Nashville,8/17/2020 4:44:00 PM,3,0,0,36.193650,-86.831200,US HWY 41 ALT,,,,0.00,Feet,,BUENA VISTA PIKE,,,,0.00,Y,Four-Way,Y,Intersection,None,,,         ,Jessica,Johann,Clear,Other,no,no,no,no,yes,False
102762244,METROPOLITAN NASHVILLE POLICE DEPT,20200530407,Davidson,Nashville,8/17/2020 11:45:00 AM,2,0,0,36.237540,-86.735540,BRILEY PKWYE,,,,172.00,Feet,South,BRILEY PKWYW,,,,0.00,N,Not at Intersection,N,Entrance/Exit Ramp Related,None,,,         ,Bryson,Wilkins,Clear,"Sideswipe, Same Direction",no,no,no,no,yes,False
102762245,METROPOLITAN NASHVILLE POLICE DEPT,20200530693,Davidson,Goodlettsville,8/17/2020 5:12:00 PM,3,2,0,36.304560,-86.689200,GALLATIN PKEN,,,,86.00,Feet,West,LIBERTY LN,,,,0.00,N,Not at Intersection,N,Non-Junction,None,,,         ,Christopher,Littles,Clear,Front to Rear,no,no,no,no,no,False
102762246,METROPOLITAN NASHVILLE POLICE DEPT,20200530767,Davidson,Nashville,8/17/2020 5:48:00 PM,2,0,0,36.247330,-86.743430,I 65,,,,0.00,,,,,,,91.00,N,Not at Intersection, ,Non-Junction,None,,,         ,Christopher,Littles,Clear,Front to Rear,no,no,no,no,no,False
102762248,METROPOLITAN NASHVILLE POLICE DEPT,20200530745,Davidson,Nashville,8/17/2020 5:39:00 PM,2,0,0,36.074620,-86.647860,EDGE O LAKE DR,,,,381.00,Feet,South,DOVER GLEN PVTDR,,,,0.00,N,Not at Intersection, ,Non-Junction,None,,,         ,Edward,Starke,Clear,"Sideswipe, Same Direction",no,no,no,no,no,False
102762251,METROPOLITAN NASHVILLE POLICE DEPT,20200530675,Davidson,Nashville,8/17/2020 5:08:00 PM,2,1,0,36.246220,-86.779210,BRICK CHURCH PKE,,,,31.00,Feet,North,CHESAPEAKE DR,,,,0.00,N,Not at Intersection,N,Non-Junction,None,,,         ,Bradley,Fort,Clear,Angle,no,no,no,no,no,False
102762265,METROPOLITAN NASHVILLE POLICE DEPT,20200530790,Davidson,Nashville,8/17/2020 6:00:00 PM,3,1,0,36.042040,-86.653090,I 24,,,,0.00,,,,,,,59.80,N,Not at Intersection,N,Non-Junction,None,,,         ,Steven,Begley,Clear,Front to Rear,no,no,no,no,no,False
102762268,METROPOLITAN NASHVILLE POLICE DEPT,20200530765,Davidson,Nashville,8/17/2020 3:59:00 PM,2,0,0,36.046400,-86.677360,BELL RD,,,,627.00,Feet,East,BRITTANY PARK DR,,,,0.00,N,Not at Intersection, ,Non-Junction,None,,,         ,Joel,Bennett,Clear,Not Collision with Motor Vehicle in Transport,no,no,no,no,no,False
102762276,METROPOLITAN NASHVILLE POLICE DEPT,20200530889,Davidson,Nashville,8/17/2020 6:37:00 PM,2,0,0,36.087820,-86.704910,REISCHA SUE CIR,,,,42.00,Feet,East,REISCHA DR,,,,0.00,N,Not at Intersection,N,Non-Junction,None,,,         ,Edward,Starke,Clear,"Sideswipe, Opposite Direction",no,no,no,no,yes,False
102762278,METROPOLITAN NASHVILLE POLICE DEPT,20200530804,Davidson,Nashville,8/17/2020 6:10:00 PM,1,0,0,36.114250,-86.812210,WOODMONT BLVD,,,,0.00,,,,,,,0.00,,, ,Non-Junction,None,,,         ,Cressie,Prill,Clear,Not Collision with Motor Vehicle in Transport,no,no,no,yes,no,False
102762280,METROPOLITAN NASHVILLE POLICE DEPT,20200530527,Davidson,Nashville,8/17/2020 3:30:00 PM,2,0,0,36.046880,-86.679590,BELL RD,,,,53.00,Feet,West,BRITTANY PARK DR,,,,0.00,N,Not at Intersection, ,Non-Junction,None,,,         ,Edward,Starke,Clear,Front to Rear,no,no,no,no,no,False
102762285,METROPOLITAN NASHVILLE POLICE DEPT,20200530779,Davidson,Nashville,8/17/2020 5:00:00 PM,2,0,0,36.210920,-86.733100,GREENFIELD AV,,,,3.00,Feet,East,GALLATIN PKE,,,,0.00,N,Not at Intersection, ,,None,,,         ,Donovan,Coble,,,no,no,no,no,no,False
102762301,METROPOLITAN NASHVILLE POLICE DEPT,20200530690,Davidson,Nashville,8/17/2020 5:15:00 PM,2,3,0,36.193230,-86.830540,US HWY 41 ALT,,,,249.00,Feet,East,BUENA VISTA PIKE,,,,0.00,N,Not at Intersection,N,Non-Junction,None,,,         ,Chase,Harriman,Clear,Angle,no,no,no,no,no,False
102762306,METROPOLITAN NASHVILLE POLICE DEPT,20200530936,Davidson,Nashville,8/17/2020 7:19:00 PM,2,0,0,36.216670,-86.692530,MCGAVOCK PKE WB ENT RAMP,,,,0.00,Feet,,MCGAVOCK PKE WB EXT RAMP,,,,0.00,Y,Four-Way,N,Intersection,None,,,         ,Jason,Milyaro Lucas,Clear,Angle,no,no,no,no,no,False
102762308,GOODLETTSVILLE POLICE DEPT,20-24917,Davidson,Goodlettsville,8/17/2020 7:00:00 PM,1,0,0,36.307940,-86.710860,MOSS TRL,,,,425.00,Feet,East,DONALD AV,,,,0.00,N,Not at Intersection, ,Non-Junction,None,,,         ,Shane,Farrell,Clear,Not Collision with Motor Vehicle in Transport,no,no,no,no,no,False
102762312,METROPOLITAN NASHVILLE POLICE DEPT,20200530603,Davidson,Nashville,8/17/2020 12:00:00 AM,2,0,0,36.168680,-86.666930,LEBANON PKE,,,,7.00,Feet,West,J B ESTILLE DR,,,,0.00,N,Not at Intersection,N,Non-Junction,None,,,         ,Douglas,Mann,Clear,Front to Rear,no,no,no,no,yes,False
102762319,METROPOLITAN NASHVILLE POLICE DEPT,20200531077,Davidson,Nashville,8/17/2020 7:34:00 PM,2,0,0,36.066090,-86.690400,HICKORY LAKE APTS PVTDR,,,,0.00,Feet,East,I24 E ENT RAMP,,,,0.00,N,Not at Intersection, ,Non-Junction,None,,,         ,Laura,Williams,Clear,Angle,no,no,no,yes,no,False
102762324,METROPOLITAN NASHVILLE POLICE DEPT,20200531015,Davidson,Nashville,8/17/2020 7:19:00 PM,2,1,0,36.173270,-86.791400,ROSA L PARKS BLVD,,,,0.00,,,JEFFERSON ST,,,,0.00,Y,Four-Way,Y,Intersection,None,,,         ,Anna,Clayton,Clear,Other,no,no,no,no,no,False
102762333,METROPOLITAN NASHVILLE POLICE DEPT,20200531068,Davidson,Nashville,8/17/2020 8:30:00 PM,2,1,0,36.164510,-86.788670,10TH CIR N,,,,31.00,Feet,South,NELSON MERRY ST,,,,0.00,N,Not at Intersection,N,Non-Junction,None,,,         ,Brent,Morris,Clear,Angle,no,no,no,no,no,False
102762338,METROPOLITAN NASHVILLE POLICE DEPT,20200530965,Davidson,Nashville,8/17/2020 4:18:00 PM,3,0,0,36.151860,-86.679010,ELM HILL PKE,,,,583.00,Feet,East,AIRWAYS CIR,,,,0.00,N,Not at Intersection, ,Non-Junction,None,,,         ,Melina,Tamborella,Clear,Front to Rear,no,no,no,no,no,False
102762349,METROPOLITAN NASHVILLE POLICE DEPT,20200525418,Davidson,Nashville,8/15/2020 12:33:00 AM,1,0,1,36.250130,-86.718900,GALLATIN PKES,,,,310.00,Feet,North,E PALESTINE AV,,,,0.00,N,Not at Intersection,N,Non-Junction,None,,,20-0674  ,Christopher,Valdez,Clear,Not Collision with Motor Vehicle in Transport,yes,no,no,no,no,False
102762350,METROPOLITAN NASHVILLE POLICE DEPT,20200527080,Davidson,Goodlettsville,8/15/2020 10:08:00 PM,2,2,0,36.302750,-86.691850,RIVERGATE MARKETPLACE PVTDR,,,,0.00,,,GALLATIN PKEN,,,,0.00,Y,Four-Way,N,Intersection,None,,,         ,Christopher,Valdez,Clear,HeadOn,no,no,no,no,no,False
102762376,METROPOLITAN NASHVILLE POLICE DEPT,20200531009,Davidson,Nashville,8/17/2020 7:23:00 PM,2,1,0,36.151860,-86.679010,ELM HILL PKE,,,,583.00,Feet,East,AIRWAYS CIR,,,,0.00,N,Not at Intersection,N,Non-Junction,None,,,         ,Destiny,Zunic,Clear,Front to Rear,no,no,no,no,no,False
102762378,METROPOLITAN NASHVILLE POLICE DEPT,20200531095,Davidson,Not in City Limit,8/17/2020 12:00:00 AM,1,0,0,36.281300,-86.925930,GRAYS POINT RD,,,,185.00,Feet,South,RIDGE RD,,,,0.00,N,Not at Intersection,N,Non-Junction,None,,,         ,Melvin,Taylor,Clear,Not Collision with Motor Vehicle in Transport,no,no,no,yes,no,False
102762382,METROPOLITAN NASHVILLE POLICE DEPT,20200531110,Davidson,Lakewood,8/17/2020 8:57:00 PM,2,2,0,36.238780,-86.630010,OLD HICKORY BLVD,,,,0.00,,,LAKESHORE DR,,,,0.00,Y,Four-Way,N,Intersection,None,,,         ,Cheri,Cox,Clear,Front to Rear,no,no,no,no,no,False
102762391,METROPOLITAN NASHVILLE POLICE DEPT,20200531210,Davidson,Nashville,8/17/2020 10:26:00 PM,1,1,0,36.176750,-86.772720,SPRING ST,,,,552.00,Feet,East,N 1ST ST,,,,0.00,N,Not at Intersection,N,Non-Junction,None,,,         ,Gabriel,Vasquez,Clear,Not Collision with Motor Vehicle in Transport,no,no,no,no,no,False
102762405,METROPOLITAN NASHVILLE POLICE DEPT,20200531245,Davidson,Nashville,8/17/2020 10:51:00 PM,2,1,0,36.144170,-86.698020,I 40,,,,0.00,,,,,,,214.85,N,Not at Intersection,N,Non-Junction,None,,,         ,Corey,Ethridge,Clear,"Sideswipe, Same Direction",no,no,no,no,yes,False
102762406,METROPOLITAN NASHVILLE POLICE DEPT,20200531211,Davidson,Not in City Limit,8/17/2020 10:20:00 PM,2,0,0,36.311860,-86.882800,CLARKSVILLE PKE,,,,101.00,Feet,North,RAWLINGS RD,,,,0.00,N,Not at Intersection,N,Non-Junction,None,,,         ,Thomas,Clingan,Clear,Angle,no,no,no,no,no,False
102762407,METROPOLITAN NASHVILLE POLICE DEPT,20200531165,Davidson,Not in City Limit,8/17/2020 9:43:00 PM,1,1,0,36.139800,-86.562680,ALVIN SPERRY RD,,,,1357.00,Feet,South,LAKESIDE MEADOWS CIR,,,,0.00,N,Not at Intersection,N,Non-Junction,None,,,         ,Destiny,Zunic,Clear,Not Collision with Motor Vehicle in Transport,no,no,no,no,no,False
102762416,METROPOLITAN NASHVILLE POLICE DEPT,20200531252,Davidson,Nashville,8/17/2020 10:52:00 PM,2,1,0,36.105200,-86.717590,I 24,,,,0.00,,,,,,,54.10,N,Not at Intersection,N,Non-Junction,None,,,         ,Autumn,Manning,Clear,"Sideswipe, Same Direction",no,no,no,no,no,False
102762428,METROPOLITAN NASHVILLE POLICE DEPT,20200531336,Davidson,Not in City Limit,8/17/2020 11:35:00 PM,2,1,0,36.073820,-86.930360,HIGHWAY 70S,,,,41.00,Feet,West,BRISTOL CREEK DR,,,,0.00,N,Not at Intersection,N,Non-Junction,None,,,         ,Wyatt,Blacker,Clear,Front to Rear,no,no,no,no,yes,False
102762434,METROPOLITAN NASHVILLE POLICE DEPT,20200531352,Davidson,Not in City Limit,8/17/2020 11:30:00 PM,2,0,0,36.075280,-86.968600,I 40,,,,0.00,,,,,,,195.55,N,Not at Intersection,N,Non-Junction,None,,,         ,Christian,Downen,Clear,HeadOn,no,no,no,no,no,False
102762467,METROPOLITAN NASHVILLE POLICE DEPT,20200531816,Davidson,Nashville,8/18/2020 12:00:00 AM,2,1,0,36.166860,-86.756490,CAYCE PLACE PVTDR,,,,4.00,Feet,West,S 7TH ST,,,,0.00,N,Not at Intersection,N,Non-Junction,None,,,         ,Shaquille,Graham,Clear,Unknown,no,no,no,no,yes,False
102762497,METROPOLITAN NASHVILLE POLICE DEPT,20200530305,Davidson,Nashville,8/17/2020 2:00:00 PM,2,0,0,36.153310,-86.821060,US HWY 70,,,,67.00,Feet,West,31ST AVE N,,,,0.00,N,Not at Intersection, ,Non-Junction,None,,,         ,Wesley,Young,Clear,Front to Rear,no,no,no,no,no,False
102762522,METROPOLITAN NASHVILLE POLICE DEPT,2020-0531973,Davidson,Madison,8/18/2020 7:00:00 AM,2,0,0,36.265490,-86.739870,OLD HICKORY BLVDW,,,,0.00,,,I65 S EXT RAMP,,,,0.00,Y,T-Intersection,N,Entrance/Exit Ramp Related,None,,,         ,Travis,Baxter,Clear,Front to Rear,no,no,no,no,no,False
102762530,METROPOLITAN NASHVILLE POLICE DEPT,20200532027,Davidson,Nashville,8/18/2020 7:22:00 AM,2,0,0,36.154800,-86.763400,LINDSLEY AV,,,,20.00,Feet,West,ANTHES DR,,,,0.00,N,Not at Intersection, ,Non-Junction,None,,,         ,Miles,Posey,Clear,Front to Rear,no,no,no,no,no,False
102762534,METROPOLITAN NASHVILLE POLICE DEPT,20200531941,Davidson,Not in City Limit,8/18/2020 6:27:00 AM,2,1,0,36.264150,-86.691470,STATE RT 45,,,,0.00,,,MCARTHUR DR,,,,0.00,Y,Four-Way,N,Intersection,None,,,         ,Michelle,Steidl,Clear,Angle,no,no,no,no,no,False
102762546,METROPOLITAN NASHVILLE POLICE DEPT,20200531985,Davidson,Nashville,8/18/2020 6:49:00 AM,2,0,0,36.155020,-86.779490,8TH AVS,,,,109.00,Feet,West,KOREAN VETERANS BLVD,,,,0.00,N,Not at Intersection,N,Non-Junction,None,,,         ,Rachel,Susee,Clear,"Sideswipe, Same Direction",no,no,no,no,no,False
102762557,METROPOLITAN NASHVILLE POLICE DEPT,20200532055,Davidson,Nashville,8/18/2020 7:44:00 AM,2,0,0,36.153300,-86.849630,I40 E ENT RAMP,,,,0.00,Feet,East,I 40,,,,0.00,N,Not at Intersection, ,Entrance/Exit Ramp Related,None,,,         ,Curtis,Rich,Clear,Angle,no,no,no,no,no,False