master_record_number,agency,agency_tracking_number,county,city,collision_date,vehicles_involved,number_injured,number_dead,latitude,longitude,roadway_name,roadway_suffix,roadway_number,roadway_local_id,distance_from_reference,miles-feet_indicator,direction_from_reference,intersection_road_name,intersection_road_name_suffix,intersection_road_number,intersection_local_id,mile_marker,intersection_indicator,intersect_type,interchange_related_indicator,relation_to_junction,work_zone_type,construction_maintenance_zone,construction_maintenance_zone_location,fatal_case_number,officer_first_name,officer_last_name,weather_condition(s),manner_of_crash,pedestrian,bicycle,scooter,parking,hitrun,mou
102762562,METROPOLITAN NASHVILLE POLICE DEPT,20200532123,Davidson,Nashville,8/18/2020 8:12:00 AM,2,1,0,36.096440,-86.656060,SMITH SPRINGS RD,,,,0.00,,,MURFREESBORO PKE,,,,0.00,Y,Four-Way,N,Intersection,None,,,         ,Michael,Dance,Clear,Front to Rear,no,no,no,no,no,False
102762572,METROPOLITAN NASHVILLE POLICE DEPT,20200530758,Davidson,Nashville,8/17/2020 7:45:00 PM,4,0,0,36.078940,-86.728270,HARDING PL,,,,626.00,Feet,West,COVENTRY DR,,,,0.00,N,Not at Intersection, ,Non-Junction,None,,,         ,Michelle,Steidl,Clear,Front to Rear,no,no,no,no,yes,False
102762574,METROPOLITAN NASHVILLE POLICE DEPT,20200532048,Davidson,Nashville,8/18/2020 7:37:00 AM,2,0,0,36.109370,-86.727730,SOUTHLAKE DR,,,,95.00,Feet,East,BRILEY PKWYS,,,,0.00,N,Not at Intersection, ,,None,,,         ,Patrick,Martin,,,no,no,no,no,no,False
102762578,METROPOLITAN NASHVILLE POLICE DEPT,20200532231,Davidson,Nashville,8/18/2020 8:50:00 AM,1,1,0,36.107960,-86.623230,BELL RD,,,,0.00,,,,,,,0.00,,,N,Non-Junction,None,,,         ,Michael,Brooks,Clear,Not Collision with Motor Vehicle in Transport,no,no,no,no,no,False
102762592,METROPOLITAN NASHVILLE POLICE DEPT,2020530159,Davidson,Goodlettsville,8/17/2020 12:32:00 PM,2,0,0,36.295810,-86.700160,US HWY 31E,,,,464.00,Feet,South,RIVERGATE PKWY,,,,0.00,N,Not at Intersection,N,Non-Junction,None,,,         ,Ruben,Mariano,Clear,Front to Rear,no,no,no,no,yes,False
102762599,VANDERBILT UNIVERSITY POLICE,200530192,Davidson,Nashville,8/17/2020 1:07:00 PM,2,0,0,36.140640,-86.804300,24TH AVS,,,,0.00,,,,,,,0.00,,, ,Non-Junction,None,,,         ,Robert,Pasinger,Clear,Rear to Rear,no,no,no,yes,no,Campus
102762600,METROPOLITAN NASHVILLE POLICE DEPT,20200532366,Davidson,Nashville,8/18/2020 10:02:00 AM,2,1,0,36.193450,-86.617260,STATE HWY 45,,,,425.00,Feet,South,CONNECTING ROAD,,,,0.00,N,Not at Intersection,N,Non-Junction,None,,,         ,Joshua,Hausman,Clear,Angle,no,no,no,yes,no,False
102762602,METROPOLITAN NASHVILLE POLICE DEPT,20200532251,Davidson,Nashville,8/18/2020 9:02:00 AM,2,1,0,36.210310,-86.728470,GREENFIELD AV,,,,0.00,,,KATHERINE ST,,,,0.00,Y,Four-Way, ,Intersection,None,,,         ,Russell,Freeman,Clear,Front to Rear,no,no,no,no,no,False
102762607,METROPOLITAN NASHVILLE POLICE DEPT,20200532237,Davidson,Nashville,8/18/2020 8:53:00 AM,2,0,0,36.114040,-86.811830,WOODMONT BLVD,,,,140.00,Feet,East,VALLEY BROOK RD,,,,0.00,N,Not at Intersection,N,Non-Junction,None,,,         ,Brandon,O'Guin,Clear,Front to Rear,no,no,no,no,no,False
102762615,METROPOLITAN NASHVILLE POLICE DEPT,20200532335,Davidson,Nashville,8/18/2020 9:18:00 AM,2,0,0,36.083980,-86.706460,HARDING PL,,,,183.00,Feet,West,LINBAR DR,,,,0.00,N,Not at Intersection,N,Non-Junction,None,,,         ,Patrick,Martin,Clear,Front to Rear,no,no,no,no,no,False
102762616,METROPOLITAN NASHVILLE POLICE DEPT,20200532396,Davidson,Nashville,8/18/2020 10:00:00 AM,2,0,0,36.125810,-86.766190,CRAIGHEAD ST,,,,93.00,Feet,West,BRANSFORD AV,,,,0.00,N,Not at Intersection, ,Non-Junction,None,,,         ,Alquavious,McDaniel,Clear,Front to Rear,no,no,no,no,no,False
102762623,METROPOLITAN NASHVILLE POLICE DEPT,20200532030,Davidson,Nashville,8/18/2020 7:26:00 AM,2,1,0,36.247220,-86.744020,I65 S EXT RAMP,,,,0.00,,,I 65,,,,0.00,Y,OTHER,N,Non-Junction,None,,,         ,Frederick,Nelson,Clear,"Sideswipe, Same Direction",no,no,no,no,no,False
102762635,METROPOLITAN NASHVILLE POLICE DEPT,20200532043,Davidson,Nashville,8/18/2020 7:55:00 AM,1,0,0,36.237460,-86.786300,I 24,,,,0.00,,,,,,,43.60,N,Not at Intersection, ,Non-Junction,Maintenance Zone,,,         ,Gretta,Ireland,Clear,Not Collision with Motor Vehicle in Transport,no,no,no,no,no,False
102762643,METROPOLITAN NASHVILLE POLICE DEPT,20200532555,Davidson,Nashville,8/18/2020 11:48:00 AM,2,0,0,36.169460,-86.679050,LEBANON PKE,,,,252.00,Feet,East,MCGAVOCK PKE,,,,0.00,N,Not at Intersection, ,"Driveway, Alley Access, etc",None,,,         ,Michael,Dance,Clear,Angle,no,no,no,no,no,False
102762654,METROPOLITAN NASHVILLE POLICE DEPT,20200532406,Davidson,Nashville,8/18/2020 10:21:00 AM,2,1,0,36.158730,-86.798100,17TH AVN,,,,33.00,Feet,South,CHARLOTTE AV,,,,0.00,N,Not at Intersection,N,Non-Junction,None,,,         ,Michelle,Norris,Clear,"Sideswipe, Opposite Direction",no,no,no,no,no,False
102762680,METROPOLITAN NASHVILLE POLICE DEPT,20200532438,Davidson,Nashville,8/18/2020 10:30:00 AM,2,0,0,36.170610,-86.804890,I 40,,,,0.00,,,,,,,207.60,N,Not at Intersection, ,Non-Junction,None,,,         ,Wesley,Young,Clear,"Sideswipe, Same Direction",no,no,no,no,no,False
102762681,METROPOLITAN NASHVILLE POLICE DEPT,20200532659,Davidson,Nashville,8/18/2020 12:33:00 PM,2,0,0,36.130380,-86.857150,WHITE BRIDGE RD PVTDR,,,,207.00,Feet,West,TN TECHNOLOGY CTR PVTDR,,,,0.00,N,Not at Intersection, ,Non-Junction,None,,,         ,Curtis,Rich,Cloudy,Angle,no,no,no,yes,no,False
102762691,METROPOLITAN NASHVILLE POLICE DEPT,20200532531,Davidson,Nashville,8/18/2020 10:30:00 AM,2,0,0,36.207440,-86.792000,US HWY 431,,,,185.00,Feet,North,BAPTIST WORLD CENTER DR,,,,0.00,N,Not at Intersection, ,Non-Junction,None,,,         ,Wesley,Young,Clear,"Sideswipe, Same Direction",no,no,no,no,no,False
102762697,METROPOLITAN NASHVILLE POLICE DEPT,20200532616,Davidson,Nashville,8/18/2020 12:25:00 PM,2,0,0,36.094380,-86.704370,METROPLEX DR,,,,1426.00,Feet,North,ANTIOCH PKE,,,,0.00,N,Not at Intersection, ,Non-Junction,None,,,         ,Patrick,Martin,Clear,Angle,no,no,no,no,no,False
102762698,METROPOLITAN NASHVILLE POLICE DEPT,20200532600,Davidson,Nashville,8/18/2020 12:10:00 PM,2,0,0,36.180070,-86.811030,BUCHANAN ST,,,,0.00,,,DR DB TODD JR BLVD,,,,0.00,Y,Four-Way, ,Intersection,None,,,         ,Wesley,Young,Clear,"Sideswipe, Same Direction",no,no,no,no,no,False
102762705,METROPOLITAN NASHVILLE POLICE DEPT,20200532614,Davidson,Nashville,8/18/2020 12:15:00 PM,2,0,0,36.169160,-86.808730,JEFFERSON ST,,,,256.00,Feet,East,21ST AVE N,,,,0.00,N,Not at Intersection, ,Non-Junction,None,,,         ,Wesley,Young,Clear,Angle,no,no,no,no,no,False
102762715,METROPOLITAN NASHVILLE POLICE DEPT,20200532702,Davidson,Nashville,8/18/2020 1:10:00 PM,2,0,0,36.200320,-86.618600,LEBANON PKE,,,,0.00,,,HERMITAGE RD,,,,0.00,Y,Four-Way, ,Non-Junction,None,,,         ,Michael,Brooks,Clear,Angle,no,no,no,no,no,False
102762723,METROPOLITAN NASHVILLE POLICE DEPT,20200532444,Davidson,Nashville,8/18/2020 10:41:00 AM,2,0,0,36.052210,-86.644910,EAGLE VIEW BLVD,,,,0.00,,,BELL RD,,,,0.00,Y,T-Intersection, ,Intersection-Related,None,,,         ,Alex,Moore,Clear,"Sideswipe, Opposite Direction",no,no,no,no,no,False
102762724,METROPOLITAN NASHVILLE POLICE DEPT,20200532515,Davidson,Nashville,8/18/2020 11:00:00 AM,2,0,0,36.084350,-86.763410,I 65,,,,0.00,,,,,,,78.00,N,Not at Intersection,N,Non-Junction,None,,,         ,Alquavious,McDaniel,Clear,Front to Rear,no,no,no,no,yes,False
102762733,METROPOLITAN NASHVILLE POLICE DEPT,20200532749,Davidson,Nashville,8/18/2020 1:40:00 PM,2,0,0,36.191370,-86.614270,HERMITAGE MARKETPLACE PVTDR,,,,0.00,,,,,,,0.00,,, ,"Driveway, Alley Access, etc",None,,,         ,Michael,Dance,Clear,Angle,no,no,no,yes,no,False
102762736,METROPOLITAN NASHVILLE POLICE DEPT,20200532673,Davidson,Nashville,8/18/2020 12:48:00 PM,2,0,0,36.252680,-86.739690,I 65,,,,0.00,,,,,,,91.40,N,Not at Intersection, ,Non-Junction,None,,,         ,Dillon,Hunt,Clear,"Sideswipe, Same Direction",no,no,no,no,no,False
102762741,METROPOLITAN NASHVILLE POLICE DEPT,20200532725,Davidson,Nashville,8/18/2020 1:10:00 PM,2,1,0,36.158510,-86.816280,CLIFTON AV,,,,0.00,,,27TH AVN,,,,0.00,Y,T-Intersection,Y,Intersection,None,,,         ,Jordan,Vrbas,Clear,Angle,no,no,no,no,no,False
102762744,METROPOLITAN NASHVILLE POLICE DEPT,20200532734,Davidson,Not in City Limit,8/18/2020 1:32:00 PM,2,1,0,36.279350,-86.708830,GALLATIN PKEN,,,,0.00,,,ONE MILE PKWY,,,,0.00,Y,T-Intersection,N,Intersection,None,,,         ,Michelle,Steidl,Clear,Angle,no,no,no,no,no,False
102762754,METROPOLITAN NASHVILLE POLICE DEPT,20200532754,Davidson,Nashville,8/18/2020 1:09:00 PM,2,0,0,36.114460,-86.735830,WHITSETT RD,,,,288.00,Feet,West,HARTFORD DR,,,,0.00,N,Not at Intersection, ,,None,,,         ,Patrick,Martin,,,no,no,no,no,no,False
102762771,METROPOLITAN NASHVILLE POLICE DEPT,20200532590,Davidson,Nashville,8/18/2020 10:55:00 AM,2,0,0,36.083120,-86.766640,HARDING PL,,,,0.00,,,I65 S ENT RAMP,,,,0.00,Y,OTHER,N,Entrance/Exit Ramp Related,None,,,         ,Alquavious,McDaniel,Clear,Angle,no,no,no,no,no,False
102762814,METROPOLITAN NASHVILLE POLICE DEPT,20200530843,Davidson,Nashville,8/17/2020 6:33:00 PM,2,0,0,36.205720,-86.778010,I65 S ENT RAMP,,,,0.00,,,I 65,,,,0.00,Y,Y-Intersection, ,Unknown,Unknown,,,         ,Michael,Douglas,Clear,Front to Rear,no,no,no,no,yes,False
102762853,METROPOLITAN NASHVILLE POLICE DEPT,20200532978,Davidson,Nashville,8/18/2020 3:47:00 PM,2,0,0,36.209590,-86.713590,MCGAVOCK PKE,,,,0.00,,,ARDEE AV,,,,0.00,Y,T-Intersection, ,Intersection,None,,,         ,Bryson,Wilkins,Clear,Front to Rear,no,no,no,no,no,False
102762855,METROPOLITAN NASHVILLE POLICE DEPT,20200532863,Davidson,Nashville,8/18/2020 2:42:00 PM,1,0,0,36.006320,-86.621780,OLD HICKORY BLVD,,,,157.00,Feet,North,TWIN OAKS LN,,,,0.00,N,Not at Intersection, ,Non-Junction,None,,,         ,Joel,Bennett,Clear,Not Collision with Motor Vehicle in Transport,no,no,no,no,no,False
102762859,METROPOLITAN NASHVILLE POLICE DEPT,20200529815,Davidson,Nashville,8/17/2020 9:30:00 AM,2,1,0,36.160760,-86.793690,14TH AVN,,,,0.00,,,CHARLOTTE AV,,,,0.00,Y,T-Intersection, ,Intersection,None,,,         ,Cory,West,Clear,Angle,no,no,no,no,no,False
102762871,METROPOLITAN NASHVILLE POLICE DEPT,20200532977,Davidson,Nashville,8/18/2020 3:48:00 PM,2,0,0,36.055050,-86.674760,I 24,,,,0.00,,,,,,,58.30,N,Not at Intersection,N,Non-Junction,None,,,         ,Joel,Bennett,Clear,Front to Rear,no,no,no,no,no,False
102762881,METROPOLITAN NASHVILLE POLICE DEPT,20200532891,Davidson,Nashville,8/18/2020 3:46:00 PM,1,1,0,36.142390,-86.744530,FESSLERS LN,,,,125.00,Feet,South,MURFREESBORO PKE,,,,0.00,N,Not at Intersection,N,Non-Junction,None,,,         ,Reagan,Heath,Clear,Not Collision with Motor Vehicle in Transport,yes,no,no,no,no,False
102762891,METROPOLITAN NASHVILLE POLICE DEPT,20200524724,Davidson,Nashville,8/14/2020 4:50:00 PM,2,0,0,36.090330,-86.626500,SMITH SPRINGS RD,,,,0.00,,,BELL RD,,,,0.00,Y,Four-Way,N,Intersection-Related,None,,,         ,Scott,Carter,Clear,Front to Rear,no,no,no,no,no,False
102762894,METROPOLITAN NASHVILLE POLICE DEPT,20200532952,Davidson,Nashville,8/18/2020 3:21:00 PM,2,0,0,36.217280,-86.692760,BRILEY PKWYS,,,,152.00,Feet,East,BRILEY PKWYN,,,,0.00,N,Not at Intersection,N,Non-Junction,None,,,         ,Joseph,Simon,Clear,"Sideswipe, Same Direction",no,no,no,no,no,False
102762896,METROPOLITAN NASHVILLE POLICE DEPT,20200532977,Davidson,Nashville,8/18/2020 3:48:00 PM,1,0,0,36.058190,-86.668810,MT VIEW RD,,,,472.00,Feet,South,OTTENVILLE AV,,,,0.00,N,Not at Intersection,N,Non-Junction,None,,,         ,Edward,Starke,Clear,Not Collision with Motor Vehicle in Transport,no,no,no,no,no,False
102762910,METROPOLITAN NASHVILLE POLICE DEPT,20200532951,Davidson,Nashville,8/18/2020 3:30:00 PM,2,0,0,36.131190,-86.756150,NOLENSVILLE PKE,,,,129.00,Feet,North,WOODYCREST AV,,,,0.00,N,Not at Intersection,N,Non-Junction,None,,,         ,Joel,Bennett,Clear,Front to Rear,no,no,no,no,no,False
102762914,METROPOLITAN NASHVILLE POLICE DEPT,20200532964,Davidson,Nashville,8/18/2020 12:00:00 AM,2,0,0,36.176870,-86.796520,9TH AVN,,,,0.00,,,CHEATHAM PL,,,,0.00,Y,Four-Way,N,Intersection,None,,,         ,Anna,Clayton,Clear,HeadOn,no,no,no,no,yes,False
102762916,METROPOLITAN NASHVILLE POLICE DEPT,20200533165,Davidson,Nashville,8/18/2020 3:30:00 PM,2,0,0,36.125020,-86.727210,I440 W ENT RAMP,,,,0.00,,,I 24,,,,0.00,Y,OTHER,Y,Entrance/Exit Ramp Related,None,,,         ,Douglas,Sykes,Clear,"Sideswipe, Same Direction",no,no,no,no,yes,False
102762921,METROPOLITAN NASHVILLE POLICE DEPT,20200533155,Davidson,Nashville,8/18/2020 5:16:00 PM,2,0,0,36.134280,-86.779090,WEDGEWOOD AV,,,,0.00,,,8TH AVS,,,,0.00,Y,Four-Way, ,Intersection,None,,,         ,Taylor,Blackwelder,Clear,Front to Rear,no,no,no,no,no,False
102762922,METROPOLITAN NASHVILLE POLICE DEPT,20200533139,Davidson,Nashville,8/18/2020 4:50:00 PM,2,0,0,36.131770,-86.801450,BERNARD AV,,,,0.00,,,21ST AVS,,,,0.00,Y,T-Intersection, ,Intersection,None,,,         ,Cory,Stratton,Clear,Angle,no,no,no,no,no,False
102762925,METROPOLITAN NASHVILLE POLICE DEPT,20200532906,Davidson,Nashville,8/18/2020 12:00:00 AM,2,0,0,36.173600,-86.739790,S 17TH ST,,,,169.00,Feet,North,FATHERLAND ST,,,,0.00,N,Not at Intersection,N,Non-Junction,None,,,         ,Kelsey,Hemminger,Clear,Unknown,no,no,no,no,yes,False
102762934,METROPOLITAN NASHVILLE POLICE DEPT,20200533162,Davidson,Nashville,8/18/2020 5:21:00 PM,2,2,0,36.130440,-86.899990,I40 W EXT RAMP,,,,0.00,Feet,East,I 40,,,,0.00,N,Not at Intersection,N,Entrance/Exit Ramp Related,None,,,         ,Jared,Dick,Clear,Front to Rear,no,no,no,no,no,False
102762935,METROPOLITAN NASHVILLE POLICE DEPT,20200533048,Davidson,Nashville,8/18/2020 3:36:00 PM,2,0,0,36.198650,-86.620330,OLD HICKORY BLVD,,,,80.00,Feet,North,LEBANON PKE,,,,0.00,N,Not at Intersection,N,Non-Junction,None,,,         ,Terence,Mitchell,Clear,Front to Rear,no,no,no,no,yes,False
102762951,METROPOLITAN NASHVILLE POLICE DEPT,20200533237,Davidson,Nashville,8/18/2020 6:30:00 PM,3,1,0,36.168350,-86.656860,STEWARTS FERRY PKE,,,,0.00,,,LEBANON PKE,,,,0.00,Y,Four-Way,Y,Intersection,None,,,         ,Reagan,Heath,Clear,Angle,no,no,no,no,no,False
102762970,METROPOLITAN NASHVILLE POLICE DEPT,20200533243,Davidson,Nashville,8/18/2020 6:37:00 PM,2,0,0,36.180590,-86.796350,GARFIELD ST,,,,0.00,,,ROSA L PARKS BLVD,,,,0.00,Y,Four-Way,N,Intersection,None,,,         ,Anna,Clayton,Clear,Front to Rear,no,no,no,no,no,False
102762972,METROPOLITAN NASHVILLE POLICE DEPT,20200532852,Davidson,Nashville,8/18/2020 2:17:00 PM,2,1,0,36.045610,-86.719770,OLD HICKORY BLVD,,,,0.00,,,ZERMATT AV,,,,0.00,Y,T-Intersection,N,Intersection-Related,None,,,         ,John,McDonnell,Clear,Angle,no,no,no,no,no,False
102762976,METROPOLITAN NASHVILLE POLICE DEPT,20200533271,Davidson,Nashville,8/18/2020 6:27:00 PM,2,0,0,36.130550,-86.853200,TARGET PVTDR,,,,0.00,,,,,,,0.00,,, ,Non-Junction,None,,,         ,Ciara,Doherty,,Rear to Rear,no,no,no,yes,yes,False
102762977,METROPOLITAN NASHVILLE POLICE DEPT,20200533157,Davidson,Nashville,8/18/2020 5:30:00 PM,2,0,0,36.181010,-86.749550,GALLATIN AV,,,,118.00,Feet,South,MANSFIELD ST,,,,0.00,N,Not at Intersection, ,Non-Junction,None,,,         ,Marc,Kozen,Clear,HeadOn,no,no,no,no,no,False
102762981,METROPOLITAN NASHVILLE POLICE DEPT,20200533187,Davidson,Nashville,8/18/2020 5:59:00 PM,1,1,0,36.167880,-86.757990,SYLVAN ST,,,,245.00,Feet,West,CAYCE PLACE PVTDR,,,,0.00,N,Not at Intersection,N,Non-Junction,None,,,         ,Tyler,Manivong,Clear,Not Collision with Motor Vehicle in Transport,yes,no,no,no,no,False
102763008,METROPOLITAN NASHVILLE POLICE DEPT,20200533231,Davidson,Nashville,8/18/2020 6:32:00 PM,2,0,0,36.128480,-86.713410,MURFREESBORO PKE,,,,156.00,Feet,East,MILL CREEK RD,,,,0.00,N,Not at Intersection, ,Non-Junction,None,,,         ,Joel,Bennett,Clear,Front to Rear,no,no,no,no,no,False
102763009,METROPOLITAN NASHVILLE POLICE DEPT,20200533355,Davidson,Nashville,8/18/2020 7:12:00 PM,1,0,0,36.098410,-86.672540,SOUTHWIND DR,,,,72.00,Feet,East,EZELL PKE,,,,0.00,N,Not at Intersection,N,Non-Junction,None,,,         ,Edward,Starke,Clear,Not Collision with Motor Vehicle in Transport,no,no,no,no,yes,False
102763035,METROPOLITAN NASHVILLE POLICE DEPT,20200533450,Davidson,Nashville,8/18/2020 8:32:00 PM,2,0,0,36.103340,-86.714460,I 24,,,,0.00,,,,,,,54.30,N,Not at Intersection,N,Non-Junction,None,,,         ,Joel,Bennett,Clear,Front to Rear,no,no,no,no,no,False
102763114,METROPOLITAN NASHVILLE POLICE DEPT,20200533635,Davidson,Nashville,8/18/2020 11:17:00 PM,1,0,0,36.124200,-86.706810,VULTEE BLVD,,,,229.00,Feet,East,MURFREESBORO PKE,,,,0.00,N,Not at Intersection,N,Non-Junction,None,,,         ,Corey,Ethridge,Clear,Not Collision with Motor Vehicle in Transport,no,no,no,no,no,False
102763115,METROPOLITAN NASHVILLE POLICE DEPT,20200532921,Davidson,Nashville,8/18/2020 3:15:00 PM,2,1,0,36.246760,-86.834650,CLARKSVILLE PKE,,,,0.00,,,DRY FORK RD,,,,0.00,Y,T-Intersection,N,Non-Junction,None,,,         ,William,Boler,Clear,Angle,no,no,no,no,no,False
102763124,METROPOLITAN NASHVILLE POLICE DEPT,20200533646,Davidson,Nashville,8/18/2020 11:15:00 PM,1,0,0,36.089130,-86.614850,SMITH SPRINGS RD,,,,0.00,,,CASTLEGATE DR,,,,0.00,Y,T-Intersection,N,Intersection,None,,,         ,Samuel,Fredericks,Clear,Not Collision with Motor Vehicle in Transport,no,no,no,no,no,False
102763126,METROPOLITAN NASHVILLE POLICE DEPT,20200533329,Davidson,Nashville,8/18/2020 7:12:00 PM,2,0,0,36.074670,-86.638830,MURFREESBORO PKE,,,,20.00,Feet,West,RURAL HILL RD,,,,0.00,N,Not at Intersection, ,Non-Junction,None,,,         ,David,Simmonds,Clear,Front to Rear,no,no,no,no,no,False
102763128,METROPOLITAN NASHVILLE POLICE DEPT,20200533725,Davidson,Nashville,8/18/2020 11:20:00 PM,2,0,0,36.237310,-86.773360,MOOREWOOD DR,,,,138.00,Feet,North,CRISLYNNDALE DR,,,,0.00,N,Not at Intersection,N,Non-Junction,None,,,         ,Coleman,McKellar,Clear,"Sideswipe, Same Direction",no,no,no,no,yes,False
102763133,METROPOLITAN NASHVILLE POLICE DEPT,20200533734,Davidson,Nashville,8/19/2020 12:15:00 AM,1,0,0,36.103940,-86.667480,MURFREESBORO PKE,,,,287.00,Feet,East,OLD MURFREESBORO PKE,,,,0.00,N,Not at Intersection,N,Non-Junction,None,,,         ,Torry,Hill,Clear,Not Collision with Motor Vehicle in Transport,no,no,no,no,no,False
102763143,METROPOLITAN NASHVILLE POLICE DEPT,20200533838,Davidson,Nashville,8/18/2020 9:20:00 PM,1,0,0,36.209060,-86.777930,BRICK CHURCH PIKE,,,,0.00,,,AVONDALE CIR,,,,0.00,Y,T-Intersection,N,Non-Junction,None,,,         ,Eric,Schaefer,Clear,Not Collision with Motor Vehicle in Transport,no,no,no,no,yes,False
102763164,METROPOLITAN NASHVILLE POLICE DEPT,20200533875,Davidson,Nashville,8/19/2020 12:18:00 AM,2,0,0,36.183650,-86.610650,STATE HWY 45,,,,0.00,,,ANDREW JACKSON PKWY,,,,0.00,Y,Four-Way, ,Intersection,None,,,         ,Aimee,Ortiz,Clear,Front to Rear,no,no,no,no,yes,False
102763201,METROPOLITAN NASHVILLE POLICE DEPT,20200534136,Davidson,Nashville,8/19/2020 5:52:00 AM,2,0,0,36.196400,-86.776120,I 65,,,,0.00,,,,,,,86.60,N,Not at Intersection,N,Non-Junction,None,,,         ,Abigail,Malone,Clear,Front to Rear,no,no,no,no,no,False
102763214,METROPOLITAN NASHVILLE POLICE DEPT,20200532794,Davidson,Nashville,8/18/2020 2:09:00 PM,1,0,0,36.115730,-86.862850,CLOSE LN,,,,177.00,Feet,North,POST RD,,,,0.00,N,Not at Intersection, ,Non-Junction,None,,,         ,Brandon,O'Guin,Clear,Not Collision with Motor Vehicle in Transport,no,no,no,no,no,False
102763216,METROPOLITAN NASHVILLE POLICE DEPT,2020532101,Davidson,Nashville,8/18/2020 8:03:00 AM,2,0,0,36.090330,-86.626500,SMITH SPRINGS RD,,,,0.00,,,BELL RD,,,,0.00,Y,Four-Way,Y,Intersection,None,,,         ,Charles,Large,Clear,Front to Rear,no,no,no,no,no,False
102763243,METROPOLITAN NASHVILLE POLICE DEPT,20200534222,Davidson,Nashville,8/19/2020 6:00:00 AM,2,0,0,36.167890,-86.777960,JAMES ROBERTSON PKWY,,,,0.00,,,PUBLIC SQ,,,,0.00,Y,OTHER, ,Non-Junction,None,,,         ,Marvin,Williams,Cloudy,"Sideswipe, Same Direction",no,no,no,no,no,False
102763250,METROPOLITAN NASHVILLE POLICE DEPT,20200534245,Davidson,Nashville,8/19/2020 6:59:00 AM,2,0,0,36.136000,-86.725350,MURFREESBORO PKE,,,,0.00,,,MURFREESBORO PKE EXT RAMP,,,,0.00,Y,OTHER, ,Non-Junction,None,,,         ,Joshua,Hausman,Clear,Angle,no,no,no,no,yes,False
102763257,METROPOLITAN NASHVILLE POLICE DEPT,20200534312,Davidson,Nashville,8/19/2020 7:46:00 AM,2,0,0,36.147230,-86.743640,I 40,,,,0.00,,,,,,,212.00,N,Not at Intersection, ,Non-Junction,None,,,         ,Michael,Dance,Cloudy,Front to Rear,no,no,no,no,yes,False
102763267,METROPOLITAN NASHVILLE POLICE DEPT,2020-0534323,Davidson,Nashville,8/19/2020 7:54:00 AM,2,1,0,36.049980,-86.649500,MT VIEW RD,,,,0.00,,,BELL RD,,,,0.00,Y,Four-Way,N,Intersection,None,,,         ,Stanley,Collins,Cloudy,Front to Rear,no,no,no,no,no,False
102763283,METROPOLITAN NASHVILLE POLICE DEPT,20200534427,Davidson,Nashville,8/19/2020 9:11:00 AM,2,0,0,36.190670,-86.625900,LEBANON PKE,,,,499.00,Feet,South,BONNABROOK DR,,,,0.00,N,Not at Intersection, ,Non-Junction,None,,,         ,Michael,Brooks,Cloudy,Angle,no,no,no,no,no,False
102763299,METROPOLITAN NASHVILLE POLICE DEPT,20200534516,Davidson,Nashville,8/19/2020 10:00:00 AM,2,0,0,36.134190,-86.837730,MOCKINGBIRD RD,,,,435.00,Feet,North,LAUDERDALE RD,,,,0.00,N,Not at Intersection, ,Non-Junction,None,,,         ,Curtis,Rich,Cloudy,Rear to Side,no,no,no,no,no,False
102763300,METROPOLITAN NASHVILLE POLICE DEPT,2020-0534357,Davidson,Nashville,8/19/2020 8:05:00 AM,3,0,0,36.139460,-86.820160,MURPHY RD,,,,68.00,Feet,West,PARK DR,,,,0.00,N,Not at Intersection,N,Non-Junction,None,,,         ,Po,Cheng,Cloudy,Front to Rear,no,no,no,no,no,False
102763306,METROPOLITAN NASHVILLE POLICE DEPT,20200534440,Davidson,Old Hickory,8/19/2020 9:22:00 AM,2,1,0,36.247700,-86.641560,OLD HICKORY BLVD,,,,119.00,Feet,West,24TH ST,,,,0.00,N,Not at Intersection,N,Non-Junction,None,,,         ,Michael,Dance,Cloudy,"Sideswipe, Same Direction",no,no,no,no,yes,False
102763307,METROPOLITAN NASHVILLE POLICE DEPT,20200534385,Davidson,Nashville,8/19/2020 8:47:00 AM,2,0,0,36.155390,-86.761510,I40 W ENT RAMP,,,,0.00,,,I 40,,,,0.00,Y,OTHER, ,Entrance/Exit Ramp Related,None,,,         ,Johnathan,Carlisle,Cloudy,"Sideswipe, Same Direction",no,no,no,no,no,False
102763308,METROPOLITAN NASHVILLE POLICE DEPT,20200534379,Davidson,Nashville,8/19/2020 8:22:00 AM,2,0,0,36.207750,-86.776320,I 65,,,,0.00,,,,,,,87.40,N,Not at Intersection, ,,None,,,         ,Tyler,Adcock,,,no,no,no,no,no,False
102763309,METROPOLITAN NASHVILLE POLICE DEPT,20200532770,Davidson,Nashville,8/18/2020 1:51:00 PM,2,2,0,36.263070,-86.757290,US HWY 31W,,,,52.00,Feet,South,WESTCHESTER DR,,,,0.00,N,Not at Intersection,N,"Driveway, Alley Access, etc",None,,,         ,Ruben,Mariano,Clear,Angle,no,no,no,no,no,False
102763313,METROPOLITAN NASHVILLE POLICE DEPT,20200534491,Davidson,Nashville,8/19/2020 9:55:00 AM,3,0,0,36.243250,-86.722950,GALLATIN PKES,,,,486.00,Feet,South,LAKEWOOD DR,,,,0.00,N,Not at Intersection,N,Non-Junction,None,,,         ,Brian,Otto,Cloudy,Angle,no,no,no,no,no,False
102763317,METROPOLITAN NASHVILLE POLICE DEPT,20200534518,Davidson,Nashville,8/19/2020 10:10:00 AM,1,0,0,36.235560,-86.764040,I 65,,,,0.00,,,,,,,89.60,N,Not at Intersection, ,Non-Junction,None,,,         ,Ruben,Mariano,Cloudy,Not Collision with Motor Vehicle in Transport,no,no,no,no,no,False