master_record_number,agency,agency_tracking_number,county,city,collision_date,vehicles_involved,number_injured,number_dead,latitude,longitude,roadway_name,roadway_suffix,roadway_number,roadway_local_id,distance_from_reference,miles-feet_indicator,direction_from_reference,intersection_road_name,intersection_road_name_suffix,intersection_road_number,intersection_local_id,mile_marker,intersection_indicator,intersect_type,interchange_related_indicator,relation_to_junction,work_zone_type,construction_maintenance_zone,construction_maintenance_zone_location,fatal_case_number,officer_first_name,officer_last_name,weather_condition(s),manner_of_crash,pedestrian,bicycle,scooter,parking,hitrun,mou
102768280,METROPOLITAN NASHVILLE POLICE DEPT,20200549141,Davidson,Nashville,8/26/2020 7:52:00 AM,2,0,0,36.142980,-86.666640,DONELSON PKE,,,,332.00,Feet,North,I40 W ENT RAMP,,,,0.00,N,Not at Intersection, ,Non-Junction,None,,,         ,Michael,Dance,Clear,"Sideswipe, Same Direction",no,no,no,no,no,False
102768293,METROPOLITAN NASHVILLE POLICE DEPT,20200549230,Davidson,Nashville,8/26/2020 8:38:00 AM,2,0,0,36.141470,-86.715680,I 40,,,,0.00,,,,,,,213.90,N,Not at Intersection, ,Non-Junction,None,,,         ,Michael,Dance,Clear,"Sideswipe, Same Direction",no,no,no,no,no,False
102768306,METROPOLITAN NASHVILLE POLICE DEPT,20200549278,Davidson,Nashville,8/26/2020 8:59:00 AM,2,1,0,36.151840,-86.791620,MUSIC SQE,,,,0.00,,,DIVISION ST,,,,0.00,Y,T-Intersection,N,Intersection,None,,,         ,Earl,Davis,Clear,Angle,no,no,no,no,no,False
102768309,METROPOLITAN NASHVILLE POLICE DEPT,20200549094,Davidson,Nashville,8/26/2020 7:15:00 AM,2,1,0,36.208530,-86.777790,BRICK CHURCH PKE,,,,198.00,Feet,South,AVONDALE CIR,,,,0.00,N,Not at Intersection,N,Non-Junction,None,,,         ,Wesley,Young,Clear,"Sideswipe, Same Direction",no,no,no,no,no,False
102768313,METROPOLITAN NASHVILLE POLICE DEPT,20200549071,Davidson,Madison,8/26/2020 7:04:00 AM,2,1,0,36.266080,-86.739370,-- UNKNOWN RAMP/ROAD --,,,,0.00,,,EXIT 92,,,,0.00,Y,OTHER,Y,Entrance/Exit Ramp Related,None,,,         ,Ruben,Mariano,Clear,Front to Rear,no,no,no,no,no,False
102768315,METROPOLITAN NASHVILLE POLICE DEPT,20200549285,Davidson,Nashville,8/26/2020 8:59:00 AM,2,0,0,36.156950,-86.800920,19TH AVN,,,,0.00,,,CARTWRIGHT ST,,,,0.00,Y,T-Intersection, ,Intersection,None,,,         ,Earl,Davis,Cloudy,Front to Rear,no,no,no,no,no,False
102768329,METROPOLITAN NASHVILLE POLICE DEPT,20200549261,Davidson,Madison,8/26/2020 8:40:00 AM,2,0,0,36.264210,-86.734870,OLD HICKORY BLVDW,,,,93.00,Feet,East,BOYDS HILLTOP DR,,,,0.00,N,Not at Intersection,N,Non-Junction,None,,,         ,Billy,Price,Clear,Front to Rear,no,no,no,no,no,False
102768349,METROPOLITAN NASHVILLE POLICE DEPT,20200549390,Davidson,Nashville,8/26/2020 10:05:00 AM,2,1,0,36.206710,-86.779610,US HWY 431,,,,359.00,Feet,West,HAMPTON ST,,,,0.00,N,Not at Intersection,N,Non-Junction,None,,,         ,Wesley,Young,Clear,Angle,no,no,no,no,no,False
102768364,METROPOLITAN NASHVILLE POLICE DEPT,20200549406,Davidson,Nashville,8/26/2020 10:04:00 AM,2,1,0,36.153370,-86.756680,I 40,,,,0.00,,,,,,,211.20,N,Not at Intersection,N,Entrance/Exit Ramp Related,None,,,         ,Michael,Brooks,Cloudy,"Sideswipe, Same Direction",no,no,no,no,no,False
102768370,METROPOLITAN NASHVILLE POLICE DEPT,20200549588,Davidson,Nashville,8/26/2020 11:19:00 AM,2,0,0,36.040120,-86.780740,OLD HICKORY BLVD,,,,0.00,,,I65 N ENT RAMP,,,,0.00,Y,OTHER, ,Entrance/Exit Ramp Related,None,,,         ,Earl,Davis,Cloudy,Angle,no,no,no,no,no,False
102768375,METROPOLITAN NASHVILLE POLICE DEPT,20200549405,Davidson,Not in City Limit,8/26/2020 10:04:00 AM,1,0,0,36.022120,-86.628930,I 24,,,,0.00,,,,,,,61.85,N,Not at Intersection,N,Non-Junction,None,,,         ,Patrick,Martin,Cloudy,Not Collision with Motor Vehicle in Transport,no,no,no,no,no,False
102768379,METROPOLITAN NASHVILLE POLICE DEPT,20200549618,Davidson,Nashville,8/26/2020 11:32:00 AM,1,0,0,36.201520,-86.627700,BONNAFIELD DR,,,,68.00,Feet,West,BONNAVILLE DR,,,,0.00,N,Not at Intersection, ,Non-Junction,None,,,         ,Michael,Brooks,Cloudy,Not Collision with Motor Vehicle in Transport,no,no,no,no,no,False
102768409,METROPOLITAN NASHVILLE POLICE DEPT,20200549596,Davidson,Nashville,8/26/2020 11:40:00 AM,2,1,0,36.231490,-86.792410,EWING DR,,,,0.00,,,GWYNNWOOD DR,,,,0.00,Y,Four-Way,N,Intersection,None,,,         ,Wesley,Young,Clear,Angle,no,no,no,no,no,False
102768410,METROPOLITAN NASHVILLE POLICE DEPT,20200549653,Davidson,Nashville,8/26/2020 12:36:00 PM,2,0,0,36.086170,-86.729460,NOLENSVILLE PKE,,,,50.00,Feet,North,PARAGON MILLS RD,,,,0.00,N,Not at Intersection, ,Non-Junction,None,,,         ,Earl,Davis,Cloudy,Front to Rear,no,no,no,no,no,False
102768411,METROPOLITAN NASHVILLE POLICE DEPT,20200549586,Davidson,Nashville,8/26/2020 11:36:00 AM,2,0,0,36.062900,-86.716910,NOLENSVILLE PKE,,,,0.00,,,FAIRLANE DR,,,,0.00,Y,T-Intersection,N,Intersection,None,,,         ,Robert,Higgins,Clear,Front to Rear,no,no,no,no,yes,False
102768430,METROPOLITAN NASHVILLE POLICE DEPT,20200549455,Davidson,Nashville,8/26/2020 10:30:00 AM,2,0,0,36.225690,-86.760280,DICKERSON PKE,,,,65.00,Feet,South,HILLHURST DR,,,,0.00,N,Not at Intersection, ,Non-Junction,None,,,         ,Russell,Freeman,Cloudy,Front to Rear,no,no,no,no,no,False
102768445,METROPOLITAN NASHVILLE POLICE DEPT,20200549500,Davidson,Nashville,8/26/2020 10:52:00 AM,2,1,0,36.084780,-86.894550,PERCY WARNER BLVD,,,,0.00,,,HARDING PKE,,,,0.00,Y,T-Intersection,N,Intersection,None,,,         ,Charles,Boles,Clear,Front to Rear,no,no,no,no,no,False
102768463,METROPOLITAN NASHVILLE POLICE DEPT,20200549809,Davidson,Nashville,8/26/2020 1:24:00 PM,2,0,0,36.166560,-86.612030,I 40,,,,0.00,,,,,,,220.20,N,Not at Intersection,N,Non-Junction,None,,,         ,Carey,Steel,Cloudy,"Sideswipe, Same Direction",no,no,no,no,yes,False
102768477,METROPOLITAN NASHVILLE POLICE DEPT,2020-0549739,Davidson,Not in City Limit,8/26/2020 12:55:00 PM,1,1,0,36.270150,-86.759000,OLD HICKORY BLVD,,,,951.00,Feet,East,MARYDALE DR,,,,0.00,N,Not at Intersection,N,Non-Junction,None,,,         ,Travis,Baxter,Clear,Not Collision with Motor Vehicle in Transport,no,no,no,no,no,False
102768478,METROPOLITAN NASHVILLE POLICE DEPT,20200549811,Davidson,Nashville,8/26/2020 1:28:00 PM,2,0,0,36.086910,-86.648680,NASHBORO BLVD,,,,0.00,,,MURFREESBORO PKE,,,,0.00,Y,Four-Way, ,Intersection-Related,None,,,         ,Michael,Brooks,Cloudy,"Sideswipe, Same Direction",no,no,no,no,no,False
102768479,METROPOLITAN NASHVILLE POLICE DEPT,20200549645,Davidson,Nashville,8/26/2020 12:07:00 PM,2,1,0,36.243530,-86.759580,DOVERSIDE DR,,,,0.00,,,,,,,0.00,,,N,OtherLocation,None,,,         ,Ruben,Mariano,Clear,Angle,no,no,no,yes,no,False
102768487,METROPOLITAN NASHVILLE POLICE DEPT,20200549796,Davidson,Nashville,8/26/2020 1:15:00 PM,2,0,0,36.234390,-86.720890,BRILEY PKWYW,,,,137.00,Feet,East,BRILEY PKWYE,,,,0.00,N,Not at Intersection,N,Non-Junction,None,,,         ,Brian,Otto,Clear,Angle,no,no,no,no,no,False
102768488,METROPOLITAN NASHVILLE POLICE DEPT,20200549871,Davidson,Nashville,8/26/2020 2:00:00 PM,2,0,0,36.142370,-86.771590,CHESTNUT ST,,,,0.00,,,HUMPHREYS ST,,,,0.00,Y,T-Intersection, ,Intersection,None,,,         ,Earl,Davis,Cloudy,Angle,no,no,no,no,no,False
102768519,METROPOLITAN NASHVILLE POLICE DEPT,20200549718,Davidson,Not in City Limit,8/26/2020 12:37:00 PM,2,0,0,36.004800,-86.621830,BURKITT RD,,,,45.00,Feet,South,OLD HICKORY BLVD,,,,0.00,N,Not at Intersection,N,Non-Junction,None,,,         ,Patrick,Martin,Cloudy,"Sideswipe, Same Direction",no,no,no,no,yes,False
102768547,METROPOLITAN NASHVILLE POLICE DEPT,20200549781,Davidson,Nashville,8/26/2020 1:15:00 PM,2,1,0,36.035450,-86.638360,CROSSINGS BLVD,,,,0.00,,,OLD FRANKLIN RD,,,,0.00,Y,Four-Way,N,Intersection,None,,,         ,Nicholas,Carter,Cloudy,Angle,no,no,no,no,no,False
102768549,METROPOLITAN NASHVILLE POLICE DEPT,20200549896,Davidson,Nashville,8/26/2020 2:08:00 PM,2,0,0,36.155700,-86.789570,BROADWAY,,,,39.00,Feet,West,I40 E ENT RAMP,,,,0.00,N,Not at Intersection, ,Non-Junction,None,,,         ,Brady,Reynolds,Clear,Front to Rear,no,no,no,no,no,False
102768573,METROPOLITAN NASHVILLE POLICE DEPT,20200549935,Davidson,Nashville,8/26/2020 2:29:00 PM,2,0,0,36.133850,-86.827320,WEST END AV,,,,124.00,Feet,East,CRAIGHEAD AV,,,,0.00,N,Not at Intersection,N,Non-Junction,None,,,         ,Torian,Cox,Clear,Front to Rear,no,no,no,no,no,False
102768585,METROPOLITAN NASHVILLE POLICE DEPT,20200550016,Davidson,Nashville,8/26/2020 3:25:00 PM,2,0,0,36.178620,-86.750910,FORREST AV,,,,0.00,,,GALLATIN AV,,,,0.00,Y,T-Intersection,Y,Intersection,None,,,         ,Kelsey,Hemminger,Clear,Angle,no,no,no,no,no,False
102768586,METROPOLITAN NASHVILLE POLICE DEPT,20200550020,Davidson,Nashville,8/26/2020 2:36:00 PM,2,0,0,36.228880,-86.759370,DICKERSON PKE,,,,184.00,Feet,South,BROADMOOR DR,,,,0.00,N,Not at Intersection, ,Non-Junction,None,,,         ,Nicholas,Silinsky,Clear,"Sideswipe, Same Direction",no,no,no,no,no,False
102768594,METROPOLITAN NASHVILLE POLICE DEPT,20200550026,Davidson,Nashville,8/26/2020 3:30:00 PM,2,0,0,36.182700,-86.748840,STRATTON AV,,,,0.00,,,GALLATIN AV,,,,0.00,Y,T-Intersection,N,Intersection,None,,,         ,Zachary,Aldrich,Clear,Angle,no,no,no,no,no,False
102768595,METROPOLITAN NASHVILLE POLICE DEPT,20200550035,Davidson,Nashville,8/26/2020 2:00:00 PM,2,0,0,36.131400,-86.834410,WEST END AV,,,,0.00,,,WILSON BLVDS,,,,0.00,Y,T-Intersection, ,,None,,,         ,Ciara,Doherty,,,no,no,no,no,no,False
102768598,METROPOLITAN NASHVILLE POLICE DEPT,20200550117,Davidson,Nashville,8/26/2020 4:17:00 PM,2,0,0,36.049900,-86.649820,BELL RD,,,,97.00,Feet,West,MT VIEW RD,,,,0.00,N,Not at Intersection, ,,None,,,         ,Edward,Starke,,,no,no,no,no,no,False
102768601,METROPOLITAN NASHVILLE POLICE DEPT,20200550100,Davidson,Lakewood,8/26/2020 3:55:00 PM,2,0,0,36.234800,-86.626180,OLD HICKORY BLVD,,,,133.00,Feet,North,MONTCHANIN RD,,,,0.00,N,Not at Intersection,N,Non-Junction,None,,,         ,Heather,Fox,Clear,"Sideswipe, Same Direction",no,no,no,no,yes,False
102768614,METROPOLITAN NASHVILLE POLICE DEPT,20200550009,Davidson,Nashville,8/26/2020 3:22:00 PM,2,3,0,36.150270,-86.785130,I 40,,,,0.00,,,,,,,209.50,N,Not at Intersection,N,Non-Junction,None,,,         ,Brady,Reynolds,Clear,Front to Rear,no,no,no,no,no,False
102768627,METROPOLITAN NASHVILLE POLICE DEPT,20200550124,Davidson,Nashville,8/26/2020 4:20:00 PM,2,0,0,36.094790,-86.638810,LONG HUNTER CT,,,,564.00,Feet,North,NASHBORO GREENS CT,,,,0.00,N,Not at Intersection, ,Non-Junction,None,,,         ,Jarrett,Ipox,Clear,Rear to Side,no,no,no,no,no,False
102768641,METROPOLITAN NASHVILLE POLICE DEPT,20200550052,Davidson,Madison,8/26/2020 3:09:00 PM,2,0,0,36.263810,-86.711660,GALLATIN PKEN,,,,0.00,Feet,West,OLD TIME VILLAGE PVTDR,,,,0.00,N,Not at Intersection,N,Non-Junction,None,,,         ,McKenzie,Harper,Clear,"Sideswipe, Same Direction",no,no,no,no,yes,False
102768643,METROPOLITAN NASHVILLE POLICE DEPT,20200549969,Davidson,Not in City Limit,8/26/2020 2:40:00 PM,2,0,0,36.079600,-86.953550,HIGHWAY 70S,,,,14.00,Feet,West,COLEY DAVIS RD,,,,0.00,N,Not at Intersection, ,Non-Junction,None,,,         ,Jeremy,Huffine,Clear,Front to Rear,no,no,no,no,no,False
102768645,METROPOLITAN NASHVILLE POLICE DEPT,20200550066,Davidson,Goodlettsville,8/26/2020 3:39:00 PM,3,0,0,36.296260,-86.698670,MYATT DR,,,,117.00,Feet,North,RIVERGATE STATION PVTDR,,,,0.00,N,Not at Intersection,N,Non-Junction,None,,,         ,Marcus,Mitchell,Clear,Angle,no,no,no,no,no,False
102768653,METROPOLITAN NASHVILLE POLICE DEPT,20200550015,Davidson,Not in City Limit,8/26/2020 3:51:00 PM,2,0,0,36.261240,-86.712530,GALLATIN PKES,,,,0.00,,,MAPLE ST,,,,0.00,Y,T-Intersection, ,Intersection,None,,,         ,Christopher,Littles,Clear,Angle,no,no,no,no,no,False
102768654,METROPOLITAN NASHVILLE POLICE DEPT,20200550085,Davidson,Nashville,8/26/2020 12:00:00 AM,2,0,0,36.245320,-86.761010,SKYLINE COMMONS PVTDR,,,,231.00,Feet,West,DOVERSIDE DR,,,,0.00,N,Not at Intersection,N,Non-Junction,None,,,         ,Christopher,Littles,Clear,"Sideswipe, Same Direction",no,no,no,no,yes,False
102768655,METROPOLITAN NASHVILLE POLICE DEPT,20200550225,Davidson,Not in City Limit,8/26/2020 5:05:00 PM,2,0,0,36.308610,-86.681540,RIVERCHASE BLVD,,,,0.00,,,GALLATIN PKEN,,,,0.00,Y,Four-Way,N,Intersection,None,,,         ,Christopher,Littles,Clear,Front to Rear,no,no,no,no,no,False
102768657,METROPOLITAN NASHVILLE POLICE DEPT,20200550165,Davidson,Nashville,8/26/2020 4:15:00 PM,2,0,0,36.177350,-86.749020,WOODLAND ST,,,,164.00,Feet,West,N 12TH ST,,,,0.00,N,Not at Intersection, ,Non-Junction,None,,,         ,Kelsey,Hemminger,Clear,Angle,no,no,no,no,no,False
102768660,METROPOLITAN NASHVILLE POLICE DEPT,20200550093,Davidson,Nashville,8/26/2020 2:30:00 PM,2,0,0,36.194860,-86.779790,BAPTIST WORLD CENTER DR,,,,0.00,Feet,East,VASHTI ST,,,,0.00,N,Not at Intersection, ,Non-Junction,None,,,         ,Mandi,Maska,Clear,Angle,no,no,no,no,no,False
102768677,METROPOLITAN NASHVILLE POLICE DEPT,20200550234,Davidson,Not in City Limit,8/26/2020 3:20:00 PM,2,0,0,36.059680,-86.941450,BEECH BEND DR,,,,154.00,Feet,North,BEECH BEND CT,,,,0.00,N,Not at Intersection, ,Non-Junction,None,,,         ,Jeremy,Huffine,Clear,Angle,no,no,no,no,no,False
102768687,METROPOLITAN NASHVILLE POLICE DEPT,20200550260,Davidson,Nashville,8/26/2020 5:23:00 PM,2,0,0,36.106570,-86.794840,CALDWELL LN,,,,0.00,,,GRANNY WHITE PKE,,,,0.00,Y,Four-Way, ,Intersection,None,,,         ,Edin,Plancic,Clear,Angle,no,no,no,no,no,False
102768697,METROPOLITAN NASHVILLE POLICE DEPT,20200550324,Davidson,Nashville,8/26/2020 5:52:00 PM,2,1,0,36.071490,-86.593780,HUNTINGBORO TRL,,,,162.00,Feet,East,SEASONS DR,,,,0.00,N,Not at Intersection,N,Non-Junction,None,,,         ,Edward,Starke,Clear,"Sideswipe, Same Direction",no,no,no,no,yes,False
102768700,METROPOLITAN NASHVILLE POLICE DEPT,20200550388,Davidson,Nashville,8/26/2020 6:24:00 PM,2,0,0,36.168160,-86.690160,LEBANON PKE,,,,0.00,,,BRILEY PKWY S EXT RAMP,,,,0.00,Y,T-Intersection, ,Intersection,None,,,         ,Jason,Milyaro Lucas,Clear,"Sideswipe, Opposite Direction",no,no,no,no,yes,False
102768701,METROPOLITAN NASHVILLE POLICE DEPT,20200550175,Davidson,Nashville,8/26/2020 4:46:00 PM,1,1,0,36.149300,-86.755360,ROBERTSON ST,,,,0.00,,,DONELSON ST,,,,0.00,Y,Four-Way,Y,Intersection-Related,None,,,         ,Derek,Sibley,Clear,Not Collision with Motor Vehicle in Transport,yes,no,no,no,no,False
102768705,METROPOLITAN NASHVILLE POLICE DEPT,20200550069,Davidson,Nashville,8/26/2020 3:20:00 PM,2,0,0,36.101440,-86.818190,HILLSBORO PKE,,,,196.00,Feet,South,HILLSBORO DR,,,,0.00,N,Not at Intersection, ,Non-Junction,None,,,         ,Justin,Coyle,Clear,Front to Rear,no,no,no,no,no,False
102768706,METROPOLITAN NASHVILLE POLICE DEPT,20200550422,Davidson,Nashville,8/26/2020 6:42:00 PM,1,1,0,36.154960,-86.665270,LAKELAND DR,,,,0.00,,,DONELSON PKE,,,,0.00,Y,Four-Way,N,Intersection,None,,,         ,Adam,Warren,Clear,Not Collision with Motor Vehicle in Transport,no,yes,no,no,no,False
102768712,METROPOLITAN NASHVILLE POLICE DEPT,20200550311,Davidson,Nashville,8/26/2020 5:43:00 PM,2,0,0,36.087430,-86.692210,ANTIOCH PKE,,,,0.00,,,HARDING PL,,,,0.00,Y,Four-Way, ,Intersection-Related,None,,,         ,Marcus,Darden,Clear,Front to Rear,no,no,no,no,no,False
102768726,METROPOLITAN NASHVILLE POLICE DEPT,20200550479,Davidson,Nashville,8/26/2020 7:00:00 PM,1,0,0,36.169700,-86.790510,HERMAN ST,,,,75.00,Feet,West,9TH AVN,,,,0.00,N,Not at Intersection,N,Non-Junction,None,,,         ,Eric,McCoy,Clear,Not Collision with Motor Vehicle in Transport,no,no,no,no,no,False
102768737,METROPOLITAN NASHVILLE POLICE DEPT,20200550144,Davidson,Nashville,8/26/2020 4:15:00 PM,2,2,0,36.174080,-86.760650,S 7TH ST,,,,207.00,Feet,North,WOODLAND ST,,,,0.00,N,Not at Intersection, ,Non-Junction,None,,,         ,Michael,Intrieri,Clear,Front to Rear,no,no,no,no,no,False
102768738,METROPOLITAN NASHVILLE POLICE DEPT,20200550534,Davidson,Nashville,8/26/2020 7:21:00 PM,2,0,0,36.044950,-86.686250,BELL RD,,,,656.00,Feet,South,BRENTRIDGE DR,,,,0.00,N,Not at Intersection,N,Non-Junction,None,,,         ,Tyler,Geiger,Clear,Angle,no,no,no,no,no,False
102768739,METROPOLITAN NASHVILLE POLICE DEPT,20200550597,Davidson,Nashville,8/26/2020 7:50:00 PM,1,0,0,36.094120,-86.793740,GLENDALE LN,,,,0.00,,,,,,,0.00,,,N,OtherLocation,None,,,         ,Edin,Plancic,Clear,Not Collision with Motor Vehicle in Transport,no,no,no,no,yes,False
102768741,METROPOLITAN NASHVILLE POLICE DEPT,20200550484,Davidson,Nashville,8/26/2020 6:29:00 PM,2,0,0,36.045650,-86.673980,BELL RD,,,,114.00,Feet,East,BLUE HOLE RD,,,,0.00,N,Not at Intersection,N,Non-Junction,None,,,         ,Edward,Starke,Clear,"Sideswipe, Same Direction",no,no,no,no,yes,False
102768748,METROPOLITAN NASHVILLE POLICE DEPT,20200550648,Davidson,Nashville,8/26/2020 7:02:00 PM,2,0,0,36.148760,-86.767920,3RD AVS,,,,276.00,Feet,North,CAMERON ST,,,,0.00,N,Not at Intersection,N,Non-Junction,None,,,         ,Benny,Pittman,Clear,Front to Rear,no,no,no,no,yes,False
102768750,METROPOLITAN NASHVILLE POLICE DEPT,20200550276,Davidson,Nashville,8/26/2020 5:32:00 PM,6,0,0,36.164490,-86.763140,I 24,,,,0.00,,,,,,,49.10,N,Not at Intersection,N,Non-Junction,None,,,         ,Zachary,Aldrich,Clear,Angle,no,no,no,no,yes,False
102768751,METROPOLITAN NASHVILLE POLICE DEPT,20200550392,Davidson,Nashville,8/26/2020 3:58:00 PM,2,0,0,36.152300,-86.805480,LOUISE,AVE,,212,20.00,Feet,North,,,,,200.00,N,Not at Intersection, ,Non-Junction,None,,,         ,William,Hamblen,Clear,"Sideswipe, Same Direction",no,no,no,no,no,False
102768752,METROPOLITAN NASHVILLE POLICE DEPT,20200550041,Davidson,Nashville,8/26/2020 3:26:00 PM,2,1,0,36.154480,-86.779400,8TH AVS,,,,92.00,Feet,West,LAFAYETTE ST,,,,0.00,N,Not at Intersection,N,Non-Junction,None,,,         ,Roy,Sain Jr.,Clear,Angle,no,no,no,no,no,False
102768781,METROPOLITAN NASHVILLE POLICE DEPT,20200550289,Davidson,Nashville,8/26/2020 5:30:00 PM,2,0,0,36.125920,-86.751510,WHITNEY AV,,,,32.00,Feet,North,GLENROSE AV,,,,0.00,N,Not at Intersection, ,Non-Junction,None,,,         ,Joel,Bennett,Clear,Angle,no,no,no,no,no,False
102768790,METROPOLITAN NASHVILLE POLICE DEPT,20200550593,Davidson,Nashville,8/26/2020 8:08:00 PM,1,0,0,36.194370,-86.663960,NEELYS BEND RD,,,,236.00,Feet,South,BOAT RAMP PVTDR,,,,0.00,N,Not at Intersection,N,Non-Junction,None,,,         ,Christopher,Littles,Cloudy,Not Collision with Motor Vehicle in Transport,no,no,no,no,no,False
102768813,METROPOLITAN NASHVILLE POLICE DEPT,20200550451,Davidson,Nashville,8/26/2020 4:15:00 PM,2,0,0,36.074420,-86.921150,HIGHWAY 70S,,,,65.00,Feet,West,OLD HICKORY BLVD,,,,0.00,N,Not at Intersection, ,Non-Junction,None,,,         ,Jeremy,Huffine,Clear,Angle,no,no,no,no,no,False
102768815,METROPOLITAN NASHVILLE POLICE DEPT,20200550529,Davidson,Nashville,8/26/2020 3:25:00 PM,2,1,0,36.188490,-86.818310,DOWLAN ST,,,,0.00,,,26TH AVE N,,,,0.00,Y,T-Intersection,N,Intersection-Related,None,,,         ,Jonathan,Sharp,Clear,"Sideswipe, Opposite Direction",no,no,no,no,no,False
102768820,METROPOLITAN NASHVILLE POLICE DEPT,20200550566,Davidson,Nashville,8/26/2020 7:53:00 PM,1,0,0,36.168540,-86.788320,ROSA L PARKS BLVD,,,,0.00,,,HARRISON ST,,,,0.00,Y,Four-Way,N,Intersection,None,,,         ,James,Hill,Clear,Not Collision with Motor Vehicle in Transport,no,yes,no,no,no,False
102768826,METROPOLITAN NASHVILLE POLICE DEPT,20200550674,Davidson,Nashville,8/26/2020 8:58:00 PM,2,0,0,36.040010,-86.743470,EDMONDSON PKE,,,,0.00,,,OLD HICKORY BLVD,,,,0.00,Y,Four-Way,N,Intersection,None,,,         ,Brandon,Hughes,Clear,HeadOn,no,no,no,no,no,False
102768874,METROPOLITAN NASHVILLE POLICE DEPT,20200550804,Davidson,Nashville,8/26/2020 8:50:00 PM,2,0,0,36.111890,-86.709700,BRILEY PKWYN,,,,34.00,Feet,West,CURREY RD,,,,0.00,N,Not at Intersection, ,Non-Junction,None,,,         ,Garrett,Reingardt,Clear,"Sideswipe, Same Direction",no,no,no,no,no,False
102768887,METROPOLITAN NASHVILLE POLICE DEPT,20200550925,Davidson,Nashville,8/26/2020 11:41:00 PM,2,0,0,36.184670,-86.758280,CLEVELAND ST,,,,0.00,,,N 9TH ST,,,,0.00,Y,Four-Way,Y,Intersection,None,,,         ,Joshua,Whitworth,Clear,Angle,no,no,no,no,no,False
102768904,METROPOLITAN NASHVILLE POLICE DEPT,20200550888,Davidson,Nashville,8/26/2020 8:41:00 PM,3,1,0,36.158010,-86.791680,14TH AVN,,,,35.00,Feet,North,CHURCH ST,,,,0.00,N,Not at Intersection,N,Non-Junction,None,,,         ,William,Williams,Clear,Front to Rear,no,no,no,no,yes,False
102768908,METROPOLITAN NASHVILLE POLICE DEPT,20200550996,Davidson,Nashville,8/27/2020 12:50:00 AM,1,0,0,36.228220,-86.848580,BRILEY PKWYW,,,,399.00,Feet,East,BRILEY PKWYE,,,,0.00,N,Not at Intersection,N,Non-Junction,None,,,         ,John,Deiterick,Clear,Not Collision with Motor Vehicle in Transport,no,no,no,no,no,False
102768917,METROPOLITAN NASHVILLE POLICE DEPT,20200550951,Davidson,Nashville,8/26/2020 7:06:00 PM,2,0,0,36.050730,-86.646910,BELL RD,,,,0.00,,,HICKORY HOLLOW TER,,,,0.00,Y,Four-Way,N,Intersection,None,,,         ,Darrin,Hardin,Clear,Front to Rear,no,no,no,no,yes,False
102768918,METROPOLITAN NASHVILLE POLICE DEPT,20200551078,Davidson,Nashville,8/27/2020 1:35:00 AM,2,1,0,36.249490,-86.776810,BRICK CHURCH PKE,,,,85.00,Feet,South,NORTHBROOK DR,,,,0.00,N,Not at Intersection,N,Non-Junction,None,,,         ,Coleman,McKellar,Clear,Front to Rear,no,no,no,no,yes,False
102768919,METROPOLITAN NASHVILLE POLICE DEPT,20200551011,Davidson,Nashville,8/27/2020 12:45:00 AM,2,0,0,36.073867,-86.599402,COUNTRY WAY,RD,,,100.00,Feet,East,WELLFLEET,CT,,,0.00,N,Not at Intersection,N,Non-Junction,None,,,         ,Bryce,Hatten,Clear,HeadOn,no,no,no,no,yes,False
102768927,METROPOLITAN NASHVILLE POLICE DEPT,20200551040,Davidson,Nashville,8/27/2020 12:00:00 AM,1,0,0,36.138750,-86.787680,SUMMIT AV,,,,0.00,,,12TH AVS,,,,0.00,Y,T-Intersection,N,Non-Junction,None,,,         ,David,Barras,Clear,Not Collision with Motor Vehicle in Transport,no,no,no,no,yes,False
102768950,METROPOLITAN NASHVILLE POLICE DEPT,20200551240,Davidson,Nashville,8/26/2020 9:30:00 PM,2,2,0,36.191220,-86.603920,CHANDLER RD,,,,408.00,Feet,North,SUMMIT RUN PL,,,,0.00,N,Not at Intersection,N,Non-Junction,None,,,         ,Jason,Kedzierski,Clear,Front to Rear,no,no,no,no,yes,False
102768965,METROPOLITAN NASHVILLE POLICE DEPT,20200551303,Davidson,Nashville,8/27/2020 4:54:00 AM,1,0,0,36.141850,-86.782080,EDGEHILL AV,,,,300.00,Feet,West,9TH AVS,,,,0.00,N,Not at Intersection,N,Non-Junction,None,,,         ,David,Barras,Clear,Not Collision with Motor Vehicle in Transport,no,no,no,no,no,False
102769010,METROPOLITAN NASHVILLE POLICE DEPT,20200551422,Davidson,Nashville,8/27/2020 5:00:00 AM,2,0,0,36.172650,-86.865460,CENTENNIAL BLVD,,,,347.00,Feet,North,BRILEY PKWY N ENT RAMP,,,,0.00,N,Not at Intersection, ,Non-Junction,None,,,         ,Curtis,Rich,Cloudy,Angle,no,no,no,yes,yes,False
102769012,METROPOLITAN NASHVILLE POLICE DEPT,20200551420,Davidson,Nashville,8/26/2020 11:34:00 PM,2,0,0,36.026200,-86.712050,ALTHORP WAY,,,,228.00,Feet,West,WALPOLE LN,,,,0.00,N,Not at Intersection,N,Non-Junction,None,,,         ,Patrick,Martin,Unknown,Front to Rear,no,no,no,no,yes,False
102769020,METROPOLITAN NASHVILLE POLICE DEPT,20200551471,Davidson,Nashville,8/27/2020 7:17:00 AM,2,0,0,36.169500,-86.678710,LEBANON PKE,,,,354.00,Feet,East,MCGAVOCK PKE,,,,0.00,N,Not at Intersection, ,Non-Junction,None,,,         ,Michael,Dance,Clear,Front to Rear,no,no,no,no,no,False