master_record_number,agency,agency_tracking_number,county,city,collision_date,vehicles_involved,number_injured,number_dead,latitude,longitude,roadway_name,roadway_suffix,roadway_number,roadway_local_id,distance_from_reference,miles-feet_indicator,direction_from_reference,intersection_road_name,intersection_road_name_suffix,intersection_road_number,intersection_local_id,mile_marker,intersection_indicator,intersect_type,interchange_related_indicator,relation_to_junction,work_zone_type,construction_maintenance_zone,construction_maintenance_zone_location,fatal_case_number,officer_first_name,officer_last_name,weather_condition(s),manner_of_crash,pedestrian,bicycle,scooter,parking,hitrun,mou
102770367,METROPOLITAN NASHVILLE POLICE DEPT,20200554911,Davidson,Not in City Limit,8/28/2020 5:01:00 PM,1,0,0,36.262270,-86.703330,FOREST PARK RD,,,,214.00,Feet,South,E OLD HICKORY BLVD,,,,0.00,N,Not at Intersection,N,Non-Junction,None,,,         ,Christopher,Littles,Cloudy,Not Collision with Motor Vehicle in Transport,no,no,no,no,yes,False
102770368,METROPOLITAN NASHVILLE POLICE DEPT,20200554993,Davidson,Nashville,8/28/2020 5:37:00 PM,2,0,0,36.236650,-86.724480,GALLATIN PKES,,,,0.00,,,GALLATIN PKE NB EXT RAMP,,,,0.00,Y,T-Intersection, ,Entrance/Exit Ramp Related,None,,,         ,Christopher,Littles,Rain,Angle,no,no,no,no,no,False
102770369,METROPOLITAN NASHVILLE POLICE DEPT,20200555042,Davidson,Not in City Limit,8/28/2020 4:40:00 PM,2,0,0,36.001160,-86.644620,OLD HICKORY BLVD,,,,1013.00,Feet,West,CLOVER GLENN WAY,,,,0.00,N,Not at Intersection,N,Non-Junction,None,,,         ,Brandon,Simpkins,Rain,Front to Rear,no,no,no,no,no,False
102770380,METROPOLITAN NASHVILLE POLICE DEPT,20200554707,Davidson,Not in City Limit,8/28/2020 3:02:00 PM,2,0,0,36.077350,-86.944980,SAWYER BROWN RD,,,,181.00,Feet,North,HIGHWAY 70S,,,,0.00,N,Not at Intersection,N,Non-Junction,None,,,         ,Forrest,Punke,Rain,Front to Rear,no,no,no,no,no,False
102770393,METROPOLITAN NASHVILLE POLICE DEPT,20200555016,Davidson,Nashville,8/28/2020 6:26:00 PM,2,0,0,36.153840,-86.756080,HERMITAGE AV,,,,0.00,,,FAIRFIELD AV,,,,0.00,Y,Four-Way,Y,Intersection-Related,None,,,         ,Derek,Sibley,Cloudy,Front to Rear,no,no,no,no,no,False
102770401,METROPOLITAN NASHVILLE POLICE DEPT,20200554965,Davidson,Nashville,8/28/2020 4:18:00 PM,2,0,0,36.142740,-86.815330,WEST END AV,,,,75.00,Feet,North,31ST AVN,,,,0.00,N,Not at Intersection, ,,None,,,         ,Jacob,Robbins,,,no,no,no,no,no,Campus
102770413,BERRY HILL POLICE DEPT,20-3158,Davidson,Berry Hill,8/28/2020 4:44:00 PM,1,0,0,36.125310,-86.764800,ROSEDALE AV,,,,0.00,,,FAIRGROUND CT,,,,0.00,Y,OTHER,N,OtherLocation,None,,,         ,Larry,Carter,Rain,Not Collision with Motor Vehicle in Transport,no,no,no,no,no,False
102770414,METROPOLITAN NASHVILLE POLICE DEPT,20200555053,Davidson,Nashville,8/28/2020 5:09:00 PM,1,0,0,36.135950,-86.876500,HILLWOOD BLVD,,,,132.00,Feet,East,FLEETWOOD DR,,,,0.00,N,Not at Intersection,N,OtherLocation,None,,,         ,Ryan,Malone,Rain,Not Collision with Motor Vehicle in Transport,no,no,no,no,no,False
102770420,METROPOLITAN NASHVILLE POLICE DEPT,20200554956,Davidson,Nashville,8/28/2020 5:42:00 PM,2,0,0,36.153300,-86.772180,4TH AVS,,,,0.00,,,ELM ST,,,,0.00,Y,OTHER,N,Intersection,None,,,         ,Matthew,Mrowiec,Rain,HeadOn,no,no,no,no,no,False
102770428,METROPOLITAN NASHVILLE POLICE DEPT,20200555060,Davidson,Nashville,8/28/2020 5:09:00 PM,1,0,0,36.135730,-86.876190,HILLWOOD BLVD,,,,251.00,Feet,East,FLEETWOOD DR,,,,0.00,N,Not at Intersection,N,Non-Junction,None,,,         ,Ryan,Malone,Rain,Not Collision with Motor Vehicle in Transport,no,no,no,no,no,False
102770437,METROPOLITAN NASHVILLE POLICE DEPT,20200555179,Davidson,Nashville,8/28/2020 8:05:00 PM,2,1,0,36.045280,-86.628400,ASHEFORD TRC,,,,0.00,,,MT VIEW RD,,,,0.00,Y,T-Intersection,N,Intersection,None,,,         ,Cooper,HIll,Rain,Angle,no,no,no,no,yes,False
102770439,METROPOLITAN NASHVILLE POLICE DEPT,20200555009,Davidson,Nashville,8/28/2020 5:06:00 PM,2,0,0,36.135800,-86.876300,HILLWOOD BLVD,,,,209.00,Feet,East,FLEETWOOD DR,,,,0.00,N,Not at Intersection,N,Non-Junction,None,,,         ,Lawrence,Whited,Rain,Angle,no,no,no,no,no,False
102770450,METROPOLITAN NASHVILLE POLICE DEPT,20200554792,Davidson,Nashville,8/28/2020 4:13:00 PM,3,1,0,36.184020,-86.775100,I 24,,,,0.00,,,,,,,47.30,N,Not at Intersection,N,Non-Junction,None,,,         ,Ty,Cummings,Rain,Front to Rear,no,no,no,no,no,False
102770455,METROPOLITAN NASHVILLE POLICE DEPT,20200555151,Davidson,Nashville,8/28/2020 7:50:00 PM,2,0,0,36.108550,-86.721020,I 24,,,,0.00,,,,,,,53.80,N,Not at Intersection,N,Non-Junction,None,,,         ,Edward,Starke,Rain,"Sideswipe, Same Direction",no,no,no,no,yes,False
102770457,METROPOLITAN NASHVILLE POLICE DEPT,20200554797,Davidson,Nashville,8/28/2020 4:29:00 PM,2,0,0,36.044280,-86.713130,NOLENSVILLE PKE,,,,12.00,Feet,North,BRENTWOOD EAST DR,,,,0.00,N,Not at Intersection, ,Non-Junction,None,,,         ,Joel,Bennett,Clear,Front to Rear,no,no,no,no,no,False
102770458,METROPOLITAN NASHVILLE POLICE DEPT,20200554943,Davidson,Nashville,8/28/2020 5:42:00 PM,2,5,0,36.069040,-86.681860,RICHARDS RD,,,,195.00,Feet,West,CUMMINGS PARK DR,,,,0.00,N,Not at Intersection,N,Non-Junction,None,,,         ,Joel,Bennett,Clear,Angle,no,no,no,no,no,False
102770471,METROPOLITAN NASHVILLE POLICE DEPT,20200555138,Davidson,Nashville,8/28/2020 7:37:00 PM,1,1,0,36.074260,-86.768980,I 65,,,,0.00,,,,,,,77.25,N,Not at Intersection,N,Non-Junction,None,,,         ,Nicholas,Carroll,Rain,Not Collision with Motor Vehicle in Transport,no,no,no,no,no,False
102770481,METROPOLITAN NASHVILLE POLICE DEPT,20200555275,Davidson,Nashville,8/28/2020 6:36:00 PM,2,0,0,36.081080,-86.758240,HARDING PL,,,,35.00,Feet,East,TROUSDALE DR,,,,0.00,N,Not at Intersection, ,Non-Junction,None,,,         ,Edin,Plancic,Cloudy,Front to Rear,no,no,no,no,no,False
102770514,METROPOLITAN NASHVILLE POLICE DEPT,20200555139,Davidson,Nashville,8/28/2020 7:39:00 PM,2,1,0,36.077430,-86.657900,PICCADILLY ROW,,,,3.00,Feet,North,OKEE TRL,,,,0.00,N,Not at Intersection,N,Non-Junction,None,,,         ,Steffani,Dahlstrom,Rain,HeadOn,no,no,no,no,yes,False
102770529,METROPOLITAN NASHVILLE POLICE DEPT,20200555347,Davidson,Nashville,8/28/2020 9:37:00 PM,2,1,0,36.238610,-86.779340,BRILEY PKWYW,,,,468.00,Feet,East,BRICK CHURCH PKE,,,,0.00,N,Not at Intersection,N,Non-Junction,None,,,         ,Christopher,Littles,Rain,Front to Rear,no,no,no,no,yes,False
102770530,GOODLETTSVILLE POLICE DEPT,20-26042,Davidson,Goodlettsville,8/28/2020 5:56:00 PM,2,0,0,36.324020,-86.704020,I65 N EXT RAMP,,,,0.00,,,I 65,,,,0.00,Y,Y-Intersection, ,Entrance/Exit Ramp Related,None,,,         ,Christopher,Jones,Rain,Front to Rear,no,no,no,no,no,False
102770531,METROPOLITAN NASHVILLE POLICE DEPT,20200555243,Davidson,Nashville,8/28/2020 7:41:00 PM,1,0,0,36.068180,-86.705710,HAYWOOD LN,,,,524.00,Feet,East,CHAMBERS DR,,,,0.00,N,Not at Intersection,N,Non-Junction,None,,,         ,Tyler,Geiger,Rain,Not Collision with Motor Vehicle in Transport,no,no,no,no,yes,False
102770537,METROPOLITAN NASHVILLE POLICE DEPT,20200555133,Davidson,Nashville,8/28/2020 7:32:00 PM,5,5,0,36.082990,-86.698290,I24 E ENT RAMP,,,,0.00,Feet,East,I 24,,,,0.00,N,Not at Intersection,N,Non-Junction,None,,,         ,Andrew,Brazee,Rain,"Sideswipe, Same Direction",no,no,no,no,yes,False
102770548,METROPOLITAN NASHVILLE POLICE DEPT,20200555368,Davidson,Nashville,8/28/2020 9:50:00 PM,2,2,0,36.239150,-86.757660,DICKERSON PKE,,,,0.00,Feet,East,I65 S ENT RAMP,,,,0.00,N,Not at Intersection,N,Non-Junction,None,,,         ,Jarret,Sonnenberg,Rain,Angle,no,no,no,no,no,False
102770549,METROPOLITAN NASHVILLE POLICE DEPT,20200555335,Davidson,Nashville,8/28/2020 7:52:00 PM,2,0,0,36.062240,-86.705110,PACKARD DR,,,,274.00,Feet,South,FAIRLANE DR,,,,0.00,N,Not at Intersection,N,Non-Junction,None,,,         ,Edward,Starke,Rain,Angle,no,no,no,no,yes,False
102770553,METROPOLITAN NASHVILLE POLICE DEPT,20200555419,Davidson,Nashville,8/28/2020 10:24:00 PM,2,0,0,36.025350,-86.632970,I 24,,,,0.00,,,,,,,61.55,N,Not at Intersection,N,Non-Junction,None,,,         ,Thomas,Parsons,Rain,Angle,no,no,no,no,yes,False
102770564,METROPOLITAN NASHVILLE POLICE DEPT,20200555397,Davidson,Nashville,8/28/2020 10:09:00 PM,2,0,0,36.025350,-86.632970,I 24,,,,0.00,,,,,,,61.55,N,Not at Intersection,N,Non-Junction,None,,,         ,Thomas,Parsons,Rain,Angle,no,no,no,no,yes,False
102770565,METROPOLITAN NASHVILLE POLICE DEPT,20200555408,Davidson,Nashville,8/28/2020 10:18:00 PM,2,1,0,36.167010,-86.763730,SHELBY AV,,,,0.00,,,S 4TH ST,,,,0.00,Y,Four-Way,N,Intersection-Related,None,,,         ,Richard,Conger,Rain,Angle,no,no,no,no,yes,False
102770569,METROPOLITAN NASHVILLE POLICE DEPT,20200555406,Davidson,Nashville,8/28/2020 9:37:00 PM,2,1,0,36.055130,-86.652420,RURAL HILL RD,,,,1060.00,Feet,West,WILLOW POINTE PVTDR,,,,0.00,N,Not at Intersection,N,Non-Junction,None,,,         ,Steffani,Dahlstrom,Rain,"Sideswipe, Opposite Direction",no,no,no,no,no,False
102770596,METROPOLITAN NASHVILLE POLICE DEPT,20200555443,Davidson,Nashville,8/28/2020 9:46:00 PM,2,0,0,36.077090,-86.725560,EDMONDSON PKE,,,,0.00,,,WALLACE RD,,,,0.00,Y,Four-Way,Y,Intersection,None,,,         ,Aaron,Brumley,Rain,Angle,no,no,no,no,no,False
102770610,METROPOLITAN NASHVILLE POLICE DEPT,20200555444,Davidson,Nashville,8/28/2020 10:42:00 PM,1,1,0,36.167470,-86.607760,I40 E EXT RAMP,,,,0.00,,,I 40,,,,0.00,Y,OTHER,N,Non-Junction,None,,,         ,Bridget,Griepentrog,Rain,Not Collision with Motor Vehicle in Transport,no,no,no,no,no,False
102770614,METROPOLITAN NASHVILLE POLICE DEPT,20200555437,Davidson,Nashville,8/28/2020 10:38:00 PM,2,1,0,36.148810,-86.666280,ELM HILL PKE,,,,0.00,,,DONELSON PKE,,,,0.00,Y,Four-Way,N,Intersection,None,,,         ,Torry,Hill,Clear,Angle,no,no,no,no,no,False
102770630,METROPOLITAN NASHVILLE POLICE DEPT,20200555453,Davidson,Nashville,8/28/2020 10:30:00 PM,2,0,0,36.241700,-86.757150,DICKERSON PKE,,,,98.00,Feet,South,DICKERSON PKE ENT RAMP,,,,0.00,N,Not at Intersection,N,Non-Junction,None,,,         ,Coleman,McKellar,Rain,Front to Rear,no,no,no,no,no,False
102770631,METROPOLITAN NASHVILLE POLICE DEPT,20200555528,Davidson,Nashville,8/28/2020 11:00:00 PM,2,0,0,36.117010,-86.719170,EAST THOMPSON LN,,,,152.00,Feet,South,OLD GLENROSE AV,,,,0.00,N,Not at Intersection,N,Non-Junction,None,,,         ,Michael,Hodges,Rain,"Sideswipe, Opposite Direction",no,no,no,no,yes,False
102770644,METROPOLITAN NASHVILLE POLICE DEPT,20200555548,Davidson,Nashville,8/28/2020 11:20:00 PM,1,0,0,36.138650,-86.769720,HAMILTON AV,,,,0.00,,,MARTIN ST,,,,0.00,Y,T-Intersection,N,Intersection,None,,,         ,David,Barras,Rain,Not Collision with Motor Vehicle in Transport,no,no,no,no,no,False
102770663,METROPOLITAN NASHVILLE POLICE DEPT,20200555463,Davidson,Nashville,8/28/2020 10:56:00 PM,1,0,0,36.206490,-86.776300,W TRINITY LN,,,,13.00,Feet,South,I65 S ENT RAMP,,,,0.00,N,Not at Intersection,N,Non-Junction,None,,,         ,Eric,Cunningham,Rain,Not Collision with Motor Vehicle in Transport,no,no,no,no,no,False
102770664,METROPOLITAN NASHVILLE POLICE DEPT,20200555475,Davidson,Nashville,8/28/2020 11:00:00 PM,2,0,0,36.207050,-86.777850,BRICK CHURCH PIKE,,,,161.00,Feet,North,US HWY 431,,,,0.00,N,Not at Intersection, ,Non-Junction,None,,,         ,Malik,Burriss,Rain,"Sideswipe, Same Direction",no,no,no,no,no,False
102770665,METROPOLITAN NASHVILLE POLICE DEPT,20200555642,Davidson,Nashville,8/29/2020 12:10:00 AM,1,0,0,36.098570,-86.749300,VERITAS ST,,,,59.00,Feet,East,TROUSDALE DR,,,,0.00,N,Not at Intersection,N,Non-Junction,None,,,         ,Michael,Hodges,Rain,Not Collision with Motor Vehicle in Transport,no,no,no,yes,yes,False
102770670,METROPOLITAN NASHVILLE POLICE DEPT,20200555684,Davidson,Nashville,8/29/2020 1:03:00 AM,1,0,0,36.204810,-86.776680,I 65,,,,0.00,,,,,,,87.20,N,Not at Intersection,N,Non-Junction,None,,,         ,Joshua,Asbell,Rain,Not Collision with Motor Vehicle in Transport,no,no,no,no,no,False
102770672,METROPOLITAN NASHVILLE POLICE DEPT,20200555543,Davidson,Nashville,8/28/2020 11:35:00 PM,1,0,0,36.207810,-86.776120,I 65,,,,0.00,,,,,,,87.40,N,Not at Intersection,N,Non-Junction,None,,,         ,Kristopher,Sutton,Rain,Not Collision with Motor Vehicle in Transport,no,no,no,no,no,False
102770677,METROPOLITAN NASHVILLE POLICE DEPT,20200555449,Davidson,Nashville,8/28/2020 10:46:00 PM,3,0,0,36.156260,-86.628250,I 40,,,,0.00,,,,,,,219.00,N,Not at Intersection,N,Non-Junction,None,,,         ,Aimee,Ortiz,Rain,"Sideswipe, Same Direction",no,no,no,no,no,False
102770681,METROPOLITAN NASHVILLE POLICE DEPT,20200555756,Davidson,Nashville,8/29/2020 1:45:00 AM,2,0,0,36.229720,-86.761150,EWING DR,,,,565.00,Feet,West,DICKERSON PKE,,,,0.00,N,Not at Intersection, ,Non-Junction,None,,,         ,Kristopher,Sutton,Rain,Front to Rear,no,no,no,no,no,False
102770689,METROPOLITAN NASHVILLE POLICE DEPT,20200555493,Davidson,Nashville,8/28/2020 11:10:00 PM,3,2,0,36.160510,-86.801870,DR D B TODD JR BLVD,,,,0.00,,,JO JOHNSTON AV,,,,0.00,Y,Four-Way,N,Intersection-Related,None,,,         ,Cameron,VanLierop,Rain,HeadOn,no,no,no,no,yes,False
102770690,METROPOLITAN NASHVILLE POLICE DEPT,20200555742,Davidson,Nashville,8/29/2020 1:06:00 AM,1,0,0,36.165390,-86.764240,I 24,,,,0.00,,,,,,,49.00,N,Not at Intersection,N,Non-Junction,None,,,         ,Richard,Luellen,Rain,Not Collision with Motor Vehicle in Transport,no,no,no,no,yes,False
102770696,METROPOLITAN NASHVILLE POLICE DEPT,20200555590,Davidson,Nashville,8/29/2020 12:00:00 AM,2,0,0,36.233150,-86.758640,US HWY 31W,,,,19.00,Feet,North,MAPLEWOOD TRC,,,,0.00,N,Not at Intersection,N,Non-Junction,None,,,         ,Ralph,Gault,Rain,Angle,no,no,no,no,yes,False
102770697,METROPOLITAN NASHVILLE POLICE DEPT,20200555598,Davidson,Not in City Limit,8/28/2020 10:31:00 PM,2,1,0,36.025760,-87.022840,HIGHWAY 100,,,,232.00,Feet,East,S HARPETH RD,,,,0.00,N,Not at Intersection,N,Non-Junction,None,,,         ,David,Moser,Rain,Angle,no,no,no,no,no,False
102770714,METROPOLITAN NASHVILLE POLICE DEPT,20200555748,Davidson,Nashville,8/29/2020 1:00:00 AM,2,0,0,36.149530,-86.758230,ROBERTSON ST,,,,9.00,Feet,East,LEWIS ST,,,,0.00,N,Not at Intersection, ,Non-Junction,None,,,         ,Jeremy,Crisp,Clear,Front to Rear,no,no,no,no,yes,False
102770716,METROPOLITAN NASHVILLE POLICE DEPT,20200555877,Davidson,Not in City Limit,8/29/2020 3:15:00 AM,1,1,0,36.012400,-86.703590,US HWY 31 ALT,,,,0.00,Feet,,HOLT RD,,,,0.00,Y,T-Intersection,Y,Intersection-Related,None,,,         ,Tyler,Shanks,Rain,Not Collision with Motor Vehicle in Transport,no,no,no,no,no,False
102770734,METROPOLITAN NASHVILLE POLICE DEPT,20200556064,Davidson,Nashville,8/29/2020 5:36:00 AM,1,0,0,36.101880,-86.904640,JOCELYN HOLLOW RD,,,,646.00,Feet,West,ROLLING FORK DR,,,,0.00,N,Not at Intersection,N,Non-Junction,None,,,         ,Juan,Gonzalez,Clear,Not Collision with Motor Vehicle in Transport,no,no,no,no,no,False
102770756,GOODLETTSVILLE POLICE DEPT,20-26105,Davidson,Goodlettsville,8/29/2020 5:56:00 AM,1,0,0,36.306430,-86.705860,I 65,,,,0.00,,,,,,,95.70,N,Not at Intersection,N,Non-Junction,None,,,         ,Rico,Jones,Cloudy,Not Collision with Motor Vehicle in Transport,no,no,no,no,no,False
102770765,METROPOLITAN NASHVILLE POLICE DEPT,20200556097,Davidson,Nashville,8/29/2020 6:00:00 AM,1,0,0,36.191700,-86.784170,I 65,,,,0.00,,,,,,,86.10,N,Not at Intersection,N,Non-Junction,None,,,         ,Kelcey,Bell,Clear,Not Collision with Motor Vehicle in Transport,no,no,no,no,no,False
102770767,GOODLETTSVILLE POLICE DEPT,20-26104,Davidson,Goodlettsville,8/29/2020 5:55:00 AM,2,1,0,36.306430,-86.705860,I 65,,,,0.00,,,,,,,95.70,N,Not at Intersection,N,Non-Junction,None,,,         ,Brian,Hajdu,Cloudy,"Sideswipe, Same Direction",no,no,no,no,no,False
102770768,METROPOLITAN NASHVILLE POLICE DEPT,20200556129,Davidson,Nashville,8/29/2020 6:49:00 AM,1,0,0,36.047550,-86.776680,I 65,,,,0.00,,,,,,,75.30,N,Not at Intersection,N,Non-Junction,None,,,         ,Earl,Davis,Cloudy,Not Collision with Motor Vehicle in Transport,no,no,no,no,yes,False
102770799,METROPOLITAN NASHVILLE POLICE DEPT,20200556233,Davidson,Nashville,8/29/2020 8:13:00 AM,2,0,0,36.091550,-86.734590,YELTON CT,,,,119.00,Feet,West,REDD CT,,,,0.00,N,Not at Intersection,N,Non-Junction,None,,,         ,Robert,Higgins,Clear,"Sideswipe, Opposite Direction",no,no,no,no,yes,False
102770821,METROPOLITAN NASHVILLE POLICE DEPT,20200556131,Davidson,Nashville,8/29/2020 5:51:00 AM,2,0,0,36.086460,-86.698690,I24 W EXT RAMP,,,,0.00,Feet,,I 24,,,,0.00,Y,Four-Way,N,Intersection,None,,,         ,Michael,Moss,Cloudy,Front to Rear,no,no,no,no,no,False
102770826,METROPOLITAN NASHVILLE POLICE DEPT,20200556360,Davidson,Nashville,8/29/2020 10:00:00 AM,2,0,0,36.122560,-86.775860,FRANKLIN PKE,,,,0.00,,,BILOXI AV,,,,0.00,Y,T-Intersection,N,Intersection,None,,,         ,Jackson,Smythe,Cloudy,Angle,no,no,no,no,no,False
102770828,METROPOLITAN NASHVILLE POLICE DEPT,20200556402,Davidson,Nashville,8/29/2020 10:35:00 AM,2,0,0,36.111760,-86.811220,HILLSBORO PKE,,,,202.00,Feet,North,GRAYBAR LN,,,,0.00,N,Not at Intersection, ,Non-Junction,None,,,         ,Douglas,Atwood,Clear,Front to Rear,no,no,no,no,no,False
102770848,METROPOLITAN NASHVILLE POLICE DEPT,20200556431,Davidson,Not in City Limit,8/29/2020 11:05:00 AM,2,0,0,36.268890,-86.754000,OLD HICKORY BLVDW,,,,530.00,Feet,East,KEMPER DRN,,,,0.00,N,Not at Intersection,N,Non-Junction,None,,,         ,Billy,Price,Clear,Front to Rear,no,no,no,no,yes,False
102770869,METROPOLITAN NASHVILLE POLICE DEPT,20200556465,Davidson,Nashville,8/29/2020 11:15:00 AM,2,0,0,36.053570,-86.672730,I 24,,,,0.00,,,,,,,58.45,N,Not at Intersection, ,Non-Junction,None,,,         ,Michael,Moss,Clear,Not Collision with Motor Vehicle in Transport,no,no,no,no,no,False
102770887,METROPOLITAN NASHVILLE POLICE DEPT,20200556491,Davidson,Nashville,8/29/2020 11:45:00 AM,3,1,0,36.161040,-86.819100,28TH AVN,,,,66.00,Feet,South,BATAVIA ST,,,,0.00,N,Not at Intersection,N,Non-Junction,None,,,         ,Cody,Jaworski,Clear,Front to Rear,no,no,no,no,no,False
102770924,METROPOLITAN NASHVILLE POLICE DEPT,20200556633,Davidson,Nashville,8/29/2020 12:52:00 PM,1,1,0,36.165870,-86.781860,CHARLOTTE AV,,,,14.00,Feet,East,5TH AVN,,,,0.00,N,Not at Intersection,N,Non-Junction,None,,,         ,Rachel,Susee,Clear,Not Collision with Motor Vehicle in Transport,yes,no,no,no,yes,False
102770930,METROPOLITAN NASHVILLE POLICE DEPT,20200556606,Davidson,Nashville,8/29/2020 12:49:00 PM,3,1,0,36.077770,-86.694830,I 24,,,,0.00,,,,,,,56.40,N,Not at Intersection,N,Non-Junction,None,,,         ,Jason,Hees,Clear,"Sideswipe, Same Direction",no,no,no,no,yes,False
102770933,METROPOLITAN NASHVILLE POLICE DEPT,20200556501,Davidson,Nashville,8/29/2020 11:55:00 AM,1,1,0,36.116750,-86.698020,MURFREESBORO PKE,,,,150.00,Feet,West,MCGAVOCK PKE,,,,0.00,N,Not at Intersection,N,"Driveway, Alley Access, etc",None,,,         ,Terry,Denton,Clear,Not Collision with Motor Vehicle in Transport,no,no,no,no,no,False
102770934,METROPOLITAN NASHVILLE POLICE DEPT,20200556625,Davidson,Nashville,8/29/2020 12:14:00 PM,2,0,0,36.086870,-86.696840,HARDING PL,,,,260.00,Feet,West,METROPLEX DR,,,,0.00,N,Not at Intersection,N,Non-Junction,None,,,         ,Michael,Moss,Clear,"Sideswipe, Same Direction",no,no,no,no,no,False
102770940,METROPOLITAN NASHVILLE POLICE DEPT,20200556532,Davidson,Nashville,8/29/2020 9:50:00 AM,1,0,0,36.238390,-86.671410,MARLIN PASS,,,,0.00,,,JOE PYRON DR,,,,0.00,Y,OTHER, ,,Construction Zone,,,         ,Nathan,Mayo,,,no,no,no,no,no,False
102770942,METROPOLITAN NASHVILLE POLICE DEPT,20200556645,Davidson,Nashville,8/29/2020 1:13:00 PM,2,0,0,36.133680,-86.801080,MAGNOLIA BLVD,,,,176.00,Feet,North,PORTLAND AV,,,,0.00,N,Not at Intersection, ,Non-Junction,None,,,         ,Tanya,Molina,Clear,Angle,no,no,no,no,no,False
102770943,METROPOLITAN NASHVILLE POLICE DEPT,20200556671,Davidson,Nashville,8/29/2020 1:53:00 PM,1,0,0,36.236940,-86.793830,BRILEY PKWYW,,,,317.00,Feet,North,BRILEY PKWYE,,,,0.00,N,Not at Intersection,N,Non-Junction,None,,,         ,Kenneth,Oneal,Clear,Not Collision with Motor Vehicle in Transport,no,no,no,no,no,False
102770944,GOODLETTSVILLE POLICE DEPT,20-26126,Davidson,Goodlettsville,8/29/2020 11:52:00 AM,2,2,0,36.323100,-86.707580,LONG HOLLOW PKE,,,,0.00,,,CARTWRIGHT ST,,,,0.00,Y,Four-Way,N,Intersection,None,,,         ,Brian,Hajdu,Cloudy,Front to Rear,no,no,no,no,no,False
102770948,METROPOLITAN NASHVILLE POLICE DEPT,20200556436,Davidson,Nashville,8/29/2020 11:00:00 AM,2,1,0,36.211070,-86.599470,ANDREW JACKSON PKWY,,,,279.00,Feet,East,ALBANY DR,,,,0.00,N,Not at Intersection,N,Non-Junction,None,,,         ,Rex,Engelbert,Clear,Front to Rear,no,no,no,no,yes,False
102770967,METROPOLITAN NASHVILLE POLICE DEPT,20200556655,Davidson,Nashville,8/29/2020 1:19:00 PM,2,0,0,36.046020,-86.657930,COLLINS PARK DR,,,,0.00,,,BELL RD,,,,0.00,Y,Four-Way,Y,Intersection,None,,,         ,Caleb,Jernigan,Clear,Front to Rear,no,no,no,no,no,False
102770983,METROPOLITAN NASHVILLE POLICE DEPT,20200556682,Davidson,Nashville,8/29/2020 12:00:00 AM,2,1,0,36.205950,-86.769400,W TRINITY LN,,,,232.00,Feet,West,E TRINITY LN,,,,0.00,N,Not at Intersection,N,Non-Junction,None,,,         ,Marc,Kozen,Clear,HeadOn,no,no,no,no,yes,False
102771002,METROPOLITAN NASHVILLE POLICE DEPT,20200556761,Davidson,Nashville,8/29/2020 3:01:00 PM,1,0,0,36.134750,-86.759740,WALSH RD,,,,77.00,Feet,West,CRAIGHEAD ST,,,,0.00,N,Not at Intersection, ,Non-Junction,None,,,         ,Sekou,Samassi,Clear,Not Collision with Motor Vehicle in Transport,no,no,no,no,no,False
102771031,VANDERBILT UNIVERSITY POLICE,200552885,Davidson,Nashville,8/27/2020 8:00:00 PM,2,0,0,36.149170,-86.803800,US HWY 70S,,,,122.00,Feet,West,LOUISE AVE,,,,0.00,N,Not at Intersection,N,Non-Junction,None,,,         ,Christopher,Dion,Cloudy,HeadOn,no,no,no,no,no,Campus
102771047,METROPOLITAN NASHVILLE POLICE DEPT,20200556719,Davidson,Nashville,8/29/2020 2:50:00 PM,3,2,0,36.039640,-86.781620,I65 N EXT RAMP,,,,0.00,Feet,East,I 65,,,,0.00,N,Not at Intersection,N,Non-Junction,None,,,         ,Edin,Plancic,Clear,Front to Rear,no,no,no,no,no,False
102771048,METROPOLITAN NASHVILLE POLICE DEPT,20200556784,Davidson,Nashville,8/29/2020 3:21:00 PM,3,0,0,36.047420,-86.656100,BELL RD,,,,69.00,Feet,West,HICKORY HOLLOW PKWY,,,,0.00,N,Not at Intersection, ,Non-Junction,None,,,         ,Garrett,Latham,Clear,Front to Rear,no,no,no,no,no,False
102771049,METROPOLITAN NASHVILLE POLICE DEPT,20200556859,Davidson,Nashville,8/29/2020 3:40:00 PM,2,0,0,36.084140,-86.705880,LINBAR DR,,,,10.00,Feet,South,HARDING PL,,,,0.00,N,Not at Intersection,N,Non-Junction,None,,,         ,Tyler,Geiger,Clear,Front to Rear,no,no,no,no,yes,False
102771060,METROPOLITAN NASHVILLE POLICE DEPT,20200556882,Davidson,Nashville,8/29/2020 4:26:00 PM,2,1,0,36.135500,-86.760770,WINGROVE AVE,,,,35.00,Feet,West,ALLEY,,,,0.00,N,Not at Intersection,N,Non-Junction,None,,,         ,Sekou,Samassi,Clear,Angle,no,no,no,no,no,False
102771070,METROPOLITAN NASHVILLE POLICE DEPT,20200556722,Davidson,Nashville,8/29/2020 2:51:00 PM,2,0,0,36.252780,-86.717080,US HWY 31E,,,,195.00,Feet,South,EMMITT AVE,,,,0.00,N,Not at Intersection, ,Non-Junction,None,,,         ,David,Harms,Clear,Other,no,no,no,no,no,False