master_record_number,agency,agency_tracking_number,county,city,collision_date,vehicles_involved,number_injured,number_dead,latitude,longitude,roadway_name,roadway_suffix,roadway_number,roadway_local_id,distance_from_reference,miles-feet_indicator,direction_from_reference,intersection_road_name,intersection_road_name_suffix,intersection_road_number,intersection_local_id,mile_marker,intersection_indicator,intersect_type,interchange_related_indicator,relation_to_junction,work_zone_type,construction_maintenance_zone,construction_maintenance_zone_location,fatal_case_number,officer_first_name,officer_last_name,weather_condition(s),manner_of_crash,pedestrian,bicycle,scooter,parking,hitrun,mou
102771074,METROPOLITAN NASHVILLE POLICE DEPT,20200556731,Davidson,Not in City Limit,8/29/2020 2:54:00 PM,1,0,0,36.317190,-86.859740,CLAY LICK RD,,,,1.41,Miles,West,UNION HILL RD,,,,0.00,N,Not at Intersection,N,Non-Junction,None,,,         ,Mary,Hall,Clear,Not Collision with Motor Vehicle in Transport,no,no,no,no,yes,False
102771081,METROPOLITAN NASHVILLE POLICE DEPT,20200556966,Davidson,Nashville,8/29/2020 5:18:00 PM,2,0,0,36.044830,-86.662690,BELL RD,,,,345.00,Feet,West,CANE RIDGE RD,,,,0.00,N,Not at Intersection,N,Non-Junction,None,,,         ,Thomas,Parsons,Clear,Angle,no,no,no,no,no,False
102771082,METROPOLITAN NASHVILLE POLICE DEPT,20200556705,Davidson,Nashville,8/29/2020 2:30:00 PM,3,2,0,36.043990,-86.713110,NOLENSVILLE PKE,,,,93.00,Feet,South,BRENTWOOD EAST DR,,,,0.00,N,Not at Intersection,N,Non-Junction,None,,,         ,Taylor,Blackwelder,Clear,Other,no,no,no,no,no,False
102771087,METROPOLITAN NASHVILLE POLICE DEPT,20200557005,Davidson,Nashville,8/29/2020 4:30:00 PM,2,0,0,36.130250,-86.900070,CHARLOTTE PKE,,,,41.00,Feet,West,I40 W EXT RAMP,,,,0.00,N,Not at Intersection, ,Non-Junction,None,,,         ,Jared,Dick,Cloudy,"Sideswipe, Same Direction",no,no,no,no,no,False
102771088,METROPOLITAN NASHVILLE POLICE DEPT,20200557066,Davidson,Nashville,8/29/2020 6:22:00 PM,1,1,0,36.140790,-86.660200,I40 E ENT RAMP,,,,0.00,Feet,East,I 40,,,,0.00,N,Not at Intersection,N,Non-Junction,None,,,         ,Jarrett,Ipox,Rain,Not Collision with Motor Vehicle in Transport,no,no,no,no,no,False
102771098,METROPOLITAN NASHVILLE POLICE DEPT,20200556916,Davidson,Nashville,8/29/2020 4:45:00 PM,1,0,0,36.220760,-86.624860,OLD HICKORY BLVD,,,,0.00,,,SOUTHFORK BLVD,,,,0.00,Y,T-Intersection,N,Intersection,None,,,         ,Destiny,Zunic,Clear,Not Collision with Motor Vehicle in Transport,no,no,no,no,no,False
102771099,METROPOLITAN NASHVILLE POLICE DEPT,20200557029,Davidson,Nashville,8/29/2020 6:03:00 PM,2,1,0,36.075060,-86.768280,I 65,,,,0.00,,,,,,,77.30,N,Not at Intersection,N,Non-Junction,None,,,         ,Nicholas,Carroll,Rain,Front to Rear,no,no,no,no,no,False
102771100,METROPOLITAN NASHVILLE POLICE DEPT,2020-0557021,Davidson,Not in City Limit,8/29/2020 6:00:00 PM,2,2,0,36.256740,-86.738290,I 65,,,,0.00,,,,,,,91.70,N,Not at Intersection,N,Non-Junction,None,,,         ,Arthur,Hipp,Rain,Angle,no,no,no,no,no,False
102771117,METROPOLITAN NASHVILLE POLICE DEPT,20200557098,Davidson,Nashville,8/29/2020 6:47:00 PM,1,0,0,36.072890,-86.769460,I 65,,,,0.00,,,,,,,77.15,N,Not at Intersection, ,Non-Junction,None,,,         ,John,McDonnell,Rain,Not Collision with Motor Vehicle in Transport,no,no,no,no,no,False
102771121,METROPOLITAN NASHVILLE POLICE DEPT,20200556717,Davidson,Nashville,8/29/2020 1:06:00 PM,2,1,0,36.209060,-86.777930,BRICK CHURCH PIKE,,,,0.00,,,AVONDALE CIR,,,,0.00,Y,OTHER,N,"Driveway, Alley Access, etc",None,,,         ,William,Boler,Clear,Angle,no,no,no,no,yes,False
102771145,METROPOLITAN NASHVILLE POLICE DEPT,20200557215,Davidson,Nashville,8/29/2020 6:45:00 PM,2,0,0,36.053870,-86.674780,SHACKLETT LANE CT,,,,164.00,Feet,South,BENZING RD,,,,0.00,N,Not at Intersection,N,Non-Junction,None,,,         ,Gary,Anderson,Clear,Not Collision with Motor Vehicle in Transport,no,no,no,yes,yes,False
102771149,METROPOLITAN NASHVILLE POLICE DEPT,20200557089,Davidson,Nashville,8/29/2020 6:45:00 PM,2,0,0,36.042490,-86.676760,BLUE HOLE RD,,,,935.00,Feet,West,ERNA CT,,,,0.00,N,Not at Intersection,N,Non-Junction,None,,,         ,Parker,Vegas,Rain,Front to Rear,no,no,no,no,yes,False
102771157,METROPOLITAN NASHVILLE POLICE DEPT,20200557240,Davidson,Nashville,8/29/2020 8:14:00 PM,2,0,0,36.195340,-86.742970,GALLATIN AV,,,,135.00,Feet,North,CHESTER AV,,,,0.00,N,Not at Intersection,N,Non-Junction,None,,,         ,Marc,Kozen,Clear,Unknown,no,no,no,yes,yes,False
102771160,METROPOLITAN NASHVILLE POLICE DEPT,20200557256,Davidson,Nashville,8/29/2020 8:21:00 PM,2,0,0,36.199430,-86.740050,DELMAS AV,,,,193.00,Feet,East,GALLATIN PKE,,,,0.00,N,Not at Intersection,N,Non-Junction,None,,,         ,Sarah,Cartwright,Clear,Rear to Side,no,no,no,yes,yes,False
102771176,METROPOLITAN NASHVILLE POLICE DEPT,20200557205,Davidson,Nashville,8/29/2020 6:14:00 PM,2,0,0,36.093780,-86.652840,MURFREESBORO PKE,,,,33.00,Feet,South,OLD MURFREESBORO PKE,,,,0.00,N,Not at Intersection,N,Non-Junction,None,,,         ,Garrett,Latham,Clear,"Sideswipe, Same Direction",no,no,no,no,no,False
102771177,METROPOLITAN NASHVILLE POLICE DEPT,20200557274,Davidson,Antioch,8/29/2020 8:05:00 PM,3,0,0,36.071470,-86.581560,ASCOT DR,,,,128.00,Feet,North,ASHBY PL,,,,0.00,N,Not at Intersection,N,Non-Junction,None,,,         ,Nadine,Klemenz,Cloudy,"Sideswipe, Same Direction",no,no,no,no,yes,False
102771188,METROPOLITAN NASHVILLE POLICE DEPT,20200556741,Davidson,Nashville,8/29/2020 12:00:00 AM,2,0,0,36.139950,-86.879460,CHARLOTTE PKE,,,,97.00,Feet,West,RUSSLEO DR,,,,0.00,N,Not at Intersection,N,Non-Junction,None,,,         ,Ciara,Doherty,Clear,Front to Rear,no,no,no,no,no,False
102771189,METROPOLITAN NASHVILLE POLICE DEPT,20200557313,Davidson,Nashville,8/29/2020 8:30:00 PM,2,0,0,36.081400,-86.701500,LINBAR DR,,,,205.00,Feet,South,WALLACE RD,,,,0.00,N,Not at Intersection, ,Non-Junction,None,,,         ,Gary,Anderson,Clear,Angle,no,no,no,no,no,False
102771194,METROPOLITAN NASHVILLE POLICE DEPT,20200557095,Davidson,Nashville,8/29/2020 6:49:00 PM,1,0,0,36.157920,-86.691650,ATRIUM WAY,,,,257.00,Feet,North,BRILEY PKWYN,,,,0.00,N,Not at Intersection,N,Non-Junction,None,,,         ,Peter,Kinsey,Unknown,Not Collision with Motor Vehicle in Transport,no,no,no,no,yes,False
102771228,METROPOLITAN NASHVILLE POLICE DEPT,20200557381,Davidson,Nashville,8/29/2020 9:46:00 PM,2,0,0,36.074890,-86.920370,HIGHWAY 70S,,,,133.00,Feet,North,HIGHWAY 70S,,,,0.00,,Not at Intersection, ,Non-Junction,None,,,         ,Jared,Dick,Clear,Front to Rear,no,no,no,yes,yes,False
102771232,METROPOLITAN NASHVILLE POLICE DEPT,20200557285,Davidson,Nashville,8/29/2020 8:45:00 PM,2,4,0,36.231600,-86.781520,EWING DR,,,,0.00,,,BRICK CHURCH PKE,,,,0.00,Y,Four-Way,N,Intersection,None,,,         ,Dylan,Bradley,Cloudy,HeadOn,no,no,no,no,yes,False
102771238,METROPOLITAN NASHVILLE POLICE DEPT,20200557441,Davidson,Nashville,8/29/2020 10:30:00 PM,2,0,0,36.047690,-86.655700,BELL RD,,,,86.00,Feet,East,HICKORY HOLLOW PKWY,,,,0.00,N,Not at Intersection, ,Non-Junction,None,,,         ,Gary,Anderson,Clear,Front to Rear,no,no,no,no,no,False
102771245,METROPOLITAN NASHVILLE POLICE DEPT,20200557518,Davidson,Nashville,8/29/2020 9:55:00 PM,2,0,0,36.069270,-86.692210,HAYWOOD LN,,,,0.00,,,I24 E EXT RAMP,,,,0.00,Y,OTHER,N,Non-Junction,None,,,         ,Alex,DiBernardo,Clear,Front to Rear,no,no,no,no,yes,False
102771253,METROPOLITAN NASHVILLE POLICE DEPT,20200557478,Davidson,Nashville,8/29/2020 10:30:00 PM,2,0,0,36.089180,-86.732730,NOLENSVILLE PKE,,,,413.00,Feet,South,ZOO RD,,,,0.00,N,Not at Intersection, ,Non-Junction,None,,,         ,John,Frazier,Clear,Other,no,no,no,no,no,False
102771263,METROPOLITAN NASHVILLE POLICE DEPT,20200557444,Davidson,Antioch,8/29/2020 10:40:00 PM,1,0,0,36.076176,-86.608538,ANDERSON,RD,,,50.00,Feet,North,ANDERSON RD,RD,,,0.00,N,Not at Intersection,N,Non-Junction,None,,,         ,Samuel,Fredericks,Clear,Not Collision with Motor Vehicle in Transport,no,no,no,no,no,False
102771264,METROPOLITAN NASHVILLE POLICE DEPT,20200557447,Davidson,Nashville,8/29/2020 10:41:00 PM,2,0,0,36.168480,-86.687450,LEBANON PKE,,,,149.00,Feet,East,BRILEY PKWY N ENT RAMP,,,,0.00,N,Not at Intersection,N,Non-Junction,None,,,         ,Randall,Ward,Clear,Front to Rear,no,no,no,no,no,False
102771265,METROPOLITAN NASHVILLE POLICE DEPT,20200557544,Davidson,Nashville,8/30/2020 12:00:00 AM,2,0,0,36.207810,-86.776120,I 65,,,,0.00,,,,,,,87.40,N,Not at Intersection, ,,None,,,         ,Jacob,Dick,,,no,no,no,no,no,False
102771269,METROPOLITAN NASHVILLE POLICE DEPT,20200557555,Davidson,Nashville,8/29/2020 11:00:00 PM,2,0,0,36.149350,-86.832500,NEVADA AV,,,,43.00,Feet,West,39TH AVN,,,,0.00,N,Not at Intersection,N,Non-Junction,None,,,         ,Dakota,Vermillion,Clear,"Sideswipe, Same Direction",no,no,no,no,yes,False
102771290,METROPOLITAN NASHVILLE POLICE DEPT,20200557610,Davidson,Nashville,8/29/2020 12:00:00 AM,2,0,0,36.220240,-86.782360,BRICK CHURCH PKE,,,,109.00,Feet,North,FERNCO DR,,,,0.00,N,Not at Intersection,N,Non-Junction,None,,,         ,Jacob,Dick,Clear,"Sideswipe, Opposite Direction",no,no,no,no,no,False
102771305,METROPOLITAN NASHVILLE POLICE DEPT,20200557595,Davidson,Nashville,8/29/2020 7:00:00 PM,2,0,0,36.199160,-86.830200,TERRACE AVE,,,,123.00,Feet,West,SUMMITT AVE,,,,0.00,N,Not at Intersection,N,Non-Junction,None,,,         ,Malik,Burriss,Cloudy,Front to Rear,no,no,no,no,yes,False
102771312,METROPOLITAN NASHVILLE POLICE DEPT,20200557722,Davidson,Nashville,8/30/2020 1:30:00 AM,2,0,0,36.188300,-86.796840,DOMINICAN DR,,,,0.00,,,FRENCH LANDING DR,,,,0.00,,Not at Intersection,N,Non-Junction,None,,,         ,Eric,Schaefer,Clear,Angle,no,no,no,yes,yes,False
102771315,METROPOLITAN NASHVILLE POLICE DEPT,20200557445,Davidson,Nashville,8/29/2020 10:35:00 PM,2,0,0,36.141990,-86.741900,MURFREESBORO PKE,,,,58.00,Feet,West,CLEVELAND AV,,,,0.00,N,Not at Intersection,N,Non-Junction,None,,,         ,Thomas,Broatch,Cloudy,Not Collision with Motor Vehicle in Transport,no,no,no,no,no,False
102771321,METROPOLITAN NASHVILLE POLICE DEPT,20200557778,Davidson,Antioch,8/30/2020 2:30:00 AM,2,0,0,36.084340,-86.565250,STATE HWY 171,,,,0.80,Miles,South,LONG HUNTER STATE PARK,,,,0.00,N,Not at Intersection,N,Non-Junction,None,,,         ,Luke,Steigerwalt,Clear,"Sideswipe, Opposite Direction",no,no,no,no,no,False
102771323,METROPOLITAN NASHVILLE POLICE DEPT,20200557660,Davidson,Nashville,8/30/2020 12:18:00 AM,1,1,0,36.080508,-86.582073,SMITH SPRINGS,RD,,,200.00,Feet,West,MILBRIDGE,DR,,,0.00,N,Not at Intersection,N,Non-Junction,None,,,         ,Bryce,Hatten,Clear,Not Collision with Motor Vehicle in Transport,no,no,no,no,no,False
102771342,METROPOLITAN NASHVILLE POLICE DEPT,20200557852,Davidson,Nashville,8/30/2020 3:37:00 AM,1,0,0,36.079430,-86.747470,HARDING PL,,,,716.00,Feet,South,HARDING PL,,,,0.00,N,Not at Intersection,N,Non-Junction,None,,,         ,Corey,Eldridge,Clear,Not Collision with Motor Vehicle in Transport,no,no,no,no,yes,False
102771353,METROPOLITAN NASHVILLE POLICE DEPT,20200557572,Davidson,Nashville,8/29/2020 9:51:00 PM,2,0,0,36.151870,-86.792890,MUSIC SQW,,,,47.00,Feet,South,DIVISION ST,,,,0.00,N,Not at Intersection,Y,OtherLocation,None,,,         ,Tim,Le,Clear,Angle,no,no,no,no,no,False
102771355,METROPOLITAN NASHVILLE POLICE DEPT,20200557935,Davidson,Nashville,8/30/2020 5:06:00 AM,2,0,0,36.166710,-86.764990,I 24,,,,0.00,,,,,,,48.95,N,Not at Intersection,N,Non-Junction,None,,,         ,Richard,Luellen,Rain,Not Collision with Motor Vehicle in Transport,no,no,no,no,no,False
102771371,METROPOLITAN NASHVILLE POLICE DEPT,20200558009,Davidson,Nashville,8/30/2020 6:15:00 AM,2,0,0,36.141660,-86.734400,I 40,,,,0.00,,,,,,,212.85,N,Not at Intersection, ,Non-Junction,None,,,         ,Randall,Ward,Rain,"Sideswipe, Same Direction",no,no,no,no,no,False
102771410,METROPOLITAN NASHVILLE POLICE DEPT,20200558098,Davidson,Nashville,8/30/2020 7:02:00 AM,2,0,0,36.139590,-86.729540,I 24,,,,0.00,,,,,,,51.50,N,Not at Intersection,Y,Non-Junction,None,,,         ,Stanley,Collins,Rain,Front to Rear,no,no,no,no,yes,False
102771436,METROPOLITAN NASHVILLE POLICE DEPT,20200558149,Davidson,Nashville,8/30/2020 8:26:00 AM,2,0,0,36.162230,-86.820200,I 40,,,,0.00,,,,,,,206.30,N,Not at Intersection, ,Non-Junction,None,,,         ,Cody,Jaworski,Rain,Front to Rear,no,no,no,no,no,False
102771452,METROPOLITAN NASHVILLE POLICE DEPT,20200558226,Davidson,Nashville,8/30/2020 9:40:00 AM,2,1,0,36.206900,-86.776440,I 65,,,,0.00,,,,,,,87.35,N,Not at Intersection,N,Non-Junction,None,,,         ,Brian,Quigley,Rain,Front to Rear,no,no,no,no,no,False
102771453,METROPOLITAN NASHVILLE POLICE DEPT,20200557682,Davidson,Nashville,8/30/2020 1:05:00 AM,1,2,0,36.108690,-86.720250,I24 W EXT RAMP,,,,0.00,,,I 24,,,,0.00,Y,Y-Intersection,Y,Entrance/Exit Ramp Related,None,,,         ,Jonathan,Handley,Clear,Not Collision with Motor Vehicle in Transport,no,no,no,no,no,False
102771456,METROPOLITAN NASHVILLE POLICE DEPT,20200558229,Davidson,Nashville,8/29/2020 4:00:00 PM,2,0,0,36.167600,-86.600600,OLD HICKORY BLVD,,,,0.00,,,,,,,0.00,,,N,Non-Junction,None,,,         ,Cassandra,Del Bosco,Rain,Unknown,no,no,no,yes,yes,False
102771460,METROPOLITAN NASHVILLE POLICE DEPT,20200558215,Davidson,Nashville,8/30/2020 9:29:00 AM,2,0,0,36.173790,-86.606090,I40 W ENT RAMP,,,,0.00,,,I40 E EXT RAMP,,,,0.00,Y,OTHER, ,Non-Junction,None,,,         ,Ian,Hammond,Cloudy,Angle,no,no,no,no,no,False
102771474,METROPOLITAN NASHVILLE POLICE DEPT,20200558094,Davidson,Nashville,8/30/2020 7:43:00 AM,2,0,0,36.193440,-86.776810,I 65,,,,0.00,,,,,,,86.50,N,Not at Intersection,N,Non-Junction,None,,,         ,Jedidayah,Merriweather,Rain,Other,no,no,no,no,yes,False
102771475,METROPOLITAN NASHVILLE POLICE DEPT,20200558170,Davidson,Nashville,8/30/2020 8:52:00 AM,2,0,0,36.202680,-86.776880,I 65,,,,0.00,,,,,,,87.05,N,Not at Intersection,N,Non-Junction,None,,,         ,Jedidayah,Merriweather,Cloudy,Angle,no,no,no,no,no,False
102771486,METROPOLITAN NASHVILLE POLICE DEPT,20200558332,Davidson,Nashville,8/30/2020 11:17:00 AM,2,0,0,36.240740,-86.757370,DICKERSON PKE,,,,0.00,,,BRILEY PKWY E EXT RAMP,,,,0.00,Y,T-Intersection,Y,Intersection,None,,,         ,Michelle,Steidl,Cloudy,Angle,no,no,no,no,no,False
102771487,METROPOLITAN NASHVILLE POLICE DEPT,20200558359,Davidson,Nashville,8/30/2020 12:00:00 AM,1,0,0,36.216860,-86.853090,KINGS LN,,,,395.00,Feet,West,KINGS CT,,,,0.00,N,Not at Intersection,N,Non-Junction,None,,,         ,Brian,Quigley,Unknown,Not Collision with Motor Vehicle in Transport,no,no,no,no,yes,False
102771488,METROPOLITAN NASHVILLE POLICE DEPT,20200558318,Davidson,Nashville,8/30/2020 10:55:00 AM,1,0,0,36.230270,-86.781550,I 24,,,,0.00,,,,,,,44.15,N,Not at Intersection,Y,Entrance/Exit Ramp Related,None,,,         ,Ruben,Mariano,Cloudy,Not Collision with Motor Vehicle in Transport,no,no,no,no,no,False
102771490,METROPOLITAN NASHVILLE POLICE DEPT,20200558280,Davidson,Nashville,8/30/2020 10:17:00 AM,2,0,0,36.151760,-86.768630,2ND AVS,,,,0.00,Feet,West,I40 W EXT RAMP,,,,0.00,N,Not at Intersection, ,Non-Junction,None,,,         ,Harold,Wells,Cloudy,Angle,no,no,no,no,no,False
102771492,METROPOLITAN NASHVILLE POLICE DEPT,20200558251,Davidson,Nashville,8/30/2020 12:00:00 AM,2,0,0,36.209480,-86.776110,I 65,,,,0.00,,,,,,,87.55,N,Not at Intersection,N,Non-Junction,None,,,         ,Jordan,Shaffer,Cloudy,Front to Rear,no,no,no,no,no,False
102771497,METROPOLITAN NASHVILLE POLICE DEPT,20200558281,Davidson,Nashville,8/30/2020 10:29:00 AM,2,0,0,36.152080,-86.791350,DIVISION ST,,,,0.00,,,DEMONBREUN ST,,,,0.00,Y,Roundabout, ,Intersection-Related,None,,,         ,John,Roberson,Cloudy,Front to Rear,no,no,no,no,no,False
102771507,METROPOLITAN NASHVILLE POLICE DEPT,20200558402,Davidson,Nashville,8/30/2020 12:15:00 PM,2,0,0,36.183930,-86.611170,OLD HICKORY BLVD,,,,180.00,Feet,West,ANDREW JACKSON PKWY,,,,0.00,N,Not at Intersection, ,,None,,,         ,Lynsie,Smith,,,no,no,no,no,no,False
102771518,METROPOLITAN NASHVILLE POLICE DEPT,20200558358,Davidson,Nashville,8/30/2020 11:45:00 AM,2,1,0,36.161140,-86.792650,GEORGE L DAVIS BLVD,,,,23.00,Feet,South,CHARLOTTE AV,,,,0.00,N,Not at Intersection,N,Non-Junction,None,,,         ,Rachel,Susee,Clear,Front to Rear,no,no,no,no,no,False
102771568,METROPOLITAN NASHVILLE POLICE DEPT,20200558507,Davidson,Nashville,8/30/2020 2:10:00 PM,2,0,0,36.141690,-86.713510,I 40,,,,0.00,,,,,,,214.00,N,Not at Intersection,N,Non-Junction,None,,,         ,Reagan,Heath,Clear,"Sideswipe, Same Direction",no,no,no,no,yes,False
102771570,METROPOLITAN NASHVILLE POLICE DEPT,20200558458,Davidson,Nashville,8/30/2020 12:00:00 AM,2,0,0,36.095630,-86.720110,CATHY JO CIR,,,,261.00,Feet,East,NORWAY CT,,,,0.00,N,Not at Intersection,N,Non-Junction,None,,,         ,Tavin,Emlund,Clear,Unknown,no,no,no,no,yes,False
102771582,METROPOLITAN NASHVILLE POLICE DEPT,20200558456,Davidson,Nashville,8/30/2020 12:35:00 PM,2,0,0,36.211690,-86.775820,I 65,,,,0.00,,,,,,,87.70,N,Not at Intersection, ,Non-Junction,None,,,         ,Pamela,Caulder,Clear,"Sideswipe, Same Direction",no,no,no,no,no,False
102771587,METROPOLITAN NASHVILLE POLICE DEPT,20200558385,Davidson,Nashville,8/30/2020 12:05:00 PM,2,0,0,36.163510,-86.761980,I24 W EXT RAMP,,,,0.00,Feet,East,I 24,,,,0.00,N,Not at Intersection, ,Non-Junction,None,,,         ,Faye,Denson,Clear,"Sideswipe, Same Direction",no,no,no,no,yes,False
102771621,METROPOLITAN NASHVILLE POLICE DEPT,20200558578,Davidson,Nashville,8/30/2020 3:06:00 PM,2,0,0,36.168420,-86.687960,LEBANON PKE,,,,0.00,Feet,,BRILEY PKWY N ENT RAMP,,,,0.00,Y,T-Intersection, ,Entrance/Exit Ramp Related,None,,,         ,Jason,Milyaro Lucas,Clear,Front to Rear,no,no,no,no,no,False
102771627,METROPOLITAN NASHVILLE POLICE DEPT,20200558566,Davidson,Nashville,8/30/2020 2:35:00 PM,2,1,0,36.043320,-86.606940,RAMP,,,,0.00,Feet,East,US HWY 41,,,,0.00,N,Not at Intersection,N,Non-Junction,None,,,         ,Parker,Vegas,Clear,Front to Rear,no,no,no,no,yes,False
102771649,METROPOLITAN NASHVILLE POLICE DEPT,20200558586,Davidson,Goodlettsville,8/30/2020 3:09:00 PM,2,0,0,36.292480,-86.720130,I 65,,,,0.00,,,,,,,94.45,N,Not at Intersection,N,Non-Junction,None,,,         ,Joshua,Goepper,Clear,Front to Rear,no,no,no,no,no,False
102771656,METROPOLITAN NASHVILLE POLICE DEPT,20200558646,Davidson,Nashville,8/30/2020 3:22:00 PM,2,0,0,36.074480,-86.920940,OLD HICKORY BLVD,,,,0.00,,,HIGHWAY 70S,,,,0.00,Y,Four-Way, ,,None,,,         ,Ryan,Malone,,,no,no,no,no,no,False
102771662,METROPOLITAN NASHVILLE POLICE DEPT,20200558651,Davidson,Nashville,8/30/2020 3:25:00 PM,2,0,0,36.046510,-86.661210,EXIT 59,,,,0.00,,,I 24,,,,0.00,Y,Y-Intersection,Y,Entrance/Exit Ramp Related,None,,,         ,Garrett,Latham,Clear,Front to Rear,no,no,no,no,yes,False
102771677,BERRY HILL POLICE DEPT,20-3176,Davidson,Berry Hill,8/29/2020 7:27:00 PM,2,0,0,36.127470,-86.777510,FRANKLIN PKE,,,,0.00,,,MELPARK DR,,,,0.00,Y,T-Intersection,N,Intersection,None,,,         ,Yamil,Jimenez,Cloudy,Angle,no,no,no,no,no,False
102771678,METROPOLITAN NASHVILLE POLICE DEPT,20200558742,Davidson,Nashville,8/30/2020 4:43:00 PM,2,0,0,36.154010,-86.793830,US HWY 70S,,,,186.00,Feet,East,17TH AVE S,,,,0.00,N,Not at Intersection, ,Non-Junction,None,,,         ,Zachary,Plese,Clear,"Sideswipe, Same Direction",no,no,no,no,no,False
102771679,METROPOLITAN NASHVILLE POLICE DEPT,20200557086,Davidson,Goodlettsville,8/29/2020 6:05:00 PM,2,0,0,36.302140,-86.692720,TWIN HILLS DR,,,,0.00,,,GALLATIN PKEN,,,,0.00,Y,T-Intersection,Y,Intersection,None,,,         ,William,Badger,Rain,Angle,no,no,no,no,yes,False
102771681,METROPOLITAN NASHVILLE POLICE DEPT,20200558672,Davidson,Nashville,8/30/2020 3:15:00 PM,2,0,0,36.045360,-86.717860,OLD HICKORY BLVD,,,,147.00,Feet,East,HICKORY TRACE DR,,,,0.00,N,Not at Intersection,N,Non-Junction,None,,,         ,Jacob,Robbins,Clear,Front to Rear,no,no,no,no,no,False
102771694,METROPOLITAN NASHVILLE POLICE DEPT,20200558649,Davidson,Nashville,8/30/2020 3:29:00 PM,2,1,0,36.090020,-86.733660,NOLENSVILLE PKE,,,,0.00,Feet,,ZOO RD,,,,0.00,Y,T-Intersection,N,Intersection,None,,,         ,Molly,Page,Clear,Front to Rear,no,no,no,no,no,False
102771699,METROPOLITAN NASHVILLE POLICE DEPT,20200558754,Davidson,Nashville,8/30/2020 4:10:00 PM,2,0,0,36.150250,-86.857930,WHITE BRIDGE PKE,,,,0.00,,,CHARLOTTE PKE,,,,0.00,Y,Four-Way,N,Intersection-Related,None,,,         ,Hillary,Sherman,Clear,"Sideswipe, Same Direction",no,no,no,no,yes,False
102771701,METROPOLITAN NASHVILLE POLICE DEPT,2020-0558774,Davidson,Nashville,8/30/2020 5:00:00 PM,1,0,0,36.217000,-86.709790,MCGAVOCK PIKE,,,,251.00,Feet,North,HEMLOCK AVE,,,,0.00,N,Not at Intersection, ,Non-Junction,None,,,         ,Wayne,Helm,Cloudy,Not Collision with Motor Vehicle in Transport,no,no,no,no,no,False
102771702,METROPOLITAN NASHVILLE POLICE DEPT,20200558589,Davidson,Nashville,8/30/2020 3:03:00 PM,2,0,0,36.086910,-86.648680,MURFREESBORO PKE,,,,0.00,,,NASHBORO BLVD,,,,0.00,Y,Four-Way, ,Intersection,None,,,         ,Jarrett,Ipox,Clear,"Sideswipe, Same Direction",no,no,no,no,no,False
102771725,METROPOLITAN NASHVILLE POLICE DEPT,20200558845,Davidson,Nashville,8/30/2020 5:55:00 PM,1,0,0,36.172710,-86.869430,BRILEY PKWYS,,,,188.00,Feet,South,BRILEY PKWY S EXT RAMP,,,,0.00,N,Not at Intersection,N,Non-Junction,None,,,         ,Hillary,Sherman,Rain,Not Collision with Motor Vehicle in Transport,no,no,no,no,no,False
102771726,METROPOLITAN NASHVILLE POLICE DEPT,20200558827,Davidson,Nashville,8/30/2020 10:45:00 AM,2,0,0,36.122640,-86.789800,HALCYON AV,,,,95.00,Feet,East,12TH AVS,,,,0.00,N,Not at Intersection,N,Non-Junction,None,,,         ,Savannah,Starbuck,Cloudy,Rear to Side,no,no,no,no,yes,False
102771730,METROPOLITAN NASHVILLE POLICE DEPT,20200558637,Davidson,Nashville,8/30/2020 3:34:00 PM,3,2,0,36.140990,-86.717780,I 40,,,,0.00,,,,,,,213.75,N,Not at Intersection,N,Non-Junction,None,,,         ,Melina,Tamborella,Clear,"Sideswipe, Same Direction",no,no,no,no,no,False
102771731,METROPOLITAN NASHVILLE POLICE DEPT,20200558695,Davidson,Nashville,8/30/2020 4:11:00 PM,2,1,0,36.241960,-86.757080,DICKERSON PKE,,,,0.00,Feet,East,DICKERSON PKE ENT RAMP,,,,0.00,N,Not at Intersection, ,Entrance/Exit Ramp Related,None,,,         ,Arthur,Hipp,Cloudy,Angle,no,no,no,no,no,False
102771748,METROPOLITAN NASHVILLE POLICE DEPT,20200558905,Davidson,Nashville,8/30/2020 6:00:00 PM,2,0,0,36.168810,-86.780640,GAY ST,,,,11.00,Feet,East,3RD AVN,,,,0.00,N,Not at Intersection,N,Non-Junction,None,,,         ,Alexander,Hartle,Rain,Front to Rear,no,no,no,no,yes,False
102771753,METROPOLITAN NASHVILLE POLICE DEPT,20200558854,Davidson,Nashville,8/30/2020 5:55:00 PM,2,2,0,36.164450,-86.793910,I 40,,,,0.00,,,,,,,208.45,N,Not at Intersection,N,Non-Junction,None,,,         ,Jerica,Gladston,Rain,Front to Rear,no,no,no,no,no,False
102771761,METROPOLITAN NASHVILLE POLICE DEPT,20200558898,Davidson,Nashville,8/30/2020 6:13:00 PM,2,1,0,36.066300,-86.774230,HOGAN RD,,,,0.00,,,FRANKLIN PKE,,,,0.00,Y,Four-Way, ,Intersection,None,,,         ,John,McDonnell,Cloudy,Front to Rear,no,no,no,no,no,False
102771762,METROPOLITAN NASHVILLE POLICE DEPT,20200558810,Davidson,Nashville,8/30/2020 12:00:00 AM,1,0,0,36.154640,-86.858150,I40 W ENT RAMP,,,,0.00,Feet,East,BRILEY PKWY S EXT RAMP,,,,0.00,N,Not at Intersection,N,Entrance/Exit Ramp Related,None,,,         ,Ciara,Doherty,Clear,Not Collision with Motor Vehicle in Transport,no,no,no,no,no,False