master_record_number,agency,agency_tracking_number,county,city,collision_date,vehicles_involved,number_injured,number_dead,latitude,longitude,roadway_name,roadway_suffix,roadway_number,roadway_local_id,distance_from_reference,miles-feet_indicator,direction_from_reference,intersection_road_name,intersection_road_name_suffix,intersection_road_number,intersection_local_id,mile_marker,intersection_indicator,intersect_type,interchange_related_indicator,relation_to_junction,work_zone_type,construction_maintenance_zone,construction_maintenance_zone_location,fatal_case_number,officer_first_name,officer_last_name,weather_condition(s),manner_of_crash,pedestrian,bicycle,scooter,parking,hitrun,mou
102772401,METROPOLITAN NASHVILLE POLICE DEPT,20200560675,Davidson,Antioch,8/31/2020 3:18:00 PM,2,1,0,36.035890,-86.611160,OLD HICKORY BLVD,,,,0.00,,,HOBSON PKE,,,,0.00,Y,Four-Way,N,Non-Junction,None,,,         ,Marcus,Darden,Clear,Angle,no,no,no,no,no,False
102772403,METROPOLITAN NASHVILLE POLICE DEPT,20200560777,Davidson,Nashville,8/31/2020 3:08:00 PM,2,0,0,36.142560,-86.650810,I 40,,,,0.00,,,,,,,217.50,N,Not at Intersection,N,Non-Junction,None,,,         ,Evan,Grace,Rain,Front to Rear,no,no,no,no,no,False
102772406,METROPOLITAN NASHVILLE POLICE DEPT,20200560727,Davidson,Nashville,8/31/2020 12:00:00 AM,2,0,0,36.137790,-86.775700,I 65,,,,0.00,,,,,,,81.65,N,Not at Intersection, ,,None,,,         ,Jacob,Robbins,,,no,no,no,no,no,False
102772407,METROPOLITAN NASHVILLE POLICE DEPT,20200560817,Davidson,Nashville,8/31/2020 4:40:00 PM,2,0,0,36.069110,-86.682590,RICHARDS RD,,,,371.00,Feet,East,ANTIOCH PKE,,,,0.00,N,Not at Intersection, ,Non-Junction,None,,,         ,Edward,Starke,Rain,Angle,no,no,no,no,no,False
102772408,METROPOLITAN NASHVILLE POLICE DEPT,20200560682,Davidson,Nashville,8/31/2020 3:20:00 PM,2,0,0,36.248010,-86.720350,GALLATIN PKES,,,,2.00,Feet,North,DUE WEST AVW,,,,0.00,N,Not at Intersection,N,Non-Junction,None,,,         ,Joshua,Goepper,Cloudy,Angle,no,no,no,no,yes,False
102772414,METROPOLITAN NASHVILLE POLICE DEPT,20200560831,Davidson,Nashville,8/31/2020 4:45:00 PM,2,0,0,36.171780,-86.768360,US HWY 31,,,,234.00,Feet,East,INTERSTATE DR,,,,0.00,N,Not at Intersection, ,Non-Junction,None,,,         ,Gabriel,Vasquez,Rain,Front to Rear,no,no,no,no,no,False
102772416,METROPOLITAN NASHVILLE POLICE DEPT,20200560710,Davidson,Nashville,8/31/2020 3:41:00 PM,4,1,0,36.139380,-86.819130,ORLEANS DR,,,,0.00,,,US HWY 70S,,,,0.00,Y,Four-Way,N,Intersection,None,,,         ,Zachary,Plese,Cloudy,Angle,no,no,no,no,no,False
102772425,METROPOLITAN NASHVILLE POLICE DEPT,20200560757,Davidson,Nashville,8/31/2020 3:37:00 PM,2,0,0,36.172370,-86.598100,CENTRAL PKE,,,,7.00,Feet,East,CENTRAL CT,,,,0.00,N,Not at Intersection, ,Non-Junction,None,,,         ,Melina,Tamborella,Rain,Front to Rear,no,no,no,no,no,False
102772431,METROPOLITAN NASHVILLE POLICE DEPT,20200560781,Davidson,Nashville,8/31/2020 4:00:00 PM,3,0,0,36.158660,-86.792170,US HWY 70,,,,314.00,Feet,North,CHURCH ST,,,,0.00,N,Not at Intersection,N,Non-Junction,None,,,         ,Cory,Stratton,Rain,"Sideswipe, Same Direction",no,no,no,no,no,False
102772437,METROPOLITAN NASHVILLE POLICE DEPT,20200560721,Davidson,Nashville,8/31/2020 3:35:00 PM,1,1,0,36.100140,-86.815120,GALBRAITH DR,,,,503.00,Feet,East,OVERHILL DR,,,,0.00,N,Not at Intersection,N,Non-Junction,None,,,         ,Savannah,Starbuck,Rain,Not Collision with Motor Vehicle in Transport,no,no,no,no,no,False
102772438,METROPOLITAN NASHVILLE POLICE DEPT,20200560746,Davidson,Nashville,8/31/2020 2:13:00 PM,2,1,0,36.074570,-86.750490,BLACKMAN RD,,,,0.00,,,BRIARWOOD DR,,,,0.00,Y,Four-Way, ,Intersection,None,,,         ,John,McDonnell,Rain,Front to Rear,no,no,no,no,no,False
102772445,METROPOLITAN NASHVILLE POLICE DEPT,20200560897,Davidson,Nashville,8/31/2020 4:50:00 PM,2,0,0,36.099360,-86.710870,I 24,,,,0.00,,,,,,,54.60,N,Not at Intersection, ,Non-Junction,None,,,         ,Nadine,Klemenz,Rain,Front to Rear,no,no,no,no,no,False
102772450,METROPOLITAN NASHVILLE POLICE DEPT,20200560883,Davidson,Nashville,8/31/2020 5:05:00 PM,2,2,0,36.060440,-86.623700,MURFREESBORO PKE,,,,1493.00,Feet,South,HAMILTON GLEN PL,,,,0.00,N,Not at Intersection,N,Non-Junction,None,,,         ,Dalton,Crum,Cloudy,Angle,no,no,no,no,no,False
102772451,METROPOLITAN NASHVILLE POLICE DEPT,20200560778,Davidson,Nashville,8/31/2020 4:16:00 PM,2,0,0,36.045030,-86.659800,RAMP,,,,0.00,,,I 24,,,,0.00,Y,T-Intersection, ,Intersection,None,,,         ,Matthew,Swindell,Clear,Angle,no,no,no,no,no,False
102772455,METROPOLITAN NASHVILLE POLICE DEPT,20200560819,Davidson,Nashville,8/31/2020 4:29:00 PM,2,0,0,36.116050,-86.810580,HILLSBORO PKE,,,,1.00,Feet,South,HAMPTON AV,,,,0.00,N,Not at Intersection,N,Non-Junction,None,,,         ,Taylor,Blackwelder,Rain,Angle,no,no,no,no,no,False
102772458,METROPOLITAN NASHVILLE POLICE DEPT,20200560936,Davidson,Nashville,8/31/2020 5:25:00 PM,1,0,0,36.217540,-86.729320,GALLATIN PKE,,,,0.00,,,,,,,0.00,,, ,OtherLocation,None,,,         ,Richard,Conger,Rain,Not Collision with Motor Vehicle in Transport,no,no,no,yes,no,False
102772459,METROPOLITAN NASHVILLE POLICE DEPT,20200560919,Davidson,Nashville,8/31/2020 4:00:00 PM,2,0,0,36.153840,-86.756080,HERMITAGE AV,,,,0.00,,,FAIRFIELD AV,,,,0.00,Y,Four-Way, ,Intersection,None,,,         ,Reagan,Heath,Rain,Angle,no,no,no,no,no,False
102772464,METROPOLITAN NASHVILLE POLICE DEPT,20200560874,Davidson,Nashville,8/31/2020 5:05:00 PM,2,3,0,36.145470,-86.654450,MCCRORY CREEK RD,,,,674.00,Feet,East,ELM HILL PKE,,,,0.00,N,Not at Intersection,N,Non-Junction,None,,,         ,Joseph,Simon,Rain,HeadOn,no,no,no,no,no,False
102772473,METROPOLITAN NASHVILLE POLICE DEPT,20200560938,Davidson,Nashville,8/31/2020 5:34:00 PM,2,0,0,36.046600,-86.713410,NOLENSVILLE PKE,,,,451.00,Feet,North,OLD HICKORY BLVD,,,,0.00,N,Not at Intersection, ,Non-Junction,None,,,         ,John,McDonnell,Cloudy,Angle,no,no,no,yes,no,False
102772476,METROPOLITAN NASHVILLE POLICE DEPT,20200560799,Davidson,Nashville,8/31/2020 4:05:00 PM,3,0,0,36.161570,-86.620090,I 40,,,,0.00,,,,,,,219.65,N,Not at Intersection, ,Non-Junction,None,,,         ,Douglas,Mann,Rain,Front to Rear,no,no,no,no,no,False
102772477,METROPOLITAN NASHVILLE POLICE DEPT,20200561001,Davidson,Nashville,8/31/2020 5:01:00 PM,2,0,0,36.174480,-86.768090,HILLSBORO PIKE,,,,0.00,,South,HILLSBORO PIKE,,US,,0.00,N,Not at Intersection, ,Non-Junction,None,,,         ,Ryan,Malone,Rain,Angle,no,no,no,no,yes,False
102772481,METROPOLITAN NASHVILLE POLICE DEPT,20200560973,Davidson,Not in City Limit,8/31/2020 5:47:00 PM,2,0,0,36.000240,-86.635890,OLD HICKORY BLVD,,,,0.00,,,CANE RIDGE RD,,,,0.00,Y,T-Intersection, ,Intersection-Related,None,,,         ,Edward,Starke,Rain,HeadOn,no,no,no,no,no,False
102772482,METROPOLITAN NASHVILLE POLICE DEPT,20200560861,Davidson,Nashville,8/31/2020 5:00:00 PM,2,0,0,36.188920,-86.823170,CLARKSVILLE PKE,,,,28.00,Feet,West,ROSA L PARKS BLVD,,,,0.00,N,Not at Intersection, ,Non-Junction,None,,,         ,Jerica,Gladston,Rain,Front to Rear,no,no,no,no,no,False
102772485,METROPOLITAN NASHVILLE POLICE DEPT,20200561081,Davidson,Nashville,8/31/2020 5:54:00 PM,2,0,0,36.141910,-86.640720,ELM HILL PKE,,,,32.00,Feet,West,TIMBER VALLEY DR,,,,0.00,N,Not at Intersection, ,,None,,,         ,Deandera,Payne,,,no,no,no,no,no,False
102772487,METROPOLITAN NASHVILLE POLICE DEPT,20200560658,Davidson,Nashville,8/31/2020 2:18:00 PM,2,0,0,36.092580,-86.885420,VAUGHNS GAP RD,,,,0.00,,,HARDING PKE,,,,0.00,Y,Four-Way, ,Intersection,None,,,         ,Forrest,Punke,Cloudy,Angle,no,no,no,no,no,False
102772488,METROPOLITAN NASHVILLE POLICE DEPT,20200561003,Davidson,Nashville,8/31/2020 5:10:00 PM,2,0,0,36.062320,-86.904630,HIGHWAY 100,,,,0.00,,,OLD HICKORY BLVD,,,,0.00,Y,Four-Way, ,Intersection-Related,None,,,         ,Forrest,Punke,Rain,Front to Rear,no,no,no,no,no,False
102772490,METROPOLITAN NASHVILLE POLICE DEPT,20200561088,Davidson,Nashville,8/31/2020 6:05:00 PM,2,0,0,36.184870,-86.803390,CLAY ST,,,,0.00,Feet,,9TH AVN,,,,0.00,Y,Four-Way,Y,Intersection,None,,,         ,Jerica,Gladston,Clear,Angle,no,no,no,no,yes,False
102772491,METROPOLITAN NASHVILLE POLICE DEPT,20200560638,Davidson,Nashville,8/31/2020 3:02:00 PM,2,0,0,36.103350,-86.897360,JOCELYN HOLLOW RD,,,,211.00,Feet,East,BRESSLYN RD,,,,0.00,N,Not at Intersection,N,Non-Junction,None,,,         ,Jeremy,Huffine,Rain,Angle,no,no,no,no,no,False
102772500,METROPOLITAN NASHVILLE POLICE DEPT,20200560921,Davidson,Not in City Limit,8/31/2020 5:25:00 PM,2,1,0,36.103200,-86.932870,I 40,,,,0.00,,,,,,,198.40,N,Not at Intersection,N,Non-Junction,None,,,         ,Ryan,Papp,Rain,"Sideswipe, Same Direction",no,no,no,no,no,False
102772503,METROPOLITAN NASHVILLE POLICE DEPT,20200561012,Davidson,Not in City Limit,8/31/2020 6:07:00 PM,2,1,0,36.009540,-86.701690,NOLENSVILLE PKE,,,,16.00,Feet,North,BLUFF RD,,,,0.00,N,Not at Intersection,N,Non-Junction,None,,,         ,Joel,Bennett,Rain,Angle,no,no,no,no,no,False
102772508,METROPOLITAN NASHVILLE POLICE DEPT,20200561092,Davidson,Goodlettsville,8/31/2020 6:50:00 PM,2,0,0,36.296440,-86.715360,I 65,,,,0.00,,,,,,,94.85,N,Not at Intersection, ,Non-Junction,None,,,         ,Joshua,Goepper,Cloudy,Front to Rear,no,no,no,no,no,False
102772520,METROPOLITAN NASHVILLE POLICE DEPT,20200561156,Davidson,Nashville,8/31/2020 7:09:00 PM,2,0,0,36.143440,-86.687220,I 40,,,,0.00,,,,,,,215.45,N,Not at Intersection,N,Non-Junction,None,,,         ,Jason,Milyaro Lucas,Clear,Front to Rear,no,no,no,no,no,False
102772522,METROPOLITAN NASHVILLE POLICE DEPT,20200560871,Davidson,Nashville,8/31/2020 4:58:00 PM,3,2,0,36.046580,-86.713410,NOLENSVILLE PKE,,,,445.00,Feet,North,OLD HICKORY BLVD,,,,0.00,N,Not at Intersection,N,Non-Junction,None,,,         ,Brandon,Hughes,Rain,Front to Rear,no,no,no,no,no,False
102772535,METROPOLITAN NASHVILLE POLICE DEPT,20200560715,Davidson,Nashville,8/31/2020 3:42:00 PM,1,2,1,36.263670,-86.761400,WESTCHESTER DR,,,,127.00,Feet,East,OXBOW DR,,,,0.00,N,Not at Intersection,N,Non-Junction,None,,,20-0800  ,Russell,Ward,Rain,Not Collision with Motor Vehicle in Transport,no,no,no,no,yes,False
102772537,METROPOLITAN NASHVILLE POLICE DEPT,20200560977,Davidson,Nashville,8/31/2020 5:50:00 PM,2,2,0,36.191960,-86.781780,I 65,,,,0.00,,,,,,,86.20,N,Not at Intersection,N,Non-Junction,None,,,         ,Gabriel,Centeno,Rain,Front to Rear,no,no,no,no,no,False
102772548,METROPOLITAN NASHVILLE POLICE DEPT,20200561138,Davidson,Nashville,8/31/2020 7:20:00 PM,1,0,0,36.169720,-86.606500,I40 E EXT RAMP,,,,0.00,Feet,East,I 40,,,,0.00,N,Not at Intersection,N,Entrance/Exit Ramp Related,None,,,         ,Destiny,Zunic,Cloudy,Not Collision with Motor Vehicle in Transport,no,no,no,no,no,False
102772549,METROPOLITAN NASHVILLE POLICE DEPT,20200560950,Davidson,Nashville,8/31/2020 4:57:00 PM,2,0,0,36.164600,-86.838490,40TH AVN,,,,0.00,,,DR WALTER S DAVIS BLVD,,,,0.00,Y,T-Intersection, ,Non-Junction,None,,,         ,Je-Marc,Sears,Rain,Front to Rear,no,no,no,no,yes,False
102772550,METROPOLITAN NASHVILLE POLICE DEPT,20200561112,Davidson,Nashville,8/31/2020 7:03:00 PM,2,0,0,36.043470,-86.668430,ARBOR KNOLL BLVD,,,,3.00,Feet,North,ARBOR PL,,,,0.00,N,Not at Intersection, ,Non-Junction,None,,,         ,Parker,Vegas,Rain,"Sideswipe, Opposite Direction",no,no,no,no,no,False
102772605,METROPOLITAN NASHVILLE POLICE DEPT,20200578084,Davidson,Nashville,8/31/2020 5:50:00 PM,2,0,0,36.196920,-86.776150,I 65,,,,0.00,,,,,,,86.65,N,Not at Intersection,N,Non-Junction,None,,,         ,William,Boler,Rain,Front to Rear,no,no,no,no,no,False
102772608,METROPOLITAN NASHVILLE POLICE DEPT,20200560681,Davidson,Nashville,8/31/2020 3:25:00 PM,1,1,0,36.040200,-86.755440,OLD TOWNE DR,,,,56.00,Feet,South,OLD HICKORY BLVD,,,,0.00,N,Not at Intersection,N,Non-Junction,None,,,         ,Zachary,Smith,Cloudy,Not Collision with Motor Vehicle in Transport,no,no,no,yes,no,False
102772609,METROPOLITAN NASHVILLE POLICE DEPT,20200561328,Davidson,Nashville,8/31/2020 9:14:00 PM,2,1,0,36.161290,-86.792430,CHARLOTTE AVE,,,,75.00,Feet,East,GEORGE L DAVIS BLVD,,,,0.00,N,Not at Intersection,N,Non-Junction,None,,,         ,Gabriel,Vasquez,Clear,Angle,no,no,no,no,no,False
102772621,METROPOLITAN NASHVILLE POLICE DEPT,20200561321,Davidson,Nashville,8/31/2020 9:11:00 PM,1,0,0,36.120240,-86.718060,EAST THOMPSON LN,,,,0.00,,,,,,,0.00,,,N,Non-Junction,None,,,         ,Joel,Bennett,Clear,Not Collision with Motor Vehicle in Transport,no,no,no,no,no,False
102772622,METROPOLITAN NASHVILLE POLICE DEPT,20200561203,Davidson,Nashville,8/31/2020 7:39:00 PM,1,0,0,36.240990,-86.750080,I65 S EXT RAMP,,,,0.00,Feet,East,I 65,,,,0.00,N,Not at Intersection,N,Non-Junction,None,,,         ,Ty,Cummings,Cloudy,Not Collision with Motor Vehicle in Transport,no,no,no,no,no,False
102772651,METROPOLITAN NASHVILLE POLICE DEPT,20200561305,Davidson,Nashville,8/31/2020 8:45:00 PM,2,0,0,36.152140,-86.681120,ELM HILL PKE,,,,50.00,Feet,West,AIRWAYS CIR,,,,0.00,N,Not at Intersection,N,Non-Junction,None,,,         ,Douglas,Mann,Clear,Angle,no,no,no,no,no,False
102772652,METROPOLITAN NASHVILLE POLICE DEPT,20200561357,Davidson,Nashville,8/31/2020 9:17:00 PM,2,0,0,36.246130,-86.756530,DICKERSON PKE,,,,193.00,Feet,South,SKYLINE COMMONS PVTDR,,,,0.00,N,Not at Intersection, ,Non-Junction,None,,,         ,Emily,Masessa,Clear,"Sideswipe, Same Direction",no,no,no,no,no,False
102772680,METROPOLITAN NASHVILLE POLICE DEPT,20200561515,Davidson,Nashville,8/31/2020 11:00:00 PM,2,1,0,36.121520,-86.915720,CHARLOTTE PKE,,,,411.00,Feet,West,WEST PARK PVTDR,,,,0.00,N,Not at Intersection,N,Non-Junction,None,,,         ,Christian,Downen,Cloudy,HeadOn,no,no,no,no,yes,False
102772691,METROPOLITAN NASHVILLE POLICE DEPT,20200561695,Davidson,Not in City Limit,9/1/2020 12:00:00 AM,2,1,0,36.276840,-86.799810,I 24,,,,0.00,,,,,,,40.55,N,Not at Intersection,N,Non-Junction,None,,,         ,Joseph,Gawlowski,Fog,Not Collision with Motor Vehicle in Transport,no,no,no,no,no,False
102772697,METROPOLITAN NASHVILLE POLICE DEPT,20200561804,Davidson,Nashville,9/1/2020 12:00:00 AM,1,1,0,36.044150,-86.656750,I 24,,,,0.00,,,,,,,59.55,N,Not at Intersection,N,Non-Junction,None,,,         ,Jeremy,Spears,Clear,Not Collision with Motor Vehicle in Transport,no,no,no,no,no,False
102772767,METROPOLITAN NASHVILLE POLICE DEPT,20200562192,Davidson,Nashville,9/1/2020 6:59:00 AM,1,0,0,36.145780,-86.653680,MCCRORY CREEK RD,,,,898.00,Feet,North,ELM HILL PKE,,,,0.00,N,Not at Intersection, ,Non-Junction,None,,,         ,Michael,Brooks,Cloudy,Not Collision with Motor Vehicle in Transport,no,no,no,no,no,False
102772795,METROPOLITAN NASHVILLE POLICE DEPT,20200562291,Davidson,Nashville,9/1/2020 7:58:00 AM,2,0,0,36.155220,-86.812370,CHARLOTTE AV,,,,50.00,Feet,West,25TH AVN,,,,0.00,N,Not at Intersection, ,Non-Junction,None,,,         ,Earl,Davis,Cloudy,Front to Rear,no,no,no,no,no,False
102772796,METROPOLITAN NASHVILLE POLICE DEPT,20200562296,Davidson,Nashville,9/1/2020 8:00:00 AM,2,0,0,36.108890,-86.922460,OLD HICKORY BLVD,,,,345.00,Feet,South,SONYA DR,,,,0.00,N,Not at Intersection, ,Non-Junction,None,,,         ,Curtis,Rich,Cloudy,Front to Rear,no,no,no,no,no,False
102772800,METROPOLITAN NASHVILLE POLICE DEPT,20200562158,Davidson,Not in City Limit,9/1/2020 12:00:00 AM,1,1,0,36.264320,-86.697830,STATE RT 45,,,,384.00,Feet,North,BURWOOD AV,,,,0.00,N,Not at Intersection,N,Non-Junction,None,,,         ,Michelle,Steidl,Cloudy,Not Collision with Motor Vehicle in Transport,yes,no,no,no,yes,False
102772841,METROPOLITAN NASHVILLE POLICE DEPT,20200562328,Davidson,Nashville,9/1/2020 8:15:00 AM,3,1,0,36.151340,-86.768360,2ND AVS,,,,0.00,,,I40 E ENT RAMP,,,,0.00,Y,Four-Way,N,Intersection,None,,,         ,Michael,Brooks,Cloudy,Angle,no,no,no,no,no,False
102772857,METROPOLITAN NASHVILLE POLICE DEPT,20200562442,Davidson,Not in City Limit,9/1/2020 9:20:00 AM,2,0,0,36.258790,-86.716290,MADISON ST,,,,23.00,Feet,West,DOUGLAS ST,,,,0.00,N,Not at Intersection,N,Non-Junction,None,,,         ,Brian,Otto,Clear,Front to Rear,no,no,no,no,no,False
102772877,METROPOLITAN NASHVILLE POLICE DEPT,20200562465,Davidson,Nashville,9/1/2020 9:15:00 AM,2,0,0,36.156580,-86.787480,BROADWAY,,,,0.00,,,12TH AVS,,,,0.00,Y,Four-Way,N,Intersection-Related,None,,,         ,Charles,Coe,Cloudy,Front to Rear,no,no,no,no,no,False
102772908,METROPOLITAN NASHVILLE POLICE DEPT,20200562726,Davidson,Nashville,9/1/2020 11:53:00 AM,2,0,0,36.093320,-86.736200,MCNALLY DR,,,,0.00,,,NOLENSVILLE PKE,,,,0.00,Y,Four-Way,N,Intersection-Related,None,,,         ,Earl,Davis,Cloudy,"Sideswipe, Same Direction",no,no,no,no,yes,False
102772916,METROPOLITAN NASHVILLE POLICE DEPT,20200562736,Davidson,Nashville,9/1/2020 12:00:00 PM,1,1,0,36.172380,-86.807830,DR DB TODD JR BLVD,,,,0.00,,,KNOWLES ST,,,,0.00,Y,Four-Way,N,Intersection,None,,,         ,Wesley,Young,Clear,Not Collision with Motor Vehicle in Transport,no,yes,no,no,no,False
102772922,GOODLETTSVILLE POLICE DEPT,20-26367,Davidson,Goodlettsville,9/1/2020 11:57:00 AM,2,0,0,36.307840,-86.703980,RIVERGATE PKWY,,,,0.00,,,I65 N ENT RAMP,,,,0.00,Y,T-Intersection, ,Intersection,None,,,         ,William,Hunter,Cloudy,Other,no,no,no,no,no,False
102772940,METROPOLITAN NASHVILLE POLICE DEPT,20200562778,Davidson,Nashville,9/1/2020 12:19:00 PM,2,0,0,36.152740,-86.807480,23RD AVN,,,,0.00,,,PATTERSON ST,,,,0.00,Y,T-Intersection, ,Intersection-Related,None,,,         ,Earl,Davis,Cloudy,Front to Rear,no,no,no,no,no,False
102772945,METROPOLITAN NASHVILLE POLICE DEPT,20200562425,Davidson,Nashville,9/1/2020 9:12:00 AM,2,2,0,36.167660,-86.663320,LEBANON PKE,,,,0.00,,,DONELSON PKE,,,,0.00,Y,T-Intersection,Y,Intersection,None,,,         ,Joshua,Hausman,Clear,Angle,no,no,no,no,no,False
102772961,METROPOLITAN NASHVILLE POLICE DEPT,20200562892,Davidson,Nashville,8/31/2020 12:00:00 AM,2,0,0,36.178860,-86.810210,17TH AVE N,,,,388.00,Feet,North,CENTURY ST,,,,0.00,N,Not at Intersection,N,Non-Junction,None,,,         ,Wesley,Young,Unknown,"Sideswipe, Same Direction",no,no,no,no,yes,False
102772965,METROPOLITAN NASHVILLE POLICE DEPT,20200562659,Davidson,Nashville,9/1/2020 11:20:00 AM,1,0,0,36.229450,-86.729040,BROADMOOR DR,,,,432.00,Feet,East,GRINSTEAD PL,,,,0.00,N,Not at Intersection, ,Non-Junction,None,,,         ,Russell,Freeman,Cloudy,Not Collision with Motor Vehicle in Transport,no,no,no,no,no,False
102772966,METROPOLITAN NASHVILLE POLICE DEPT,20200562468,Davidson,Nashville,9/1/2020 9:39:00 AM,2,2,0,36.078000,-86.634250,BELL RD,,,,192.00,Feet,West,BELL RD PVTDR,,,,0.00,N,Not at Intersection,N,Non-Junction,None,,,         ,Joshua,Hausman,Clear,HeadOn,no,no,no,no,no,False
102772984,METROPOLITAN NASHVILLE POLICE DEPT,20200562873,Davidson,Nashville,9/1/2020 1:09:00 PM,2,0,0,36.173830,-86.770470,I 24,,,,0.00,,,,,,,48.15,N,Not at Intersection,N,Non-Junction,None,,,         ,Ralph,Smith IV,Clear,"Sideswipe, Same Direction",no,no,no,no,no,False
102772994,METROPOLITAN NASHVILLE POLICE DEPT,20200562833,Davidson,Nashville,9/1/2020 12:51:00 PM,2,0,0,36.130400,-86.817040,I 440,,,,0.00,,,,,,,2.00,N,Not at Intersection,N,Non-Junction,None,,,         ,Earl,Davis,Cloudy,"Sideswipe, Same Direction",no,no,no,no,no,False
102772995,METROPOLITAN NASHVILLE POLICE DEPT,20200556498,Davidson,Nashville,8/29/2020 11:50:00 AM,2,0,0,36.154850,-86.779140,8TH AVS,,,,0.00,Feet,,KOREAN VETERANS BLVD,,,,0.00,Y,Roundabout, ,Intersection,None,,,         ,Joshua,Reece,Clear,Angle,no,no,no,no,no,False
102773007,METROPOLITAN NASHVILLE POLICE DEPT,20200562922,Davidson,Nashville,9/1/2020 1:29:00 PM,2,0,0,36.110280,-86.811450,HILLSBORO PKE,,,,342.00,Feet,South,GRAYBAR LN,,,,0.00,N,Not at Intersection,N,OtherLocation,None,,,         ,Earl,Davis,Cloudy,Other,no,no,no,yes,yes,False
102773009,METROPOLITAN NASHVILLE POLICE DEPT,20200562823,Davidson,Nashville,9/1/2020 12:40:00 PM,2,2,0,36.200060,-86.769950,DICKERSON PKE,,,,50.00,Feet,South,GATEWOOD AV,,,,0.00,N,Not at Intersection,N,Non-Junction,None,,,         ,Russell,Freeman,Cloudy,Angle,no,no,no,no,no,False
102773013,METROPOLITAN NASHVILLE POLICE DEPT,20200562893,Davidson,Nashville,9/1/2020 1:17:00 PM,2,0,0,36.046500,-86.677820,BELL RD,,,,485.00,Feet,East,BRITTANY PARK DR,,,,0.00,N,Not at Intersection, ,,None,,,         ,Patrick,Martin,,,no,no,no,no,no,False
102773014,METROPOLITAN NASHVILLE POLICE DEPT,20200562918,Davidson,Nashville,9/1/2020 1:31:00 PM,2,0,0,36.046790,-86.679100,BELL RD,,,,95.00,Feet,East,BRITTANY PARK DR,,,,0.00,N,Not at Intersection, ,,None,,,         ,Nicholas,Carter,,,no,no,no,no,no,False
102773034,THP District 9 - Administrative,320049409,Davidson,Nashville,9/1/2020 1:45:00 PM,1,0,0,36.094700,-86.707110,I 24,,,,0.00,,,,,,,55.00,N,Not at Intersection,N,Non-Junction,None,,,         ,William,Connors,Clear,Not Collision with Motor Vehicle in Transport,no,no,no,no,no,False
102773042,METROPOLITAN NASHVILLE POLICE DEPT,20200562857,Davidson,Nashville,9/1/2020 12:57:00 PM,2,0,0,36.152240,-86.625070,BELL RD,,,,0.00,,,STEWARTS FERRY PKE,,,,0.00,Y,Four-Way,N,Intersection,None,,,         ,Michael,Brooks,Cloudy,Angle,no,no,no,no,no,False
102773045,METROPOLITAN NASHVILLE POLICE DEPT,20200562957,Davidson,Antioch,9/1/2020 1:27:00 PM,2,1,0,36.044460,-86.608220,MURFREESBORO PKE,,,,388.00,Feet,South,MOUNTAIN SPRINGS RD,,,,0.00,N,Not at Intersection, ,Non-Junction,None,,,         ,Patrick,Martin,Clear,Front to Rear,no,no,no,no,no,False
102773060,METROPOLITAN NASHVILLE POLICE DEPT,20200562781,Davidson,Nashville,9/1/2020 12:26:00 PM,2,2,0,36.203550,-86.738530,GALLATIN PKE,,,,0.00,,,E TRINITY LN,,,,0.00,Y,Four-Way,N,Intersection-Related,None,,,         ,Douglas,Smith,Cloudy,Front to Rear,no,no,no,no,no,False
102773069,METROPOLITAN NASHVILLE POLICE DEPT,20200563013,Davidson,Nashville,9/1/2020 1:47:00 PM,2,1,0,36.172990,-86.689260,BRILEY PKWYS,,,,628.00,Feet,North,BRILEY PKWYS,,,,0.00,N,Not at Intersection,N,Non-Junction,None,,,         ,Michael,Brooks,Cloudy,Unknown,no,no,no,no,no,False
102773088,METROPOLITAN NASHVILLE POLICE DEPT,20200562931,Davidson,Nashville,9/1/2020 1:18:00 PM,2,0,0,36.088550,-86.702180,I 24,,,,0.00,,,I24 E EXT RAMP,,,,0.00,Y,OTHER, ,Non-Junction,None,,,         ,Alex,Moore,Clear,Not Collision with Motor Vehicle in Transport,no,no,no,no,no,False
102773106,METROPOLITAN NASHVILLE POLICE DEPT,20200563123,Davidson,Nashville,9/1/2020 2:29:00 PM,2,1,0,36.084190,-86.705800,HARDING PL,,,,27.00,Feet,East,LINBAR DR,,,,0.00,N,Not at Intersection,N,Non-Junction,None,,,         ,Edward,Starke,Clear,Front to Rear,no,no,no,no,yes,False
102773107,METROPOLITAN NASHVILLE POLICE DEPT,20200561790,Davidson,Nashville,9/1/2020 1:36:00 AM,1,0,1,36.209060,-86.766750,DICKERSON PKE,,,,114.00,Feet,South,KINGSTON ST,,,,0.00,N,Not at Intersection,N,Non-Junction,None,,,20-0709  ,Ryan,Allen,Cloudy,Not Collision with Motor Vehicle in Transport,yes,no,no,no,no,False
102773119,METROPOLITAN NASHVILLE POLICE DEPT,20200563085,Davidson,Nashville,9/1/2020 2:20:00 PM,1,1,0,36.249390,-86.719410,E PALESTINE AV,,,,0.00,,,GALLATIN PKES,,,,0.00,Y,Four-Way,N,Intersection,None,,,         ,Christopher,Littles,Cloudy,Not Collision with Motor Vehicle in Transport,yes,no,no,no,yes,False
102773120,METROPOLITAN NASHVILLE POLICE DEPT,20200563126,Davidson,Not in City Limit,9/1/2020 2:12:00 PM,2,0,0,36.260630,-86.680460,BUBBLING WELL RD,,,,84.00,Feet,East,EDWARD VII AV,,,,0.00,N,Not at Intersection, ,Non-Junction,None,,,         ,Christopher,Littles,Cloudy,Rear to Side,no,no,no,no,no,False