master_record_number,agency,agency_tracking_number,county,city,collision_date,vehicles_involved,number_injured,number_dead,latitude,longitude,roadway_name,roadway_suffix,roadway_number,roadway_local_id,distance_from_reference,miles-feet_indicator,direction_from_reference,intersection_road_name,intersection_road_name_suffix,intersection_road_number,intersection_local_id,mile_marker,intersection_indicator,intersect_type,interchange_related_indicator,relation_to_junction,work_zone_type,construction_maintenance_zone,construction_maintenance_zone_location,fatal_case_number,officer_first_name,officer_last_name,weather_condition(s),manner_of_crash,pedestrian,bicycle,scooter,parking,hitrun,mou
102776953,METROPOLITAN NASHVILLE POLICE DEPT,20200571726,Davidson,Nashville,9/5/2020 1:58:00 PM,3,0,0,36.082470,-86.711130,HARDING PL,,,,200.00,Feet,West,TAMPA DR,,,,0.00,N,Not at Intersection,N,Non-Junction,None,,,         ,Michael,Moss,Clear,Front to Rear,no,no,no,no,no,False
102776963,METROPOLITAN NASHVILLE POLICE DEPT,20200571770,Davidson,Nashville,9/5/2020 1:49:00 PM,2,0,0,36.110920,-86.744970,THOMPSON LN,,,,74.00,Feet,East,NOLENSVILLE PKE,,,,0.00,N,Not at Intersection, ,,None,,,         ,Edin,Plancic,,,no,no,no,no,no,False
102776987,METROPOLITAN NASHVILLE POLICE DEPT,20200571765,Davidson,Nashville,9/5/2020 2:26:00 PM,2,0,0,36.033170,-86.712900,US HWY 31 ALT,,,,149.00,Feet,South,BARNES RD,,,,0.00,N,Not at Intersection,N,Non-Junction,None,,,         ,Parker,Vegas,Clear,Front to Rear,no,no,no,no,no,False
102776995,METROPOLITAN NASHVILLE POLICE DEPT,20200571843,Davidson,Nashville,9/5/2020 11:43:00 AM,2,0,0,36.079280,-86.644320,MURFREESBORO PKE,,,,114.00,Feet,East,EDGE O LAKE DR,,,,0.00,N,Not at Intersection, ,,None,,,         ,Douglas,Mann,,,no,no,no,no,no,False
102777005,METROPOLITAN NASHVILLE POLICE DEPT,20200571791,Davidson,Nashville,9/5/2020 1:08:00 PM,2,0,0,36.150150,-86.857950,CHARLOTTE PKE,,,,0.00,,,WHITE BRIDGE PKE,,,,0.00,Y,Four-Way, ,Intersection,None,,,         ,Matthew,Turppa,Clear,Front to Rear,no,no,no,no,no,False
102777014,METROPOLITAN NASHVILLE POLICE DEPT,20200571840,Davidson,Nashville,9/5/2020 3:20:00 PM,2,4,0,36.079370,-86.632570,EDGE O LAKE DR,,,,0.00,,,BELL RD,,,,0.00,Y,Four-Way,N,Intersection,None,,,         ,Steven,Powers,Clear,Front to Rear,no,no,no,no,no,False
102777026,METROPOLITAN NASHVILLE POLICE DEPT,20200571876,Davidson,Nashville,9/5/2020 2:15:00 PM,2,0,0,36.147460,-86.744290,I 40,,,,0.00,,,,,,,212.00,N,Not at Intersection, ,,None,,,         ,Reagan,Heath,,,no,no,no,no,no,False
102777033,METROPOLITAN NASHVILLE POLICE DEPT,20200571759,Davidson,Madison,9/5/2020 12:50:00 PM,2,0,0,36.266110,-86.684510,N DUPONT AV,,,,220.00,Feet,East,ARCHWOOD PL,,,,0.00,N,Not at Intersection,N,Non-Junction,None,,,         ,Dylan,Bradley,Clear,Not Collision with Motor Vehicle in Transport,no,no,no,no,no,False
102777055,METROPOLITAN NASHVILLE POLICE DEPT,20200571977,Davidson,Nashville,9/5/2020 2:30:00 PM,2,0,0,36.180640,-86.796220,GARFIELD ST,,,,40.00,Feet,East,ROSA L PARKS BLVD,,,,0.00,N,Not at Intersection,N,Non-Junction,None,,,         ,Eric,McCoy,Clear,"Sideswipe, Same Direction",no,no,no,no,yes,False
102777059,METROPOLITAN NASHVILLE POLICE DEPT,20200571803,Davidson,Nashville,9/5/2020 3:00:00 PM,2,3,0,36.143680,-86.814200,US HWY 70S,,,,0.00,,,30TH AVE N,,,,0.00,Y,Four-Way,N,Intersection,None,,,         ,Cory,Stratton,Clear,Angle,no,no,no,no,no,Campus
102777065,METROPOLITAN NASHVILLE POLICE DEPT,20200571943,Davidson,Nashville,9/5/2020 3:56:00 PM,2,0,0,36.085690,-86.648020,MURFREESBORO PKE,,,,484.00,Feet,South,UNA ANTIOCH PKE,,,,0.00,N,Not at Intersection,N,Non-Junction,None,,,         ,Gary,Anderson,Clear,Angle,no,no,no,no,yes,False
102777066,METROPOLITAN NASHVILLE POLICE DEPT,20200571859,Davidson,Nashville,9/5/2020 1:50:00 PM,2,0,0,36.068240,-86.632160,MURFREESBORO PKE,,,,405.00,Feet,North,FOREST VIEW DR,,,,0.00,N,Not at Intersection, ,,None,,,         ,Brandon,Simpkins,,,no,no,no,no,no,False
102777102,METROPOLITAN NASHVILLE POLICE DEPT,20200571965,Davidson,Nashville,9/5/2020 2:35:00 PM,2,0,0,36.216600,-86.593100,LEBANON PKE,,,,1422.00,Feet,West,ANDREW JACKSON PKWY,,,,0.00,N,Not at Intersection, ,Non-Junction,None,,,         ,Zaire,Murray,Clear,Angle,no,no,no,yes,yes,False
102777106,METROPOLITAN NASHVILLE POLICE DEPT,20200572040,Davidson,Nashville,9/5/2020 4:28:00 PM,2,0,0,36.106350,-86.764960,POWELL PL,,,,138.00,Feet,West,POWELL AV,,,,0.00,N,Not at Intersection, ,Non-Junction,None,,,         ,Edin,Plancic,Clear,Other,no,no,no,no,no,False
102777111,METROPOLITAN NASHVILLE POLICE DEPT,20200571916,Davidson,Nashville,9/5/2020 12:30:00 PM,2,0,0,36.126930,-86.709830,THOMPSON PL,,,,336.00,Feet,North,MURFREESBORO PKE,,,,0.00,N,Not at Intersection,N,Non-Junction,None,,,         ,Mary,Robinson,Clear,Unknown,no,no,no,yes,yes,False
102777112,METROPOLITAN NASHVILLE POLICE DEPT,20200572076,Davidson,Nashville,9/5/2020 5:26:00 PM,2,0,0,36.193200,-86.775540,I 24,,,,0.00,,,,,,,46.70,N,Not at Intersection, ,Non-Junction,None,,,         ,Ty,Cummings,Clear,Front to Rear,no,no,no,no,no,False
102777124,METROPOLITAN NASHVILLE POLICE DEPT,20200572092,Davidson,Nashville,9/5/2020 5:36:00 PM,2,0,0,36.052040,-86.644300,EAGLE VIEW BLVD,,,,485.00,Feet,West,STATE HWY 254,,,,0.00,N,Not at Intersection, ,Non-Junction,None,,,         ,Parker,Vegas,Clear,Angle,no,no,no,no,no,False
102777127,METROPOLITAN NASHVILLE POLICE DEPT,20200571967,Davidson,Nashville,9/5/2020 4:23:00 PM,2,1,0,36.134280,-86.774730,WEDGEWOOD AV,,,,0.00,,,I65 N ENT RAMP,,,,0.00,Y,Four-Way,N,Intersection-Related,None,,,         ,Savannah,Starbuck,Clear,Angle,no,no,no,no,no,False
102777131,METROPOLITAN NASHVILLE POLICE DEPT,20200572104,Davidson,Nashville,9/5/2020 5:17:00 PM,2,0,0,36.151790,-86.784240,12TH AVS,,,,37.00,Feet,South,11TH AVS,,,,0.00,N,Not at Intersection, ,Non-Junction,None,,,         ,Matthew,Mrowiec,Clear,"Sideswipe, Same Direction",no,no,no,no,no,False
102777136,METROPOLITAN NASHVILLE POLICE DEPT,20200572082,Davidson,Nashville,9/5/2020 5:30:00 PM,2,1,0,36.153570,-86.788410,14TH AVS,,,,0.00,,,DEMONBREUN ST,,,,0.00,Y,Four-Way,N,Intersection,None,,,         ,Alex,Moore,Clear,Angle,no,no,no,no,no,False
102777137,METROPOLITAN NASHVILLE POLICE DEPT,20200572106,Davidson,Nashville,9/5/2020 5:42:00 PM,2,2,0,36.168170,-86.617110,RIVERWOOD VILLAGE BLVD,,,,0.00,Feet,,WILLOWTREE AV,,,,0.00,Y,T-Intersection,Y,Intersection-Related,None,,,         ,Douglas,Mann,Clear,Angle,no,no,no,no,no,False
102777143,GOODLETTSVILLE POLICE DEPT,20-26722,Davidson,Goodlettsville,9/5/2020 5:38:00 PM,3,3,0,36.305910,-86.693820,CONFERENCE DR,,,,0.00,,,RIVERGATE MALL PVTDR,,,,0.00,Y,T-Intersection,N,Intersection-Related,None,,,         ,Rico,Jones,Clear,Angle,no,no,no,no,no,False
102777157,METROPOLITAN NASHVILLE POLICE DEPT,20200572017,Davidson,Nashville,9/5/2020 4:58:00 PM,3,1,0,36.170780,-86.600410,I40 W EXT RAMP,,,,0.00,Feet,East,I 40,,,,0.00,N,Not at Intersection, ,Entrance/Exit Ramp Related,None,,,         ,Terence,Mitchell,Clear,Front to Rear,no,no,no,no,no,False
102777160,METROPOLITAN NASHVILLE POLICE DEPT,20200572131,Davidson,Nashville,9/5/2020 5:56:00 PM,2,1,0,36.025770,-86.692500,BARNES RD,,,,613.00,Feet,West,BLACKPOOL DR,,,,0.00,N,Not at Intersection,N,Non-Junction,None,,,         ,Nadine,Klemenz,Clear,"Sideswipe, Opposite Direction",no,no,no,no,yes,False
102777174,METROPOLITAN NASHVILLE POLICE DEPT,20200571937,Davidson,Nashville,9/5/2020 4:12:00 PM,2,1,0,36.231600,-86.781530,EWING DR,,,,5.00,Feet,West,BRICK CHURCH PKE,,,,0.00,N,Not at Intersection,N,Non-Junction,None,,,         ,Matthew,Herod,Clear,Angle,no,no,no,no,yes,False
102777179,METROPOLITAN NASHVILLE POLICE DEPT,20200572184,Davidson,Nashville,9/5/2020 12:00:00 AM,2,0,0,36.136140,-86.778440,EAST ARGYLE AV,,,,146.00,Feet,East,8TH AVS,,,,0.00,N,Not at Intersection,N,Non-Junction,None,,,         ,Savannah,Starbuck,Clear,"Sideswipe, Same Direction",no,no,no,no,yes,False
102777220,METROPOLITAN NASHVILLE POLICE DEPT,20200572239,Davidson,Nashville,9/5/2020 7:09:00 PM,2,0,0,36.111080,-86.754470,THOMPSON LN,,,,0.00,Feet,West,EUGENIA AV,,,,0.00,N,Not at Intersection,N,Non-Junction,None,,,         ,Edin,Plancic,Clear,Front to Rear,no,no,no,no,no,False
102777224,METROPOLITAN NASHVILLE POLICE DEPT,20200571762,Davidson,Nashville,9/5/2020 1:58:00 PM,2,0,0,36.028390,-86.672670,BLUE HOLE RD,,,,31.00,Feet,North,PETTUS RD,,,,0.00,N,Not at Intersection, ,Non-Junction,None,,,         ,Matthew,Swindell,Clear,Front to Rear,no,no,no,no,no,False
102777225,METROPOLITAN NASHVILLE POLICE DEPT,20200571841,Davidson,Not in City Limit,9/5/2020 2:35:00 PM,2,0,0,36.011950,-86.684220,CULBERTSON RD,,,,335.00,Feet,North,CALDERWOOD DR,,,,0.00,N,Not at Intersection,N,Non-Junction,None,,,         ,Matthew,Swindell,Clear,HeadOn,no,no,no,no,no,False
102777228,METROPOLITAN NASHVILLE POLICE DEPT,20200572274,Davidson,Nashville,9/5/2020 7:34:00 PM,3,1,0,36.155760,-86.796010,CHURCH ST,,,,37.00,Feet,West,17TH AVE N,,,,0.00,N,Not at Intersection,N,Non-Junction,None,,,         ,Zachary,Plese,Clear,Angle,no,no,no,no,no,False
102777259,METROPOLITAN NASHVILLE POLICE DEPT,20200572338,Davidson,Nashville,9/5/2020 8:10:00 PM,2,0,0,36.155490,-86.780890,CLARK PL,,,,89.00,Feet,East,9TH AVS,,,,0.00,N,Not at Intersection, ,,None,,,         ,Matthew,Mrowiec,,,no,no,no,no,no,False
102777268,METROPOLITAN NASHVILLE POLICE DEPT,20200572307,Davidson,Goodlettsville,9/5/2020 7:51:00 PM,1,1,0,36.290940,-86.722070,I 65,,,,0.00,,,,,,,94.30,N,Not at Intersection,N,Non-Junction,None,,,         ,Jonathan,Foote,Clear,Not Collision with Motor Vehicle in Transport,no,no,no,no,no,False
102777282,METROPOLITAN NASHVILLE POLICE DEPT,20200572372,Davidson,Nashville,9/5/2020 8:10:00 PM,2,0,0,36.156580,-86.787480,12TH AVS,,,,0.00,,,BROADWAY,,,,0.00,Y,Four-Way, ,Intersection,None,,,         ,Mandi,Maska,Clear,Front to Rear,no,no,no,no,yes,False
102777303,METROPOLITAN NASHVILLE POLICE DEPT,20200572227,Davidson,Nashville,9/5/2020 6:58:00 PM,2,0,0,36.041090,-86.672900,CLUBHOUSE LN,,,,26.00,Feet,West,MIMOSA CT,,,,0.00,N,Not at Intersection,N,Non-Junction,None,,,         ,Parker,Vegas,Clear,HeadOn,no,no,no,no,yes,False
102777310,METROPOLITAN NASHVILLE POLICE DEPT,20200572420,Davidson,Nashville,9/5/2020 12:00:00 AM,1,0,0,36.094470,-86.700050,ANTIOCH PKE,,,,1532.00,Feet,North,HARDING INDUSTRIAL DR,,,,0.00,N,Not at Intersection,N,Non-Junction,None,,,         ,John,Braun,Clear,Not Collision with Motor Vehicle in Transport,no,no,no,no,no,False
102777313,METROPOLITAN NASHVILLE POLICE DEPT,20200572360,Davidson,Nashville,9/5/2020 8:28:00 PM,2,1,0,36.155210,-86.627690,STEWARTS FERRY PKE,,,,187.00,Feet,West,I40 E EXT RAMP,,,,0.00,N,Not at Intersection,N,Non-Junction,None,,,         ,Jarrett,Ipox,Clear,Front to Rear,no,no,no,no,no,False
102777342,METROPOLITAN NASHVILLE POLICE DEPT,20200572471,Davidson,Not in City Limit,9/5/2020 5:30:00 PM,1,0,0,36.073780,-86.932390,HIGHWAY 70S,,,,270.00,Feet,East,MYHR GREEN,,,,0.00,N,Not at Intersection, ,Non-Junction,None,,,         ,Jared,Dick,Clear,Not Collision with Motor Vehicle in Transport,no,no,no,no,yes,False
102777361,METROPOLITAN NASHVILLE POLICE DEPT,20200572214,Davidson,Nashville,9/5/2020 6:54:00 PM,2,1,0,36.037490,-86.791290,OLD HICKORY BLVD,,,,90.00,Feet,West,S HILLVIEW DR,,,,0.00,N,Not at Intersection,N,Non-Junction,None,,,         ,Nicholas,Carroll,Clear,Front to Rear,no,no,no,no,no,False
102777368,METROPOLITAN NASHVILLE POLICE DEPT,20200572371,Davidson,Nashville,9/5/2020 8:35:00 PM,2,0,0,36.044820,-86.662500,BELL RD,,,,288.00,Feet,West,CANE RIDGE RD,,,,0.00,N,Not at Intersection,N,Non-Junction,None,,,         ,Gary,Anderson,Clear,Front to Rear,no,no,no,no,no,False
102777372,METROPOLITAN NASHVILLE POLICE DEPT,20200572468,Davidson,Nashville,9/5/2020 8:51:00 PM,2,0,0,36.165410,-86.801480,BLANK ST,,,,139.00,Feet,North,HERMAN ST,,,,0.00,N,Not at Intersection, ,,None,,,         ,Brandon,Chapman,,,no,no,no,no,no,False
102777373,METROPOLITAN NASHVILLE POLICE DEPT,20200572301,Davidson,Nashville,9/5/2020 7:46:00 PM,2,2,0,36.206650,-86.778240,W TRINITY LN,,,,57.00,Feet,East,HAMPTON ST,,,,0.00,N,Not at Intersection,N,Non-Junction,None,,,         ,Alec,Pellissier,Clear,Angle,no,no,no,no,no,False
102777409,METROPOLITAN NASHVILLE POLICE DEPT,20200572387,Davidson,Nashville,9/5/2020 8:40:00 PM,2,1,0,36.131880,-86.895530,OLD CHARLOTTE PKE,,,,0.00,,,I40 E ENT RAMP,,,,0.00,Y,Four-Way,N,Intersection-Related,None,,,         ,Andrew,McCarron,Clear,Angle,no,no,no,no,no,False
102777421,METROPOLITAN NASHVILLE POLICE DEPT,20200572363,Davidson,Nashville,9/5/2020 8:28:00 PM,2,1,0,36.081100,-86.758360,HARDING PL,,,,0.00,,,TROUSDALE DR,,,,0.00,Y,Four-Way,N,Non-Junction,None,,,         ,Brady,Reynolds,Clear,Angle,no,no,no,no,no,False
102777435,METROPOLITAN NASHVILLE POLICE DEPT,20200572483,Davidson,Nashville,9/5/2020 9:28:00 PM,2,0,0,36.068690,-86.677500,RICHARDS RD,,,,191.00,Feet,East,LORI DR,,,,0.00,N,Not at Intersection,N,Non-Junction,None,,,         ,Megan,Arnett,Clear,Front to Rear,no,no,no,no,no,False
102777442,GOODLETTSVILLE POLICE DEPT,20-26734,Davidson,Goodlettsville,9/5/2020 8:59:00 PM,1,1,0,36.306380,-86.701000,VIETNAM VETERANS BLVD SB ENT R,,,,0.00,Feet,East,VIETNAM VETERANS BLVD SB ENT R,,,,0.00,N,Not at Intersection,N,Entrance/Exit Ramp Related,None,,,         ,Timothy,Williams,Clear,Not Collision with Motor Vehicle in Transport,no,no,no,no,no,False
102777478,METROPOLITAN NASHVILLE POLICE DEPT,20200572692,Davidson,Nashville,9/5/2020 11:30:00 PM,2,0,0,36.045510,-86.704550,STATE HWY 254,,,,281.00,Feet,West,EULALA DR,,,,0.00,N,Not at Intersection,N,Non-Junction,None,,,         ,Luke,Steigerwalt,Clear,Front to Rear,no,no,no,no,yes,False
102777482,METROPOLITAN NASHVILLE POLICE DEPT,20200572813,Davidson,Nashville,9/5/2020 9:01:00 PM,1,0,0,36.158380,-86.822780,I 40,,,,0.00,,,,,,,206.00,N,Not at Intersection, ,Entrance/Exit Ramp Related,None,,,         ,Nathan,Glass,Clear,Not Collision with Motor Vehicle in Transport,no,no,no,no,no,False
102777483,METROPOLITAN NASHVILLE POLICE DEPT,20200572721,Davidson,Nashville,9/6/2020 12:00:00 AM,1,1,0,36.093640,-86.699100,ANTIOCH PKE,,,,1322.00,Feet,North,HARDING INDUSTRIAL DR,,,,0.00,N,Not at Intersection,N,Non-Junction,None,,,         ,Jeremy,Spears,Clear,Not Collision with Motor Vehicle in Transport,no,no,no,no,no,False
102777515,METROPOLITAN NASHVILLE POLICE DEPT,20200572700,Davidson,Not in City Limit,9/5/2020 11:59:00 PM,2,0,0,36.078020,-86.949070,HIGHWAY 70S,,,,0.00,,,BELLEVUE CTR PVTDR,,,,0.00,Y,Four-Way,N,Intersection,None,,,         ,David,Moser,Clear,Angle,no,no,no,no,yes,False
102777542,METROPOLITAN NASHVILLE POLICE DEPT,20200573010,Davidson,Not in City Limit,9/6/2020 3:12:00 AM,1,0,0,36.132850,-86.926050,RIVER RD,,,,24.00,Feet,South,GOWER RD,,,,0.00,N,Not at Intersection,N,Non-Junction,None,,,         ,Nicholas,Smith,Clear,Not Collision with Motor Vehicle in Transport,no,no,no,no,no,False
102777546,METROPOLITAN NASHVILLE POLICE DEPT,20200572694,Davidson,Nashville,9/5/2020 11:55:00 PM,2,0,0,36.087680,-86.714900,TAMPA DR,,,,4.00,Feet,North,PARAGON MILLS RD,,,,0.00,N,Not at Intersection,N,Non-Junction,None,,,         ,Tyler,Shanks,Clear,Front to Rear,no,no,no,no,no,False
102777596,METROPOLITAN NASHVILLE POLICE DEPT,20200572999,Davidson,Nashville,9/6/2020 3:07:00 AM,2,0,0,36.156100,-86.825850,I40 E EXT RAMP,,,,0.00,,,I 40,,,,0.00,Y,OTHER,N,Entrance/Exit Ramp Related,None,,,         ,Nathan,Glass,Clear,HeadOn,no,no,no,no,yes,False
102777597,METROPOLITAN NASHVILLE POLICE DEPT,20200573039,Davidson,Nashville,9/6/2020 3:45:00 AM,2,1,0,36.324700,-86.873580,I 24,,,,0.00,,,,,,,34.65,N,Not at Intersection,N,Non-Junction,None,,,         ,Malik,Burriss,Clear,Angle,no,no,no,no,no,False
102777605,METROPOLITAN NASHVILLE POLICE DEPT,20200573192,Davidson,Nashville,9/6/2020 6:12:00 AM,1,0,0,36.081200,-86.715140,HARDING PL,,,,0.00,Feet,East,HUMBER DR,,,,0.00,N,Not at Intersection,N,Non-Junction,None,,,         ,Alex,DiBernardo,Clear,Not Collision with Motor Vehicle in Transport,no,no,no,no,yes,False
102777623,METROPOLITAN NASHVILLE POLICE DEPT,20200573177,Davidson,Nashville,9/6/2020 5:55:00 AM,2,0,0,36.106320,-86.718660,I 24,,,,0.00,,,,,,,54.00,N,Not at Intersection,N,Non-Junction,None,,,         ,Robert,Leverick,Clear,Front to Rear,no,no,no,no,no,False
102777635,BERRY HILL POLICE DEPT,20-3267,Davidson,Berry Hill,9/5/2020 1:25:00 PM,2,0,0,36.124980,-86.776670,INVERNESS AV,,,,0.00,,,FRANKLIN PKE,,,,0.00,Y,OTHER, ,,None,,,         ,Larry,Carter,,,no,no,no,yes,no,False
102777655,METROPOLITAN NASHVILLE POLICE DEPT,20200571648,Davidson,Nashville,9/5/2020 11:30:00 AM,1,0,0,36.161300,-86.710970,DAHLIA DR,,,,193.00,Feet,West,FOXWOOD LN,,,,0.00,N,Not at Intersection, ,Non-Junction,None,,,         ,Shawn,Kaelin,Clear,Not Collision with Motor Vehicle in Transport,no,no,no,no,no,False
102777659,METROPOLITAN NASHVILLE POLICE DEPT,20200573226,Davidson,Nashville,9/6/2020 6:40:00 AM,2,1,0,36.176880,-86.776180,COWAN ST,,,,0.00,,,SPRING ST,,,,0.00,Y,Four-Way,N,Intersection,None,,,         ,Kimberly,Forsyth,Clear,Angle,no,no,no,no,no,False
102777702,METROPOLITAN NASHVILLE POLICE DEPT,20200573326,Davidson,Nashville,9/6/2020 7:50:00 AM,2,0,0,36.187850,-86.775350,I 24,,,,0.00,,,,,,,47.05,N,Not at Intersection, ,,None,,,         ,John,Kelley,,,no,no,no,no,no,False
102777712,METROPOLITAN NASHVILLE POLICE DEPT,20200573435,Davidson,Nashville,9/6/2020 8:00:00 AM,2,0,0,36.087850,-86.653430,RANSOM PL,,,,126.00,Feet,West,OLIVE CIR,,,,0.00,N,Not at Intersection, ,Non-Junction,None,,,         ,Jason,Hees,Fog,"Sideswipe, Same Direction",no,no,no,no,yes,False
102777713,METROPOLITAN NASHVILLE POLICE DEPT,20200573369,Davidson,Nashville,9/6/2020 8:40:00 AM,2,0,0,36.192190,-86.792520,VANTAGE WAY,,,,548.00,Feet,West,GREAT CIRCLE RD,,,,0.00,N,Not at Intersection, ,Non-Junction,None,,,         ,Justen,Ogle,Clear,Angle,no,no,no,no,no,False
102777718,METROPOLITAN NASHVILLE POLICE DEPT,20200573336,Davidson,Nashville,9/6/2020 8:07:00 AM,1,0,0,36.088670,-86.615360,CASTLEGATE DR,,,,225.00,Feet,South,SMITH SPRINGS RD,,,,0.00,N,Not at Intersection,N,Non-Junction,None,,,         ,Daniel,Fuentes,Clear,Not Collision with Motor Vehicle in Transport,no,no,no,no,no,False
102777720,METROPOLITAN NASHVILLE POLICE DEPT,20200573421,Davidson,Nashville,9/6/2020 9:40:00 AM,2,0,0,36.168620,-86.600390,OLD HICKORY BLVD,,,,35.00,Feet,North,MILLS RD,,,,0.00,N,Not at Intersection,N,Non-Junction,None,,,         ,Mario,Diaz,Clear,"Sideswipe, Same Direction",no,no,no,no,yes,False
102777722,METROPOLITAN NASHVILLE POLICE DEPT,20200573397,Davidson,Not in City Limit,9/6/2020 9:29:00 AM,2,1,0,36.265490,-86.739870,I65 S EXT RAMP,,,,0.00,,,OLD HICKORY BLVDW,,,,0.00,Y,T-Intersection,N,Entrance/Exit Ramp Related,None,,,         ,William,Coy,Clear,Front to Rear,no,no,no,no,yes,False
102777942,METROPOLITAN NASHVILLE POLICE DEPT,20200573563,Davidson,Nashville,9/6/2020 12:05:00 AM,2,0,0,36.047840,-86.612050,MURFREESBORO PKE,,,,0.00,,,MOUNTAIN SPRINGS RD,,,,0.00,Y,Four-Way,N,Intersection-Related,None,,,         ,Caleb,Jernigan,Clear,Front to Rear,no,no,no,no,yes,False
102777967,METROPOLITAN NASHVILLE POLICE DEPT,20200573499,Davidson,Nashville,9/6/2020 10:50:00 AM,1,1,0,36.215480,-86.623150,OLD HICKORY BLVD,,,,200.00,Feet,East,2ND ST,,,,0.00,N,Not at Intersection,N,Non-Junction,None,,,         ,Mario,Diaz,Clear,Not Collision with Motor Vehicle in Transport,no,no,no,no,no,False
102777987,METROPOLITAN NASHVILLE POLICE DEPT,20200573671,Davidson,Nashville,9/6/2020 2:00:00 PM,2,0,0,36.163210,-86.819270,I40 E ENT RAMP,,,,0.00,Feet,East,I 40,,,,0.00,N,Not at Intersection, ,Entrance/Exit Ramp Related,None,,,         ,Keith,Parlato,Clear,Front to Rear,no,no,no,no,no,False
102777996,METROPOLITAN NASHVILLE POLICE DEPT,20200573625,Davidson,Nashville,9/6/2020 12:58:00 PM,2,1,0,36.052630,-86.673120,BLUE HOLE RD,,,,0.00,Feet,,TUSCULUM RD,,,,0.00,Y,T-Intersection,N,Intersection-Related,None,,,         ,William,Burnett,Clear,Front to Rear,no,no,no,no,yes,False
102778057,METROPOLITAN NASHVILLE POLICE DEPT,20200573702,Davidson,Nashville,9/6/2020 2:26:00 PM,1,0,0,36.221100,-86.761890,DICKERSON PKE,,,,52.00,Feet,South,PINE RIDGE DR,,,,0.00,N,Not at Intersection, ,"Driveway, Alley Access, etc",None,,,         ,Scarlett,Collins,Clear,Not Collision with Motor Vehicle in Transport,no,no,no,no,no,False
102778102,METROPOLITAN NASHVILLE POLICE DEPT,20200573733,Davidson,Nashville,9/6/2020 2:46:00 PM,2,0,0,36.183690,-86.747280,EASTLAND AV,,,,327.00,Feet,East,GALLATIN AV,,,,0.00,N,Not at Intersection,N,Non-Junction,None,,,         ,Zachary,Aldrich,Clear,Angle,no,no,no,no,no,False
102778117,METROPOLITAN NASHVILLE POLICE DEPT,20200573770,Davidson,Nashville,9/6/2020 3:20:00 PM,2,0,0,36.087430,-86.692210,ANTIOCH PKE,,,,0.00,,,HARDING PL,,,,0.00,Y,Four-Way, ,Intersection,None,,,         ,Molly,Page,Clear,Angle,no,no,no,no,no,False
102778157,METROPOLITAN NASHVILLE POLICE DEPT,20200573824,Davidson,Nashville,9/6/2020 3:50:00 PM,6,2,0,36.151470,-86.751350,I40 W EXT RAMP,,,,0.00,Feet,East,I 40,,,,0.00,N,Not at Intersection,N,Non-Junction,None,,,         ,Reagan,Heath,Clear,Front to Rear,no,no,no,no,no,False
102778177,METROPOLITAN NASHVILLE POLICE DEPT,20200572554,Davidson,Nashville,9/5/2020 10:35:00 PM,2,0,0,36.046280,-86.660930,I 24,,,,0.00,,,,,,,59.30,N,Not at Intersection,N,Non-Junction,None,,,         ,Tyler,Geiger,Clear,Front to Rear,no,no,no,no,yes,False
102778179,METROPOLITAN NASHVILLE POLICE DEPT,2020-0573838,Davidson,Not in City Limit,9/6/2020 4:05:00 PM,2,3,0,36.264450,-86.732280,OLD HICKORY BLVDW,,,,0.00,,,N GRAYCROFT AV,,,,0.00,Y,Four-Way,N,Intersection-Related,None,,,         ,Arthur,Hipp,Clear,Angle,no,no,no,no,no,False
102778195,METROPOLITAN NASHVILLE POLICE DEPT,20200573869,Davidson,Not in City Limit,9/6/2020 4:20:00 PM,2,2,0,36.198640,-86.972550,RIVER ROAD PKE,,,,219.00,Feet,West,BIGGS RD,,,,0.00,N,Not at Intersection,N,Non-Junction,None,,,         ,Brian,DeMarce,Clear,Front to Rear,no,no,no,no,no,False
102778200,METROPOLITAN NASHVILLE POLICE DEPT,20200573793,Davidson,Nashville,9/6/2020 2:35:00 PM,2,0,0,36.162110,-86.790610,11TH AVN,,,,0.00,Feet,,CHARLOTTE AV,,,,0.00,Y,Four-Way, ,Intersection,None,,,         ,Mandi,Maska,Clear,Angle,no,no,no,no,no,False
102778201,METROPOLITAN NASHVILLE POLICE DEPT,2020-0572499,Davidson,Nashville,9/5/2020 9:39:00 PM,2,0,0,36.250720,-86.757280,DICKERSON PKE,,,,271.00,Feet,South,MULBERRY DOWNS CIR,,,,0.00,N,Not at Intersection,N,Non-Junction,None,,,         ,Arthur,Hipp,Clear,Not Collision with Motor Vehicle in Transport,no,no,no,no,yes,False
102778229,METROPOLITAN NASHVILLE POLICE DEPT,20200573863,Davidson,Nashville,9/6/2020 4:15:00 PM,3,0,0,36.136530,-86.726670,I40 E ENT RAMP,,,,0.00,Feet,East,I 24,,,,0.00,N,Not at Intersection,N,Entrance/Exit Ramp Related,None,,,         ,Beri,Scott,Clear,"Sideswipe, Same Direction",no,no,no,no,no,False
102778282,THP District 3 - Nashville,320050508,Davidson,Nashville,9/5/2020 7:46:00 PM,2,0,0,36.170870,-86.601170,I40 W EXT RAMP,,,,0.00,,,I 40,,,,0.00,Y,Four-Way, ,Entrance/Exit Ramp Related,None,,,         ,Brandon,Hart,Clear,Front to Rear,no,no,no,no,no,False
102778288,METROPOLITAN NASHVILLE POLICE DEPT,20200573949,Davidson,Nashville,9/6/2020 5:11:00 PM,1,0,0,36.184390,-86.797300,I65 N ENT RAMP,,,,0.00,Feet,East,I 65,,,,0.00,N,Not at Intersection,N,Non-Junction,None,,,         ,Mary,Hall,Clear,Not Collision with Motor Vehicle in Transport,no,no,no,no,no,False