master_record_number,agency,agency_tracking_number,county,city,collision_date,vehicles_involved,number_injured,number_dead,latitude,longitude,roadway_name,roadway_suffix,roadway_number,roadway_local_id,distance_from_reference,miles-feet_indicator,direction_from_reference,intersection_road_name,intersection_road_name_suffix,intersection_road_number,intersection_local_id,mile_marker,intersection_indicator,intersect_type,interchange_related_indicator,relation_to_junction,work_zone_type,construction_maintenance_zone,construction_maintenance_zone_location,fatal_case_number,officer_first_name,officer_last_name,weather_condition(s),manner_of_crash,pedestrian,bicycle,scooter,parking,hitrun,mou
102778291,METROPOLITAN NASHVILLE POLICE DEPT,20200574027,Davidson,Nashville,9/6/2020 5:00:00 PM,2,0,0,36.140570,-86.722700,I 40,,,,0.00,,,,,,,213.50,N,Not at Intersection,N,Non-Junction,None,,,         ,Jason,Milyaro Lucas,Clear,Front to Rear,no,no,no,no,no,False
102778302,METROPOLITAN NASHVILLE POLICE DEPT,20200574048,Davidson,Nashville,9/6/2020 6:28:00 PM,2,0,0,36.045430,-86.703710,OLD HICKORY BLVD,,,,28.00,Feet,West,EULALA DR,,,,0.00,N,Not at Intersection, ,Non-Junction,None,,,         ,Nadine,Klemenz,Clear,Front to Rear,no,no,no,no,no,False
102778307,METROPOLITAN NASHVILLE POLICE DEPT,20200573812,Davidson,Nashville,9/6/2020 3:45:00 PM,1,0,0,36.154130,-86.757750,I 40,,,,0.00,,,,,,,211.10,N,Not at Intersection,Y,OtherLocation,None,,,         ,Michael,Fox,Clear,Not Collision with Motor Vehicle in Transport,no,no,no,no,no,False
102778309,METROPOLITAN NASHVILLE POLICE DEPT,20200573806,Davidson,Nashville,9/6/2020 1:15:00 PM,2,0,0,36.130380,-86.713830,MILLWOOD DR,,,,420.00,Feet,North,MURFREESBORO PKE,,,,0.00,N,Not at Intersection,N,Non-Junction,None,,,         ,Jarrett,Ipox,Clear,Angle,no,no,no,no,yes,False
102778317,METROPOLITAN NASHVILLE POLICE DEPT,20200573878,Davidson,Nashville,9/6/2020 4:18:00 PM,2,3,0,36.045280,-86.701410,BELL RD,,,,80.00,Feet,East,OLD HICKORY BLVD,,,,0.00,N,Not at Intersection,N,Non-Junction,None,,,         ,Luis,Pena,Clear,Angle,no,no,no,no,no,False
102778375,METROPOLITAN NASHVILLE POLICE DEPT,20200574218,Davidson,Nashville,9/6/2020 8:39:00 PM,2,0,0,36.111220,-86.724800,EAST THOMPSON LN,,,,479.00,Feet,West,I24 E EXT RAMP,,,,0.00,N,Not at Intersection, ,,None,,,         ,John,Walden,,,no,no,no,no,no,False
102778393,METROPOLITAN NASHVILLE POLICE DEPT,20200574199,Davidson,Nashville,9/6/2020 7:30:00 PM,2,0,0,36.048440,-86.651790,HICKORY HOLLOW LN,,,,307.00,Feet,South,BELL RD,,,,0.00,N,Not at Intersection,N,Non-Junction,None,,,         ,Dalton,Crum,Clear,Angle,no,no,no,no,no,False
102778405,METROPOLITAN NASHVILLE POLICE DEPT,20200574122,Davidson,Nashville,9/6/2020 7:31:00 PM,2,2,0,36.084830,-86.728190,NOLENSVILLE PKE,,,,0.00,,,PARAGON MILLS RD,,,,0.00,Y,Four-Way,N,Non-Junction,None,,,         ,Brady,Reynolds,Clear,Angle,no,no,no,no,no,False
102778420,METROPOLITAN NASHVILLE POLICE DEPT,20200574110,Davidson,Nashville,9/6/2020 7:10:00 PM,2,0,0,36.045570,-86.711200,OLD HICKORY BLVD,,,,614.00,Feet,East,NOLENSVILLE PKE,,,,0.00,N,Not at Intersection,N,Non-Junction,None,,,         ,Savannah,Starbuck,Clear,"Sideswipe, Same Direction",no,no,no,no,yes,False
102778442,METROPOLITAN NASHVILLE POLICE DEPT,20200574276,Davidson,Nashville,9/6/2020 5:20:00 PM,2,0,0,36.089070,-86.649990,RANSOM PL,,,,0.00,,,MURFREESBORO PKE,,,,0.00,Y,Four-Way,N,Intersection,None,,,         ,John,Jones,Clear,HeadOn,no,no,no,no,yes,False
102778458,METROPOLITAN NASHVILLE POLICE DEPT,20200574214,Davidson,Nashville,9/6/2020 4:45:00 PM,2,0,0,36.045300,-86.701680,BELL RD,,,,0.00,,,OLD HICKORY BLVD,,,,0.00,Y,Four-Way,N,Intersection,None,,,         ,Heather,Fox,Clear,Angle,no,no,no,no,yes,False
102778466,METROPOLITAN NASHVILLE POLICE DEPT,20200574184,Davidson,Nashville,9/6/2020 5:45:00 PM,2,0,0,36.129890,-86.742660,CADEN DR,,,,234.00,Feet,West,FOSTER AV,,,,0.00,N,Not at Intersection, ,Non-Junction,None,,,         ,Beri,Scott,Clear,Other,no,no,no,no,no,False
102778514,GOODLETTSVILLE POLICE DEPT,20-26725,Davidson,Goodlettsville,9/5/2020 6:30:00 PM,1,2,0,36.338810,-86.720050,HITT LN,,,,250.00,Feet,South,OLD SPRINGFIELD PKE,,,,0.00,N,Not at Intersection,N,Non-Junction,None,,,         ,Brittany,Swift,Clear,Not Collision with Motor Vehicle in Transport,no,no,no,no,no,False
102778540,METROPOLITAN NASHVILLE POLICE DEPT,20200574412,Davidson,Not in City Limit,9/6/2020 12:00:00 AM,2,0,0,36.080190,-86.935880,CROSS TIMBERS DR,,,,284.00,Feet,South,CORONADO CT,,,,0.00,N,Not at Intersection,N,Non-Junction,None,,,         ,Christian,Downen,Clear,"Sideswipe, Opposite Direction",no,no,no,no,yes,False
102778543,METROPOLITAN NASHVILLE POLICE DEPT,20200574399,Davidson,Nashville,9/6/2020 11:00:00 PM,1,0,0,36.073260,-86.700790,WILLARD DR,,,,221.00,Feet,South,MARGO LN,,,,0.00,N,Not at Intersection,N,Non-Junction,None,,,         ,David,Simmonds,Clear,Not Collision with Motor Vehicle in Transport,no,no,no,no,no,False
102778559,METROPOLITAN NASHVILLE POLICE DEPT,20200574559,Davidson,Nashville,9/7/2020 12:34:00 AM,1,0,0,36.127130,-86.814900,I 440,,,,0.00,,,,,,,2.20,N,Not at Intersection,N,Non-Junction,None,,,         ,Tim,Le,Clear,Not Collision with Motor Vehicle in Transport,no,no,no,no,yes,False
102778567,METROPOLITAN NASHVILLE POLICE DEPT,20200574709,Davidson,Nashville,9/6/2020 11:34:00 PM,2,0,0,36.085000,-86.698760,I24 W EXT RAMP,,,,0.00,Feet,East,I 24,,,,0.00,N,Not at Intersection,N,Non-Junction,None,,,         ,Kurt,Lewton,Clear,Angle,no,no,no,no,yes,False
102778570,METROPOLITAN NASHVILLE POLICE DEPT,2020573631,Davidson,Nashville,9/6/2020 1:05:00 PM,2,1,0,36.154340,-86.770270,2ND AVS,,,,74.00,Feet,North,ELM ST,,,,0.00,N,Not at Intersection, ,Non-Junction,None,,,         ,Cory,West,Clear,"Sideswipe, Same Direction",no,no,no,no,no,False
102778573,METROPOLITAN NASHVILLE POLICE DEPT,20200574754,Davidson,Nashville,9/7/2020 2:45:00 AM,1,1,0,36.143400,-86.624510,LINCOYA BAY DR,,,,683.00,Feet,South,LINCOYA CREEK DR,,,,0.00,N,Not at Intersection,N,Non-Junction,None,,,         ,Torry,Hill,Clear,Not Collision with Motor Vehicle in Transport,no,no,no,no,no,False
102778578,METROPOLITAN NASHVILLE POLICE DEPT,20200574664,Davidson,Nashville,9/6/2020 8:47:00 PM,3,0,0,36.144540,-86.879860,PREMIER DR,,,,365.00,Feet,West,WILCLAY DR,,,,0.00,N,Not at Intersection, ,"Driveway, Alley Access, etc",None,,,         ,Wyatt,Blacker,Clear,Angle,no,no,no,yes,yes,False
102778583,METROPOLITAN NASHVILLE POLICE DEPT,20200572608,Davidson,Nashville,9/5/2020 11:04:00 PM,2,2,0,36.176910,-86.774580,SPRING ST,,,,0.00,,,N 1ST ST,,,,0.00,Y,Four-Way,N,Intersection-Related,None,,,         ,Garrett,Short,Clear,Angle,no,no,no,no,no,False
102778588,METROPOLITAN NASHVILLE POLICE DEPT,20200574665,Davidson,Nashville,9/7/2020 1:45:00 AM,2,2,0,36.089130,-86.614850,SMITH SPRINGS RD,,,,0.00,,,CASTLEGATE DR,,,,0.00,Y,T-Intersection,N,Intersection,None,,,         ,Samuel,Fredericks,Clear,Angle,no,no,no,no,no,False
102778589,METROPOLITAN NASHVILLE POLICE DEPT,20200574737,Davidson,Not in City Limit,9/6/2020 10:40:00 PM,2,0,0,36.013570,-86.679210,BROKEN BOW DR,,,,280.00,Feet,South,OLD HICKORY BLVD,,,,0.00,N,Not at Intersection,N,Non-Junction,None,,,         ,Holly,Davis,Clear,Front to Rear,no,no,no,no,yes,False
102778663,METROPOLITAN NASHVILLE POLICE DEPT,20200575007,Davidson,Not in City Limit,9/7/2020 5:35:00 AM,1,0,0,36.071660,-86.946780,SAWYER BROWN RD,,,,120.00,Feet,South,RIVER PLANTATION PVTDR,,,,0.00,N,Not at Intersection,Y,Non-Junction,None,,,         ,Wyatt,Blacker,Clear,Not Collision with Motor Vehicle in Transport,no,no,no,no,no,False
102778702,METROPOLITAN NASHVILLE POLICE DEPT,20200573707,Davidson,Nashville,9/6/2020 2:30:00 PM,2,0,0,36.049980,-86.649500,MT VIEW RD,,,,0.00,,,BELL RD,,,,0.00,Y,Four-Way, ,Intersection,None,,,         ,Theodore,Flick,Clear,Front to Rear,no,no,no,no,no,False
102778714,METROPOLITAN NASHVILLE POLICE DEPT,20200574775,Davidson,Nashville,9/7/2020 2:52:00 AM,1,2,0,36.188410,-86.822290,CLARKSVILLE PKE,,,,263.00,Feet,West,ROSA L PARKS BLVD,,,,0.00,N,Not at Intersection,N,Non-Junction,None,,,         ,Joshua,Asbell,Clear,Not Collision with Motor Vehicle in Transport,no,no,no,no,no,False
102778731,METROPOLITAN NASHVILLE POLICE DEPT,20200575137,Davidson,Nashville,9/7/2020 7:46:00 AM,2,0,0,36.138680,-86.731880,MURFREESBORO PKE,,,,362.00,Feet,East,ARLINGTON AV,,,,0.00,N,Not at Intersection,N,Non-Junction,None,,,         ,Michael,Brooks,Clear,"Sideswipe, Same Direction",no,no,no,no,yes,False
102778802,GOODLETTSVILLE POLICE DEPT,20-26842,Davidson,Goodlettsville,9/7/2020 9:37:00 AM,1,1,0,36.320600,-86.703250,I 65,,,,0.00,,,,,,,96.75,N,Not at Intersection,N,Non-Junction,None,,,         ,Daniel,Knalls,Clear,Not Collision with Motor Vehicle in Transport,no,no,no,no,no,False
102778815,METROPOLITAN NASHVILLE POLICE DEPT,20200575118,Davidson,Nashville,9/7/2020 7:35:00 AM,1,1,0,36.169850,-86.735930,S 20TH ST,,,,0.00,Feet,East,SHELBY AV,,,,0.00,N,Not at Intersection,N,Non-Junction,None,,,         ,Faye,Denson,Clear,Not Collision with Motor Vehicle in Transport,no,no,no,no,no,False
102778878,METROPOLITAN NASHVILLE POLICE DEPT,20200575387,Davidson,Nashville,9/7/2020 11:03:00 AM,2,1,0,36.197410,-86.775760,I 65,,,,0.00,,,,,,,86.70,N,Not at Intersection,N,Non-Junction,None,,,         ,Michael,Agee,Clear,"Sideswipe, Same Direction",no,no,no,no,yes,False
102779042,METROPOLITAN NASHVILLE POLICE DEPT,20200575563,Davidson,Nashville,9/7/2020 1:20:00 PM,1,1,0,36.253690,-86.716440,GALLATIN PKES,,,,200.00,Feet,North,MADISON SQ,,,,0.00,N,Not at Intersection,N,Non-Junction,None,,,         ,Brian,Otto,Clear,Not Collision with Motor Vehicle in Transport,yes,no,no,no,yes,False
102779048,METROPOLITAN NASHVILLE POLICE DEPT,20200575538,Davidson,Nashville,9/7/2020 12:48:00 PM,2,0,0,36.199310,-86.776530,I 65,,,,0.00,,,,,,,86.80,N,Not at Intersection, ,Non-Junction,None,,,         ,Brian,Quigley,Clear,Front to Rear,no,no,no,no,no,False
102779057,METROPOLITAN NASHVILLE POLICE DEPT,20200575423,Davidson,Nashville,9/7/2020 11:30:00 AM,2,0,0,36.180050,-86.810240,BUCHANAN ST,,,,138.00,Feet,West,16TH AVN,,,,0.00,N,Not at Intersection,N,Non-Junction,None,,,         ,Jean,McCormack,Clear,Front to Rear,no,no,no,no,no,False
102779066,METROPOLITAN NASHVILLE POLICE DEPT,20200575505,Davidson,Nashville,9/7/2020 12:25:00 PM,2,0,0,36.080040,-86.639210,WILLOWBRANCH DR,,,,0.00,,,TOWNVIEW PL,,,,0.00,Y,T-Intersection, ,Intersection,None,,,         ,Shawn,Kaelin,Clear,Angle,no,no,no,no,no,False
102779071,METROPOLITAN NASHVILLE POLICE DEPT,20200575502,Davidson,Nashville,9/7/2020 12:36:00 PM,2,0,0,36.170820,-86.601550,OLD HICKORY BLVD,,,,0.00,Feet,,I40 W EXT RAMP,,,,0.00,Y,OTHER,N,Intersection,None,,,         ,Michael,Brooks,Clear,Angle,no,no,no,no,no,False
102779082,METROPOLITAN NASHVILLE POLICE DEPT,20200575542,Davidson,Nashville,9/7/2020 12:59:00 PM,2,0,0,36.082680,-86.765110,HARDING PL,,,,0.00,,,I65 S ENT RAMP,,,,0.00,Y,OTHER, ,Entrance/Exit Ramp Related,None,,,         ,Justin,Pinkelton,Clear,Angle,no,no,no,no,no,False
102779105,METROPOLITAN NASHVILLE POLICE DEPT,20200575555,Davidson,Nashville,9/7/2020 1:00:00 PM,2,0,0,36.159630,-86.855480,KENTUCKY AV,,,,22.00,Feet,East,56TH AVN,,,,0.00,N,Not at Intersection, ,Non-Junction,None,,,         ,Michael,Pyle,Clear,Front to Rear,no,no,no,no,yes,False
102779145,METROPOLITAN NASHVILLE POLICE DEPT,20200575634,Davidson,Nashville,9/7/2020 2:23:00 PM,2,0,0,36.192320,-86.616300,OLD HICKORY BLVD,,,,0.00,,,JUAREZ DR,,,,0.00,Y,Four-Way, ,,None,,,         ,Michael,Brooks,,,no,no,no,no,no,False
102779161,METROPOLITAN NASHVILLE POLICE DEPT,20200575606,Davidson,Nashville,9/7/2020 1:56:00 PM,2,3,0,36.144310,-86.762080,SHEPARD ST,,,,0.00,,,1ST AVS,,,,0.00,Y,T-Intersection,N,Intersection,None,,,         ,Charles,Wakefield,Clear,Angle,no,no,no,no,no,False
102779243,METROPOLITAN NASHVILLE POLICE DEPT,20200575654,Davidson,Nashville,9/7/2020 1:50:00 PM,2,0,0,36.184860,-86.759280,CLEVELAND ST,,,,0.00,,,ELLINGTON PKWY N ENT RAMP,,,,0.00,Y,T-Intersection, ,Intersection,None,,,         ,Jeremy,Smith,Clear,Angle,no,no,no,no,no,False
102779290,METROPOLITAN NASHVILLE POLICE DEPT,20200575666,Davidson,Nashville,9/7/2020 2:21:00 PM,1,0,0,36.078600,-86.651730,SPLIT OAK TRL,,,,58.00,Feet,South,OAK FOREST DR,,,,0.00,N,Not at Intersection, ,Non-Junction,None,,,         ,Nadine,Klemenz,Clear,Not Collision with Motor Vehicle in Transport,no,no,no,no,no,False
102779305,METROPOLITAN NASHVILLE POLICE DEPT,20200575681,Davidson,Nashville,9/7/2020 1:43:00 PM,2,0,0,36.197010,-86.742060,GALLATIN AV,,,,0.00,,,GALLATIN PKE,,,,0.00,Y,T-Intersection,N,Intersection,None,,,         ,Sarah,Cartwright,Clear,Front to Rear,no,no,no,no,no,False
102779314,METROPOLITAN NASHVILLE POLICE DEPT,20200575738,Davidson,Nashville,9/7/2020 3:00:00 PM,2,0,0,36.130370,-86.905540,CHARLOTTE PKE PVTDR,,,,264.00,Feet,West,RIVER RD PVTDR,,,,0.00,N,Not at Intersection,N,Non-Junction,None,,,         ,Brian,DeMarce,Clear,Angle,no,no,no,no,yes,False
102779338,METROPOLITAN NASHVILLE POLICE DEPT,20200575827,Davidson,Antioch,9/7/2020 4:07:00 PM,1,0,0,36.012460,-86.620910,OLD HICKORY BLVD,,,,217.00,Feet,North,HOBSON DR,,,,0.00,N,Not at Intersection,N,Non-Junction,None,,,         ,Parker,Vegas,Clear,Not Collision with Motor Vehicle in Transport,no,no,no,no,yes,False
102779364,THP District 3 - Nashville,320050940,Davidson,Nashville,9/7/2020 2:50:00 PM,2,0,0,36.186640,-86.631900,LEBANON PKE,,,,276.00,Feet,West,CENTRAL PKE,,,,0.00,N,Not at Intersection, ,,None,,,         ,Randall retired,Cole retired,,,no,no,no,no,no,False
102779445,METROPOLITAN NASHVILLE POLICE DEPT,20200575852,Davidson,Nashville,9/7/2020 2:10:00 PM,2,0,0,36.182420,-86.843080,CROWE DR,,,,159.00,Feet,East,DOLAN RD,,,,0.00,N,Not at Intersection,N,Non-Junction,None,,,         ,Wesley,Carver,Clear,Angle,no,no,no,no,yes,False
102779460,METROPOLITAN NASHVILLE POLICE DEPT,20200575704,Davidson,Nashville,9/7/2020 2:18:00 PM,2,0,0,36.065490,-86.717430,NOLENSVILLE PKE,,,,455.00,Feet,South,NORTHCREST DR,,,,0.00,N,Not at Intersection, ,Non-Junction,None,,,         ,Brandon,Hughes,Clear,Front to Rear,no,no,no,no,no,False
102779461,METROPOLITAN NASHVILLE POLICE DEPT,20200576013,Davidson,Nashville,9/7/2020 5:20:00 PM,2,0,0,36.187900,-86.607280,CHANDLER RD,,,,3.00,Feet,North,OLD LEBANON DIRT RD,,,,0.00,N,Not at Intersection,N,Non-Junction,None,,,         ,Tyler,Hall,Clear,"Sideswipe, Same Direction",no,no,no,no,no,False
102779494,METROPOLITAN NASHVILLE POLICE DEPT,20200576001,Davidson,Nashville,9/7/2020 5:49:00 PM,1,2,0,36.171490,-86.803620,I 40,,,,0.00,,,,,,,207.65,N,Not at Intersection,N,Non-Junction,None,,,         ,Brandon,Chapman,Clear,Not Collision with Motor Vehicle in Transport,no,no,no,no,no,False
102779496,METROPOLITAN NASHVILLE POLICE DEPT,20200576057,Davidson,Nashville,9/7/2020 6:27:00 PM,2,1,0,36.056500,-86.689110,MCLENDON DR,,,,234.00,Feet,South,BART DR,,,,0.00,N,Not at Intersection,N,Non-Junction,None,,,         ,Nadine,Klemenz,Clear,Front to Rear,no,no,no,no,no,False
102779501,METROPOLITAN NASHVILLE POLICE DEPT,20200576114,Davidson,Nashville,9/7/2020 6:50:00 PM,3,0,0,36.169760,-86.805450,JEFFERSON ST,,,,247.00,Feet,West,17TH AVN,,,,0.00,N,Not at Intersection,N,Non-Junction,None,,,         ,Brian,Warstadt,Clear,Front to Rear,no,no,no,no,no,False
102779524,METROPOLITAN NASHVILLE POLICE DEPT,20200575897,Davidson,Nashville,9/7/2020 4:45:00 PM,2,1,0,36.204090,-86.743130,E TRINITY LN,,,,0.00,,,DOZIER PL,,,,0.00,Y,T-Intersection,N,Intersection-Related,None,,,         ,Ty,Cummings,Clear,Angle,no,no,no,no,no,False
102779557,METROPOLITAN NASHVILLE POLICE DEPT,20200576095,Davidson,Nashville,9/7/2020 6:47:00 PM,1,1,0,36.238170,-86.782520,STATE HWY 155,,,,69.00,Feet,East,-- UNKNOWN RAMP/ROAD --,,,,0.00,N,Not at Intersection,Y,Entrance/Exit Ramp Related,None,,,         ,Rodney,Phipps,Clear,Not Collision with Motor Vehicle in Transport,no,no,no,no,no,False
102779567,METROPOLITAN NASHVILLE POLICE DEPT,20200576162,Davidson,Nashville,9/7/2020 7:25:00 PM,2,3,0,36.118320,-86.703760,WINTHORNE DR,,,,222.00,Feet,North,MCDONALD DR,,,,0.00,N,Not at Intersection,N,Non-Junction,None,,,         ,Beri,Scott,Clear,Angle,no,no,no,no,no,False
102779589,METROPOLITAN NASHVILLE POLICE DEPT,20200576181,Davidson,Nashville,9/7/2020 7:41:00 PM,2,2,0,36.178040,-86.755380,SILVERDENE PL,,,,0.00,Feet,,MCFERRIN AV,,,,0.00,Y,Four-Way,Y,Intersection-Related,None,,,         ,Sarah,Cartwright,Clear,Angle,no,no,no,no,no,False
102779658,METROPOLITAN NASHVILLE POLICE DEPT,20200576249,Davidson,Nashville,9/7/2020 12:00:00 AM,2,1,0,36.218520,-86.837030,CLARKSVILLE PKE,,,,31.00,Feet,West,KINGS LN,,,,0.00,N,Not at Intersection,N,Non-Junction,None,,,         ,Wesley,Carver,Clear,Front to Rear,no,no,no,no,no,False
102779670,METROPOLITAN NASHVILLE POLICE DEPT,20200576211,Davidson,Nashville,9/7/2020 7:53:00 PM,2,0,0,36.113380,-86.810970,HILLSBORO PKE,,,,209.00,Feet,South,WOODMONT BLVD,,,,0.00,N,Not at Intersection, ,Non-Junction,None,,,         ,Katelin,Ehrhardt,Clear,Front to Rear,no,no,no,no,no,False
102779672,METROPOLITAN NASHVILLE POLICE DEPT,20200576243,Davidson,Nashville,9/7/2020 8:22:00 PM,2,1,0,36.157050,-86.827870,INDIANA AV,,,,200.00,Feet,East,ELIZABETH JORDAN ST,,,,0.00,N,Not at Intersection,N,"Driveway, Alley Access, etc",None,,,         ,Justin,Coyle,Clear,"Sideswipe, Same Direction",no,no,no,no,no,False
102779698,METROPOLITAN NASHVILLE POLICE DEPT,20200576133,Davidson,Nashville,9/7/2020 7:09:00 PM,3,1,0,36.044960,-86.665080,BELL RD,,,,518.00,Feet,North,CEDAR POINTE PKWY,,,,0.00,N,Not at Intersection,N,Non-Junction,None,,,         ,Laura,Williams,Clear,Angle,no,no,no,no,yes,False
102779705,METROPOLITAN NASHVILLE POLICE DEPT,20200576244,Davidson,Nashville,9/7/2020 8:13:00 PM,2,0,0,36.130160,-86.715560,MURFREESBORO PKE,,,,351.00,Feet,West,MILLWOOD DR,,,,0.00,N,Not at Intersection, ,Non-Junction,None,,,         ,Dontaveous,Eubanks,Clear,Angle,no,no,no,no,no,False
102779751,THP District 3 - Nashville,320049764,Davidson,Nashville,9/3/2020 6:37:00 AM,2,0,0,36.204840,-86.776670,I 65,,,,0.00,,,,,,,87.20,N,Not at Intersection,N,Non-Junction,None,,,         ,Matthew,Priest,Rain,Front to Rear,no,no,no,no,no,False
102779765,METROPOLITAN NASHVILLE POLICE DEPT,2020-0576108,Davidson,Not in City Limit,9/7/2020 6:52:00 PM,1,0,0,36.272830,-86.718240,HERITAGE LN,,,,82.00,Feet,South,SIXPENCE PL,,,,0.00,N,Not at Intersection, ,Non-Junction,None,,,         ,Arthur,Hipp,Clear,Not Collision with Motor Vehicle in Transport,no,no,no,yes,no,False
102779767,METROPOLITAN NASHVILLE POLICE DEPT,20200576418,Davidson,Nashville,9/7/2020 10:47:00 PM,2,0,0,36.086650,-86.698920,-- UNKNOWN RAMP/ROAD --,,,,0.00,,,I 24,,,,0.00,Y,Y-Intersection, ,Entrance/Exit Ramp Related,None,,,         ,Luke,Steigerwalt,Clear,Front to Rear,no,no,no,no,no,False
102779813,METROPOLITAN NASHVILLE POLICE DEPT,20200576403,Davidson,Nashville,9/7/2020 7:39:00 PM,1,0,0,36.156520,-86.862100,LESLIE AV,,,,0.00,,,ETHEL ST,,,,0.00,Y,Four-Way, ,Non-Junction,Utility Zone,,,         ,Justin,McCormick,Clear,Not Collision with Motor Vehicle in Transport,no,no,no,no,no,False
102779821,METROPOLITAN NASHVILLE POLICE DEPT,20200576599,Davidson,Nashville,9/7/2020 11:30:00 PM,1,0,0,36.135410,-86.727820,I24 E ENT RAMP,,,,0.00,Feet,East,I 24,,,,0.00,N,Not at Intersection,N,Entrance/Exit Ramp Related,None,,,         ,Kurt,Lewton,Clear,Not Collision with Motor Vehicle in Transport,no,no,no,no,no,False
102779839,METROPOLITAN NASHVILLE POLICE DEPT,20200576775,Davidson,Nashville,9/7/2020 11:34:00 PM,2,0,0,36.052610,-86.673110,BLUE HOLE RD,,,,0.00,,,TUSCULUM RD,,,,0.00,Y,T-Intersection,N,Intersection,None,,,         ,Alex,DiBernardo,Clear,"Sideswipe, Opposite Direction",no,no,no,no,yes,False
102779927,METROPOLITAN NASHVILLE POLICE DEPT,20200576957,Davidson,Nashville,9/8/2020 4:44:00 AM,1,0,0,36.130110,-86.855620,WHITE BRIDGE PKE,,,,296.00,Feet,East,WHITE BRIDGE RD PVTDR,,,,0.00,N,Not at Intersection,N,Non-Junction,None,,,         ,Christian,Downen,Clear,Not Collision with Motor Vehicle in Transport,no,no,no,yes,no,False
102779969,METROPOLITAN NASHVILLE POLICE DEPT,20200577126,Davidson,Nashville,9/8/2020 6:49:00 AM,2,0,0,36.075500,-86.624880,CREEKVIEW DR,,,,182.00,Feet,North,EDGE MOOR DR,,,,0.00,N,Not at Intersection, ,Non-Junction,None,,,         ,Michael,Brooks,Clear,Angle,no,no,no,no,no,False
102780004,METROPOLITAN NASHVILLE POLICE DEPT,20200577104,Davidson,Not in City Limit,9/8/2020 6:45:00 AM,1,1,0,36.202120,-86.979790,RIVER ROAD PKE,,,,760.00,Feet,West,RIVER ROAD PKE PVTDR,,,,0.00,N,Not at Intersection,N,Non-Junction,None,,,         ,Curtis,Rich,Fog,Not Collision with Motor Vehicle in Transport,no,no,no,no,no,False
102780006,METROPOLITAN NASHVILLE POLICE DEPT,20200577227,Davidson,Nashville,9/8/2020 8:00:00 AM,1,1,0,36.115670,-86.777990,I 440,,,,0.00,,,,,,,4.65,N,Not at Intersection,Y,Entrance/Exit Ramp Related,None,,,         ,Jackson,Smythe,Clear,Not Collision with Motor Vehicle in Transport,no,no,no,no,no,False
102780014,METROPOLITAN NASHVILLE POLICE DEPT,20200577122,Davidson,Nashville,9/8/2020 6:50:00 AM,2,0,0,36.152890,-86.856390,BRILEY PKWY S EXT RAMP,,,,0.00,Feet,East,I 40,,,,0.00,N,Not at Intersection, ,Non-Junction,None,,,         ,Jean,McCormack,Clear,"Sideswipe, Same Direction",no,no,no,no,yes,False
102780019,METROPOLITAN NASHVILLE POLICE DEPT,20200577224,Davidson,Nashville,9/8/2020 8:00:00 AM,2,0,0,36.206390,-86.776490,I 65,,,,0.00,,,,,,,87.30,N,Not at Intersection, ,Non-Junction,None,,,         ,James,Wray,Clear,Front to Rear,no,no,no,no,no,False
102780044,METROPOLITAN NASHVILLE POLICE DEPT,20200577310,Davidson,Nashville,9/8/2020 8:21:00 AM,2,0,0,36.125860,-86.752590,NOLENSVILLE PKE,,,,0.00,,,GLENROSE AV,,,,0.00,Y,T-Intersection, ,Intersection,None,,,         ,Todd,Watson,Clear,Front to Rear,no,no,no,no,no,False
102780048,METROPOLITAN NASHVILLE POLICE DEPT,20200577297,Davidson,Nashville,9/8/2020 8:36:00 AM,2,0,0,36.193960,-86.761810,N 5TH ST,,,,0.00,Feet,,DOUGLAS AV,,,,0.00,Y,Four-Way, ,Intersection,None,,,         ,Scarlett,Collins,Clear,Angle,no,no,no,no,no,False
102780063,METROPOLITAN NASHVILLE POLICE DEPT,20200577361,Davidson,Nashville,9/8/2020 9:03:00 AM,1,1,0,36.187860,-86.755410,ELLINGTON PKWYN,,,,864.00,Feet,East,ELLINGTON PKWY N ENT RAMP,,,,0.00,N,Not at Intersection,N,Non-Junction,None,,,         ,Russell,Freeman,Clear,Not Collision with Motor Vehicle in Transport,no,no,no,no,no,False
102780076,METROPOLITAN NASHVILLE POLICE DEPT,2020-0577422,Davidson,Nashville,9/8/2020 9:45:00 AM,2,0,0,36.248010,-86.720360,DUE WEST AVW,,,,0.00,,,GALLATIN PKES,,,,0.00,Y,Four-Way,N,Intersection-Related,None,,,         ,Travis,Baxter,Clear,Front to Rear,no,no,no,no,yes,False
102780080,METROPOLITAN NASHVILLE POLICE DEPT,20200577491,Davidson,Nashville,9/8/2020 10:00:00 AM,2,0,0,36.146720,-86.743760,FESSLERS LN,,,,0.00,,,RUNDLE AV,,,,0.00,Y,T-Intersection,N,Intersection,None,,,         ,Michael,Dance,Clear,Angle,no,no,no,no,no,False
102780085,METROPOLITAN NASHVILLE POLICE DEPT,20200577260,Davidson,Nashville,9/8/2020 8:06:00 AM,3,0,0,36.115820,-86.783230,I 440,,,,0.00,,,,,,,4.35,N,Not at Intersection,N,Non-Junction,None,,,         ,Michael,Schlegel,Clear,"Sideswipe, Same Direction",no,no,no,no,no,False