master_record_number,agency,agency_tracking_number,county,city,collision_date,vehicles_involved,number_injured,number_dead,latitude,longitude,roadway_name,roadway_suffix,roadway_number,roadway_local_id,distance_from_reference,miles-feet_indicator,direction_from_reference,intersection_road_name,intersection_road_name_suffix,intersection_road_number,intersection_local_id,mile_marker,intersection_indicator,intersect_type,interchange_related_indicator,relation_to_junction,work_zone_type,construction_maintenance_zone,construction_maintenance_zone_location,fatal_case_number,officer_first_name,officer_last_name,weather_condition(s),manner_of_crash,pedestrian,bicycle,scooter,parking,hitrun,mou
102780095,VANDERBILT UNIVERSITY POLICE,20200577209,Davidson,Nashville,9/8/2020 7:40:00 AM,1,0,0,36.144100,-86.799850,21ST AVS,,,,0.00,,,EDGEHILL AV,,,,0.00,Y,Four-Way,N,Intersection,None,,,         ,Cynthia,Strange,Clear,Not Collision with Motor Vehicle in Transport,no,no,no,no,no,Campus
102780103,METROPOLITAN NASHVILLE POLICE DEPT,20200577460,Davidson,Nashville,9/8/2020 10:00:00 AM,1,0,0,36.100220,-86.819560,HILLSBORO PKE,,,,308.00,Feet,South,HOBBS RD,,,,0.00,N,Not at Intersection, ,Non-Junction,None,,,         ,Curtis,Rich,Clear,Not Collision with Motor Vehicle in Transport,no,no,no,no,no,False
102780108,METROPOLITAN NASHVILLE POLICE DEPT,20200577304,Davidson,Nashville,9/8/2020 8:34:00 AM,2,1,0,36.205910,-86.776540,I 65,,,,0.00,,,,,,,87.30,N,Not at Intersection,N,Entrance/Exit Ramp Related,None,,,         ,Royce,McLester,Clear,Front to Rear,no,no,no,no,no,False
102780114,Nashville Airport Police,2020-02330,Davidson,Nashville,9/6/2020 12:00:00 AM,2,0,0,36.105920,-86.672470,MURFREESBORO PKE,,,,204.00,Feet,East,DONELSON PKE,,,,0.00,N,Not at Intersection,Y,Entrance/Exit Ramp Related,None,,,         ,Breana,Copeland,Clear,"Sideswipe, Same Direction",no,no,no,no,no,False
102780123,METROPOLITAN NASHVILLE POLICE DEPT,20200577639,Davidson,Nashville,9/8/2020 11:22:00 AM,2,0,0,36.185090,-86.612730,OLD HICKORY BLVD,,,,805.00,Feet,West,ANDREW JACKSON PKWY,,,,0.00,N,Not at Intersection, ,Non-Junction,None,,,         ,Michael,Dance,Clear,Front to Rear,no,no,no,no,no,False
102780137,METROPOLITAN NASHVILLE POLICE DEPT,2020-0577128,Davidson,Nashville,9/8/2020 6:54:00 AM,2,2,0,36.080930,-86.758380,TROUSDALE DR,,,,62.00,Feet,South,HARDING PL,,,,0.00,N,Not at Intersection,N,Non-Junction,None,,,         ,Sean,Williams,Clear,HeadOn,no,no,no,no,no,False
102780144,METROPOLITAN NASHVILLE POLICE DEPT,20200577672,Davidson,Nashville,9/8/2020 11:00:00 AM,2,0,0,36.040010,-86.743470,OLD HICKORY BLVD,,,,0.00,,,EDMONDSON PKE,,,,0.00,Y,OTHER, ,Non-Junction,None,,,         ,Charles,Embry,Clear,"Sideswipe, Same Direction",no,no,no,no,no,False
102780162,METROPOLITAN NASHVILLE POLICE DEPT,20200577511,Davidson,Nashville,9/8/2020 10:06:00 AM,2,0,0,36.186710,-86.773450,DICKERSON PKE,,,,263.00,Feet,South,CLEVELAND ST,,,,0.00,N,Not at Intersection,N,Non-Junction,None,,,         ,Scarlett,Collins,Clear,Front to Rear,no,no,no,no,no,False
102780163,METROPOLITAN NASHVILLE POLICE DEPT,20200577559,Davidson,Nashville,9/8/2020 12:39:00 PM,2,4,0,36.217950,-86.746460,HART LN,,,,0.00,,,ELLINGTON PKWY N EXT RAMP,,,,0.00,Y,Four-Way,N,Intersection,None,,,         ,Russell,Freeman,Clear,Angle,no,no,no,no,no,False
102780174,METROPOLITAN NASHVILLE POLICE DEPT,20200577762,Davidson,Nashville,9/8/2020 12:00:00 PM,1,0,0,36.206200,-86.772650,W TRINITY LN,,,,458.00,Feet,West,LUCAS LN,,,,0.00,N,Not at Intersection, ,Non-Junction,None,,,         ,Russell,Freeman,Clear,Not Collision with Motor Vehicle in Transport,no,no,no,no,no,False
102780187,METROPOLITAN NASHVILLE POLICE DEPT,20200577777,Davidson,Nashville,9/8/2020 12:36:00 PM,2,1,0,36.078210,-86.642890,MURFREESBORO PKE,,,,53.00,Feet,East,MARTWAY DR,,,,0.00,N,Not at Intersection,N,Non-Junction,None,,,         ,Patrick,Martin,Clear,Front to Rear,no,no,no,no,no,False
102780201,METROPOLITAN NASHVILLE POLICE DEPT,20200577751,Davidson,Nashville,9/8/2020 12:19:00 PM,2,1,0,36.256330,-86.675150,CHEYENNE BLVD,,,,90.00,Feet,West,RIVER RETREAT PVTDR,,,,0.00,N,Not at Intersection,N,Non-Junction,None,,,         ,Eric,Richardson,Clear,Angle,no,no,no,no,no,False
102780219,METROPOLITAN NASHVILLE POLICE DEPT,20200577817,Davidson,Nashville,9/8/2020 1:00:00 PM,2,3,0,36.208990,-86.775890,I65 N ENT RAMP,,,,0.00,Feet,East,I 65,,,,0.00,N,Not at Intersection,N,Non-Junction,None,,,         ,Megan,Lamon,Clear,Front to Rear,no,no,no,no,no,False
102780223,METROPOLITAN NASHVILLE POLICE DEPT,20200577794,Davidson,Nashville,9/8/2020 1:00:00 PM,3,0,0,36.112730,-86.811070,HILLSBORO PKE,,,,447.00,Feet,South,WOODMONT BLVD,,,,0.00,N,Not at Intersection, ,Non-Junction,None,,,         ,Curtis,Rich,Clear,Front to Rear,no,no,no,no,no,False
102780224,METROPOLITAN NASHVILLE POLICE DEPT,20200577868,Davidson,Nashville,9/8/2020 1:29:00 PM,3,0,0,36.168680,-86.666910,LEBANON PKE,,,,0.00,,,J B ESTILLE DR,,,,0.00,Y,Four-Way, ,Intersection,None,,,         ,Michael,Dance,Clear,Front to Rear,no,no,no,no,no,False
102780262,METROPOLITAN NASHVILLE POLICE DEPT,20200577879,Davidson,Nashville,9/8/2020 1:37:00 PM,2,1,0,36.137850,-86.857710,WHITE BRIDGE PKE,,,,0.00,,,KNOB RD,,,,0.00,Y,Four-Way,N,Intersection,None,,,         ,Douglas,Atwood,Clear,Angle,no,no,no,no,no,False
102780271,METROPOLITAN NASHVILLE POLICE DEPT,20200577846,Davidson,Nashville,9/8/2020 1:10:00 PM,2,0,0,36.169050,-86.772240,WOODLAND ST,,,,0.00,,,S 1ST ST,,,,0.00,Y,Four-Way,N,Intersection,None,,,         ,Charles,Coe,Clear,Angle,no,no,no,no,no,False
102780272,METROPOLITAN NASHVILLE POLICE DEPT,20200577934,Davidson,Nashville,9/8/2020 2:05:00 PM,2,0,0,36.079160,-86.644930,EDGE O LAKE DR,,,,129.00,Feet,North,MARTWAY DR,,,,0.00,N,Not at Intersection, ,Non-Junction,None,,,         ,Michael,Brooks,Clear,"Sideswipe, Same Direction",no,no,no,no,no,False
102780273,METROPOLITAN NASHVILLE POLICE DEPT,20200577922,Davidson,Nashville,9/8/2020 1:52:00 PM,1,0,0,36.113560,-86.806160,WOODMONT BLVD,,,,0.00,,,HOPKINS ST,,,,0.00,Y,Four-Way,N,Non-Junction,None,,,         ,Alquavious,McDaniel,Clear,Not Collision with Motor Vehicle in Transport,no,no,no,no,no,False
102780305,METROPOLITAN NASHVILLE POLICE DEPT,20200577677,Davidson,Not in City Limit,9/7/2020 10:00:00 PM,1,1,0,36.280100,-86.713890,ONE MILE PKWY,,,,250.00,Feet,West,CONNARE DR,,,,0.00,N,Not at Intersection, ,Non-Junction,None,,,         ,Rami,Rouhi,Clear,Not Collision with Motor Vehicle in Transport,no,no,no,no,yes,False
102780313,METROPOLITAN NASHVILLE POLICE DEPT,20200577903,Davidson,Nashville,9/8/2020 1:45:00 PM,2,3,0,36.061330,-86.719390,MCMURRAY DR,,,,0.00,,,HASTY DR,,,,0.00,Y,T-Intersection,N,Intersection,None,,,         ,Cynthia,Quirouette,Clear,Other,no,no,no,no,no,False
102780343,METROPOLITAN NASHVILLE POLICE DEPT,20200578007,Davidson,Nashville,9/8/2020 2:05:00 PM,2,0,0,36.141880,-86.814950,31ST AVE S,,,,265.00,Feet,North,VANDERBILT PL,,,,0.00,N,Not at Intersection, ,Non-Junction,None,,,         ,Goran,Manojlovic,Clear,"Sideswipe, Same Direction",no,no,no,no,no,Campus
102780345,METROPOLITAN NASHVILLE POLICE DEPT,20200578029,Davidson,Not in City Limit,9/8/2020 3:26:00 PM,1,0,0,36.264450,-86.790400,I 24,,,,0.00,,,,,,,41.55,N,Not at Intersection, ,Non-Junction,None,,,         ,Christopher,Littles,Clear,Not Collision with Motor Vehicle in Transport,no,no,no,no,no,False
102780404,METROPOLITAN NASHVILLE POLICE DEPT,20200578153,Davidson,Nashville,9/7/2020 9:50:00 PM,2,0,0,36.192430,-86.800410,ROSA L PARKS BLVD,,,,465.00,Feet,East,ATHENS WAY,,,,0.00,N,Not at Intersection, ,,None,,,         ,Daniel,Kallman,,,no,no,no,yes,no,False
102780413,BELLE MEADE POLICE DEPT,20-0174,Davidson,Nashville,9/8/2020 3:30:00 PM,2,1,0,36.074600,-86.863870,CHICKERING LN,,,,250.00,Feet,South,CHICKERING RD,,,,0.00,N,Not at Intersection,N,"Driveway, Alley Access, etc",None,,,         ,Charles,Williams,Clear,Front to Rear,no,no,no,no,no,False
102780414,METROPOLITAN NASHVILLE POLICE DEPT,20200578069,Davidson,Nashville,9/8/2020 3:10:00 PM,2,2,0,36.190790,-86.745290,GREENWOOD AV,,,,0.00,,,GALLATIN AV,,,,0.00,Y,T-Intersection,N,Non-Junction,None,,,         ,Donovan,Coble,Clear,Angle,no,no,no,no,no,False
102780418,METROPOLITAN NASHVILLE POLICE DEPT,20200578146,Davidson,Nashville,9/8/2020 3:33:00 PM,2,2,0,36.183000,-86.798950,I 65,,,,0.00,,,,,,,85.20,N,Not at Intersection, ,Non-Junction,None,,,         ,Brandon,Chapman,Clear,Front to Rear,no,no,no,no,no,False
102780422,BERRY HILL POLICE DEPT,20-3313,Davidson,Berry Hill,9/8/2020 12:00:00 AM,1,0,0,36.126480,-86.772370,CRAIGHEAD ST,,,,364.00,Feet,West,MCKEAND AV,,,,0.00,N,Not at Intersection,N,Non-Junction,None,,,         ,John,Gleixner,Clear,Not Collision with Motor Vehicle in Transport,no,no,no,no,no,False
102780442,METROPOLITAN NASHVILLE POLICE DEPT,20200578127,Davidson,Nashville,9/8/2020 3:30:00 PM,2,0,0,36.109300,-86.720100,I24 W EXT RAMP,,,,0.00,Feet,East,I 24,,,,0.00,N,Not at Intersection, ,Non-Junction,None,,,         ,Austin,Binner,Clear,Front to Rear,no,no,no,no,no,False
102780467,METROPOLITAN NASHVILLE POLICE DEPT,20200570647,Davidson,Nashville,9/4/2020 9:39:00 PM,1,1,1,36.270780,-86.689720,MYATT DR,,,,487.00,Feet,South,ANDERSON LN,,,,0.00,N,Not at Intersection,N,Non-Junction,None,,,20-0727  ,Christopher,Valdez,Clear,Not Collision with Motor Vehicle in Transport,yes,no,no,no,no,False
102780475,METROPOLITAN NASHVILLE POLICE DEPT,20200578234,Davidson,Nashville,9/8/2020 4:20:00 PM,2,0,0,36.130290,-86.899940,CHARLOTTE PKE,,,,0.00,,,I40 W EXT RAMP,,,,0.00,Y,T-Intersection, ,Intersection,None,,,         ,William,Vanbergen,Clear,Front to Rear,no,no,no,no,no,False
102780476,METROPOLITAN NASHVILLE POLICE DEPT,20200578174,Davidson,Nashville,9/8/2020 5:05:00 PM,2,0,0,36.246590,-86.744560,I 65,,,,0.00,,,,,,,90.90,N,Not at Intersection, ,Entrance/Exit Ramp Related,None,,,         ,Christopher,Littles,Clear,"Sideswipe, Same Direction",no,no,no,no,no,False
102780477,METROPOLITAN NASHVILLE POLICE DEPT,20200572817,Davidson,Not in City Limit,9/6/2020 12:32:00 AM,1,2,0,36.306830,-86.818750,I 24,,,,0.00,,,,,,,38.20,N,Not at Intersection,N,Non-Junction,None,,,         ,Ryan,Allen,Clear,Not Collision with Motor Vehicle in Transport,no,no,no,no,no,False
102780482,METROPOLITAN NASHVILLE POLICE DEPT,20200578273,Davidson,Nashville,9/8/2020 4:50:00 PM,2,0,0,36.168250,-86.765780,I 24,,,,0.00,,,,,,,48.80,N,Not at Intersection,N,Non-Junction,None,,,         ,Christopher,Beery,Clear,Front to Rear,no,no,no,no,no,False
102780489,METROPOLITAN NASHVILLE POLICE DEPT,20200578063,Davidson,Nashville,9/8/2020 3:11:00 PM,2,0,0,36.149520,-86.773030,I 40,,,,0.00,,,,,,,210.25,N,Not at Intersection, ,Non-Junction,None,,,         ,Ryan,Sherry,Clear,Front to Rear,no,no,no,no,no,False
102780493,METROPOLITAN NASHVILLE POLICE DEPT,20200578274,Davidson,Nashville,9/8/2020 4:49:00 PM,2,0,0,36.047840,-86.612050,MURFREESBORO PKE,,,,1284.00,Feet,North,MOUNTAIN SPRINGS RD,,,,0.00,N,Not at Intersection, ,Non-Junction,None,,,         ,Edward,Starke,Clear,Angle,no,no,no,no,no,False
102780497,THP District 3 - Nashville,320051194,Davidson,Not in City Limit,9/8/2020 4:28:00 PM,1,0,0,36.322750,-86.859880,I 24,,,,0.00,,,,,,,35.40,N,Not at Intersection, ,Non-Junction,None,,,         ,Trenton,Meadows,Clear,Not Collision with Motor Vehicle in Transport,no,no,no,no,no,False
102780501,METROPOLITAN NASHVILLE POLICE DEPT,20200578102,Davidson,Nashville,9/8/2020 3:28:00 PM,2,0,0,36.197360,-86.608570,ANDREW JACKSON PKWY,,,,0.00,Feet,,TYLER DR,,,,0.00,Y,T-Intersection, ,Intersection-Related,None,,,         ,Esther,Poysti,Clear,Angle,no,no,no,no,no,False
102780512,METROPOLITAN NASHVILLE POLICE DEPT,20200578145,Davidson,Nashville,9/8/2020 3:47:00 PM,2,0,0,36.059600,-86.596620,HOBSON PKE,,,,504.00,Feet,North,HAMILTON CHURCH RD,,,,0.00,N,Not at Intersection,N,Non-Junction,None,,,         ,Edward,Starke,Clear,Front to Rear,no,no,no,no,no,False
102780517,METROPOLITAN NASHVILLE POLICE DEPT,20200578038,Davidson,Nashville,9/8/2020 2:38:00 PM,2,0,0,36.083100,-86.646980,MURFREESBORO PKE,,,,0.00,,,,,,,0.00,,Not at Intersection, ,,None,,,         ,Phillip,Burke,,,no,no,no,no,no,False
102780526,METROPOLITAN NASHVILLE POLICE DEPT,20200578041,Davidson,Nashville,9/8/2020 3:02:00 PM,2,3,0,36.172640,-86.781880,STOCKYARD ST,,,,0.00,,,2ND AVN,,,,0.00,Y,Four-Way,N,Intersection,None,,,         ,Roy,Sain Jr.,Clear,Angle,no,no,no,no,no,False
102780529,METROPOLITAN NASHVILLE POLICE DEPT,20200578363,Davidson,Nashville,9/8/2020 4:13:00 PM,2,0,0,36.169450,-86.671060,LEBANON PKE,,,,154.00,Feet,East,BLUEFIELD AV,,,,0.00,N,Not at Intersection,N,Non-Junction,None,,,         ,Joseph,Simon,Clear,"Sideswipe, Same Direction",no,no,no,no,yes,False
102780535,GOODLETTSVILLE POLICE DEPT,20-26982,Davidson,Goodlettsville,9/8/2020 5:35:00 PM,2,0,0,36.311130,-86.701930,I 65,,,,0.00,,,,,,,96.10,N,Not at Intersection,N,Non-Junction,None,,,         ,Thomas,Eisenbraun,Clear,Front to Rear,no,no,no,no,yes,False
102780541,METROPOLITAN NASHVILLE POLICE DEPT,20200578369,Davidson,Nashville,9/8/2020 5:34:00 PM,2,0,0,36.051260,-86.669450,I 24,,,,0.00,,,,,,,58.70,N,Not at Intersection, ,Non-Junction,None,,,         ,Marcus,Darden,Clear,Front to Rear,no,no,no,no,no,False
102780542,METROPOLITAN NASHVILLE POLICE DEPT,20200578411,Davidson,Nashville,9/8/2020 4:45:00 PM,2,0,0,36.056110,-86.656800,WINTON DR,,,,74.00,Feet,East,HIGHLAND RIDGE DR,,,,0.00,N,Not at Intersection,N,Non-Junction,None,,,         ,Edward,Starke,Clear,Unknown,no,no,no,no,yes,False
102780545,METROPOLITAN NASHVILLE POLICE DEPT,20200578434,Davidson,Nashville,9/8/2020 6:35:00 PM,1,0,0,36.241290,-86.767590,DOVERSIDE DR,,,,94.00,Feet,East,EAGLEWOOD LN,,,,0.00,N,Not at Intersection,N,Non-Junction,None,,,         ,Christopher,Littles,Clear,Not Collision with Motor Vehicle in Transport,no,no,no,no,no,False
102780549,METROPOLITAN NASHVILLE POLICE DEPT,20200578165,Davidson,Nashville,9/8/2020 4:03:00 PM,1,0,0,36.148620,-86.781540,I 40,,,,0.00,,,,,,,209.75,N,Not at Intersection, ,Non-Junction,None,,,         ,Savannah,Starbuck,Clear,Not Collision with Motor Vehicle in Transport,no,no,no,no,no,False
102780563,METROPOLITAN NASHVILLE POLICE DEPT,20200578419,Davidson,Nashville,9/8/2020 3:56:00 PM,2,0,0,36.089190,-86.802970,GRANNY WHITE PKE,,,,61.00,Feet,South,BATTERY LN,,,,0.00,N,Not at Intersection,N,Non-Junction,None,,,         ,Edin,Plancic,Clear,"Sideswipe, Same Direction",no,no,no,no,yes,False
102780572,METROPOLITAN NASHVILLE POLICE DEPT,20200578315,Davidson,Nashville,9/8/2020 5:03:00 PM,2,0,0,36.113590,-86.723930,I 24,,,,0.00,,,,,,,53.40,N,Not at Intersection, ,,None,,,         ,Andrew,Brazee,,,no,no,no,no,no,False
102780631,METROPOLITAN NASHVILLE POLICE DEPT,20200578426,Davidson,Nashville,9/8/2020 5:20:00 PM,2,0,0,36.114560,-86.693000,MURFREESBORO PKE,,,,0.00,,,,,,,0.00,,, ,,None,,,         ,Phillip,Burke,,Front to Rear,no,no,no,no,no,False
102780653,METROPOLITAN NASHVILLE POLICE DEPT,20200578543,Davidson,Nashville,9/8/2020 6:00:00 PM,2,0,0,36.099730,-86.871410,HARDING PKE,,,,0.00,,,HIGHWAY 100,,,,0.00,Y,T-Intersection,N,Intersection,None,,,         ,Matthew,Turppa,Clear,Angle,no,no,no,no,yes,False
102780658,METROPOLITAN NASHVILLE POLICE DEPT,20200578629,Davidson,Nashville,9/8/2020 8:16:00 PM,2,3,0,36.152150,-86.772270,US HWY 41,,,,51.00,Feet,West,RAMP,,,,0.00,N,Not at Intersection, ,Non-Junction,None,,,         ,Brent,Morris,Clear,Angle,no,no,no,no,no,False
102780663,METROPOLITAN NASHVILLE POLICE DEPT,20200578157,Davidson,Nashville,9/8/2020 3:27:00 PM,2,0,0,36.068130,-86.719050,NOLENSVILLE PKE,,,,31.00,Feet,South,HAYWOOD LN,,,,0.00,N,Not at Intersection,Y,Non-Junction,None,,,         ,Zachary,Smith,Clear,Front to Rear,no,no,no,no,yes,False
102780665,METROPOLITAN NASHVILLE POLICE DEPT,20200578196,Davidson,Not in City Limit,9/8/2020 4:14:00 PM,3,1,0,36.076850,-87.023490,I 40,,,,0.00,,,,,,,192.35,N,Not at Intersection,N,Non-Junction,None,,,         ,Andrew,McCarron,Clear,Front to Rear,no,no,no,no,no,False
102780678,METROPOLITAN NASHVILLE POLICE DEPT,20200578129,Davidson,Not in City Limit,9/8/2020 3:42:00 PM,2,1,0,36.077620,-86.998450,I 40,,,,0.00,,,,,,,193.75,N,Not at Intersection,N,Non-Junction,None,,,         ,Forrest,Punke,Clear,Front to Rear,no,no,no,no,no,False
102780722,METROPOLITAN NASHVILLE POLICE DEPT,20200578655,Davidson,Nashville,9/8/2020 8:27:00 PM,2,1,0,36.064320,-86.627960,MURFREESBORO PKE,,,,230.00,Feet,South,HAMILTON CHURCH RD,,,,0.00,N,Not at Intersection,N,Non-Junction,None,,,         ,Edward,Starke,Clear,Angle,no,no,no,no,yes,False
102780740,METROPOLITAN NASHVILLE POLICE DEPT,20200578673,Davidson,Nashville,9/8/2020 12:00:00 AM,2,0,0,36.118230,-86.700230,BRILEY PKWY N ENT RAMP,,,,0.00,,,BRILEY PKWYN,,,,0.00,Y,Four-Way,N,Intersection,None,,,         ,Adam,Gartner,Clear,Angle,no,no,no,no,yes,False
102780750,METROPOLITAN NASHVILLE POLICE DEPT,20200578278,Davidson,Nashville,9/8/2020 5:00:00 PM,2,0,0,36.124210,-86.751340,I440 W EXT RAMP,,,,0.00,Feet,East,I 440,,,,0.00,N,Not at Intersection, ,Non-Junction,None,,,         ,Savannah,Starbuck,Clear,Front to Rear,no,no,no,no,no,False
102780756,METROPOLITAN NASHVILLE POLICE DEPT,20200578691,Davidson,Nashville,9/8/2020 8:10:00 PM,2,0,0,36.157060,-86.793410,CHURCH,ST,US1610,1610,10.00,Feet,West,,,,,160.00,N,Not at Intersection, ,Non-Junction,None,,,         ,Lynsey,Fish,Clear,"Sideswipe, Same Direction",no,no,no,no,no,False
102780789,METROPOLITAN NASHVILLE POLICE DEPT,20200578148,Davidson,Nashville,9/8/2020 3:40:00 PM,2,0,0,36.139770,-86.823540,MURPHY RD,,,,0.00,,,-- UNKNOWN RAMP/ROAD --,,,,0.00,Y,T-Intersection,N,Intersection,None,,,         ,Cory,Stratton,Clear,Angle,no,no,no,no,no,False
102780808,METROPOLITAN NASHVILLE POLICE DEPT,20200578854,Davidson,Nashville,9/8/2020 9:34:00 PM,2,0,0,36.115660,-86.773380,I 65,,,,0.00,,,,,,,80.15,N,Not at Intersection,N,Non-Junction,None,,,         ,Tony,Mingsing,Clear,"Sideswipe, Same Direction",no,no,no,no,no,False
102780812,METROPOLITAN NASHVILLE POLICE DEPT,20200578823,Davidson,Nashville,9/8/2020 10:15:00 PM,2,1,0,36.143680,-86.585360,STEWARTS FERRY PKE,,,,0.00,,,S NEW HOPE RD,,,,0.00,Y,T-Intersection,N,Non-Junction,None,,,         ,Cameron,Schmid,Clear,"Sideswipe, Same Direction",no,no,no,no,yes,False
102780829,METROPOLITAN NASHVILLE POLICE DEPT,20200578930,Davidson,Nashville,9/8/2020 11:35:00 PM,2,1,0,36.220190,-86.774220,I 65,,,,0.00,,,,,,,88.30,N,Not at Intersection,N,Non-Junction,None,,,         ,Joshua,Whitworth,Clear,Front to Rear,no,no,no,no,no,False
102780844,METROPOLITAN NASHVILLE POLICE DEPT,20200579242,Davidson,Nashville,9/9/2020 3:05:00 AM,1,1,0,36.187390,-86.798450,ROSA L PARKS BLVD,,,,189.00,Feet,South,DOMINICAN DR,,,,0.00,N,Not at Intersection,N,Non-Junction,None,,,         ,Erik,Schall,Clear,Not Collision with Motor Vehicle in Transport,no,no,no,no,no,False
102780845,METROPOLITAN NASHVILLE POLICE DEPT,20200579325,Davidson,Not in City Limit,9/9/2020 3:50:00 AM,1,0,0,36.015550,-86.705210,SUGAR VALLEY DR,,,,148.00,Feet,East,NOLENSVILLE PKE,,,,0.00,N,Not at Intersection, ,Non-Junction,None,,,         ,Daryn,Yentes,Clear,Not Collision with Motor Vehicle in Transport,no,no,no,yes,no,False
102780878,METROPOLITAN NASHVILLE POLICE DEPT,20200579435,Davidson,Nashville,9/9/2020 5:24:00 AM,1,1,0,36.246060,-86.717150,BERKLEY DR,,,,290.00,Feet,West,ARGLE AV,,,,0.00,N,Not at Intersection,N,Non-Junction,None,,,         ,Reuben,Hewit,Clear,Not Collision with Motor Vehicle in Transport,yes,no,no,no,yes,False
102780962,METROPOLITAN NASHVILLE POLICE DEPT,20200579733,Davidson,Nashville,9/9/2020 8:23:00 AM,2,1,0,36.198780,-86.619980,LEBANON PKE,,,,149.00,Feet,North,OLD HICKORY BLVD,,,,0.00,N,Not at Intersection, ,Non-Junction,None,,,         ,Joshua,Hausman,Clear,Front to Rear,no,no,no,no,no,False
102780965,METROPOLITAN NASHVILLE POLICE DEPT,20200579706,Davidson,Nashville,9/9/2020 8:06:00 AM,2,1,0,36.080600,-86.696560,I 24,,,,0.00,,,,,,,56.15,N,Not at Intersection,N,Non-Junction,None,,,         ,Patrick,Martin,Clear,Front to Rear,no,no,no,no,no,False
102780988,METROPOLITAN NASHVILLE POLICE DEPT,20200579746,Davidson,Nashville,9/9/2020 8:25:00 AM,2,0,0,36.171430,-86.769040,JAMES ROBERTSON PKWY,,,,0.00,,,INTERSTATE DR,,,,0.00,Y,Four-Way, ,Intersection,None,,,         ,Charles,Coe,Clear,"Sideswipe, Same Direction",no,no,no,no,no,False
102780996,METROPOLITAN NASHVILLE POLICE DEPT,20200579718,Davidson,Goodlettsville,9/9/2020 8:09:00 AM,2,2,0,36.297380,-86.699500,RIVERGATE PKWY,,,,198.00,Feet,North,GALLATIN PKEN,,,,0.00,N,Not at Intersection,N,Non-Junction,None,,,         ,Rami,Rouhi,Clear,Front to Rear,no,no,no,no,no,False
102781018,METROPOLITAN NASHVILLE POLICE DEPT,20200579903,Davidson,Nashville,9/9/2020 9:36:00 AM,2,0,0,36.192680,-86.624000,LEBANON PKE,,,,86.00,Feet,South,JUAREZ DR,,,,0.00,N,Not at Intersection, ,,None,,,         ,Michael,Brooks,,,no,no,no,no,no,False
102781019,METROPOLITAN NASHVILLE POLICE DEPT,20200579765,Davidson,Nashville,9/9/2020 8:40:00 AM,2,2,0,36.044780,-86.669390,BELL RD,,,,69.00,Feet,East,BEECHWOOD TER,,,,0.00,N,Not at Intersection,N,Non-Junction,None,,,         ,Stanley,Collins,Clear,Angle,no,no,no,no,no,False
102781026,GOODLETTSVILLE POLICE DEPT,20-27027,Davidson,Goodlettsville,9/9/2020 9:00:00 AM,2,0,0,36.327540,-86.699450,LONG HOLLOW PKE,,,,123.00,Feet,South,JACKSON RD,,,,0.00,N,Not at Intersection,N,Non-Junction,None,,,         ,Jeffery,Hunter,Clear,"Sideswipe, Opposite Direction",no,no,no,no,yes,False
102781028,METROPOLITAN NASHVILLE POLICE DEPT,20200579972,Davidson,Nashville,9/9/2020 10:08:00 AM,2,0,0,36.173590,-86.602150,CENTRAL PKE,,,,0.00,,,OLD HICKORY BLVD,,,,0.00,Y,Four-Way, ,Intersection,None,,,         ,Michael,Brooks,Clear,Angle,no,no,no,no,no,False
102781039,VANDERBILT UNIVERSITY POLICE,20200579986,Davidson,Nashville,9/9/2020 9:45:00 AM,2,0,0,36.145030,-86.806460,VANDERBILT PL,,,,0.00,,,,,,,0.00,,, ,Non-Junction,None,,,         ,Cynthia,Strange,Clear,"Sideswipe, Same Direction",no,no,no,yes,no,Campus
102781051,METROPOLITAN NASHVILLE POLICE DEPT,20200579585,Davidson,Nashville,9/9/2020 7:30:00 AM,2,0,0,36.225280,-86.776840,I65 S ENT RAMP,,,,0.00,,,I 24,,,,0.00,Y,OTHER, ,Non-Junction,None,,,         ,Gretta,Ireland,Clear,"Sideswipe, Same Direction",no,no,no,no,no,False
102781057,METROPOLITAN NASHVILLE POLICE DEPT,20200579818,Davidson,Nashville,9/9/2020 12:00:00 AM,2,0,0,36.180120,-86.796090,US HWY 41 ALT,,,,183.00,Feet,South,GARFIELD ST,,,,0.00,N,Not at Intersection,N,Non-Junction,None,,,         ,Wesley,Young,Unknown,"Sideswipe, Same Direction",no,no,no,no,yes,False
102781060,GOODLETTSVILLE POLICE DEPT,20-27028,Davidson,Goodlettsville,9/9/2020 10:09:00 AM,1,0,0,36.324190,-86.709190,E CEDAR ST,,,,463.00,Feet,East,CHURCH ST,,,,0.00,N,Not at Intersection,N,Non-Junction,None,,,         ,William,Hunter,Clear,Not Collision with Motor Vehicle in Transport,no,no,no,no,no,False
102781062,METROPOLITAN NASHVILLE POLICE DEPT,20200580061,Davidson,Nashville,9/9/2020 10:48:00 AM,2,0,0,36.144930,-86.766660,4TH AVS,,,,0.00,Feet,West,CHESTNUT ST,,,,0.00,N,Not at Intersection, ,Non-Junction,None,,,         ,Devin,Mabry,Clear,Front to Rear,no,no,no,no,no,False