master_record_number,agency,agency_tracking_number,county,city,collision_date,vehicles_involved,number_injured,number_dead,latitude,longitude,roadway_name,roadway_suffix,roadway_number,roadway_local_id,distance_from_reference,miles-feet_indicator,direction_from_reference,intersection_road_name,intersection_road_name_suffix,intersection_road_number,intersection_local_id,mile_marker,intersection_indicator,intersect_type,interchange_related_indicator,relation_to_junction,work_zone_type,construction_maintenance_zone,construction_maintenance_zone_location,fatal_case_number,officer_first_name,officer_last_name,weather_condition(s),manner_of_crash,pedestrian,bicycle,scooter,parking,hitrun,mou
102781076,METROPOLITAN NASHVILLE POLICE DEPT,20200580098,Davidson,Nashville,9/9/2020 10:55:00 AM,1,0,0,36.255630,-86.707270,NEELYS BEND RD,,,,0.00,,,IDLEWILD AV,,,,0.00,Y,Four-Way, ,Intersection-Related,None,,,         ,Michelle,Steidl,Clear,Not Collision with Motor Vehicle in Transport,no,no,no,no,no,False
102781077,METROPOLITAN NASHVILLE POLICE DEPT,20200580031,Davidson,Nashville,9/9/2020 10:11:00 AM,2,0,0,36.147690,-86.767210,3RD AVS,,,,166.00,Feet,South,CAMERON ST,,,,0.00,N,Not at Intersection, ,,None,,,         ,Patrick,Martin,,,no,no,no,no,no,False
102781082,METROPOLITAN NASHVILLE POLICE DEPT,20200580090,Davidson,Nashville,9/9/2020 11:03:00 AM,1,0,0,36.164950,-86.797370,14TH AVE N,,,,567.00,Feet,South,HERMAN ST,,,,0.00,N,Not at Intersection, ,Non-Junction,None,,,         ,Wesley,Young,Clear,Not Collision with Motor Vehicle in Transport,no,no,no,no,no,False
102781091,METROPOLITAN NASHVILLE POLICE DEPT,20200580178,Davidson,Not in City Limit,9/9/2020 11:45:00 AM,2,0,0,36.077310,-86.946670,HIGHWAY 70S,,,,147.00,Feet,East,BELLEVUE CTR PVTDR,,,,0.00,N,Not at Intersection, ,Non-Junction,None,,,         ,Curtis,Rich,Cloudy,Front to Rear,no,no,no,no,no,False
102781094,METROPOLITAN NASHVILLE POLICE DEPT,20200580104,Davidson,Antioch,9/9/2020 10:38:00 AM,2,0,0,36.009960,-86.615380,I 24,,,,0.00,,,,,,,63.00,N,Not at Intersection,N,Non-Junction,None,,,         ,Patrick,Martin,Clear,"Sideswipe, Same Direction",no,no,no,no,no,False
102781102,METROPOLITAN NASHVILLE POLICE DEPT,20200580076,Davidson,Nashville,9/9/2020 12:00:00 AM,2,1,0,36.052860,-86.714780,NOLENSVILLE PKE,,,,299.00,Feet,South,BREWER DR,,,,0.00,N,Not at Intersection,N,Non-Junction,None,,,         ,Lee,Davis,Clear,Front to Rear,no,no,no,no,no,False
102781123,METROPOLITAN NASHVILLE POLICE DEPT,20200580193,Davidson,Nashville,9/9/2020 11:55:00 AM,2,0,0,36.200320,-86.618600,LEBANON PKE,,,,0.00,,,HERMITAGE RD,,,,0.00,Y,Four-Way, ,Intersection,None,,,         ,Michael,Brooks,Clear,Angle,no,no,no,no,no,False
102781131,METROPOLITAN NASHVILLE POLICE DEPT,20200577888,Davidson,Nashville,9/8/2020 1:10:00 PM,2,1,0,36.045310,-86.713800,OLD HICKORY BLVD,,,,162.00,Feet,West,NOLENSVILLE PKE,,,,0.00,N,Not at Intersection,N,Non-Junction,None,,,         ,Sean,Williams,Clear,Front to Rear,no,no,no,no,no,False
102781132,METROPOLITAN NASHVILLE POLICE DEPT,20200580048,Davidson,Nashville,9/9/2020 10:42:00 AM,2,0,0,36.169310,-86.766620,I 24,,,,0.00,,,,,,,48.75,N,Not at Intersection,N,Non-Junction,None,,,         ,Marvin,Williams,Clear,"Sideswipe, Same Direction",no,no,no,no,yes,False
102781145,METROPOLITAN NASHVILLE POLICE DEPT,20200580072,Davidson,Nashville,9/9/2020 10:52:00 AM,2,0,0,36.068890,-86.679830,RICHARDS RD,,,,0.00,,,DELIA DR,,,,0.00,Y,T-Intersection,N,Non-Junction,None,,,         ,Alex,Moore,Clear,Front to Rear,no,no,no,no,yes,False
102781146,METROPOLITAN NASHVILLE POLICE DEPT,20200580216,Davidson,Nashville,9/9/2020 12:00:00 PM,2,1,0,36.110940,-86.745220,NOLENSVILLE PKE,,,,0.00,,,THOMPSON LN,,,,0.00,Y,Four-Way,N,Intersection,None,,,         ,Alquavious,McDaniel,Clear,Angle,no,no,no,no,no,False
102781148,METROPOLITAN NASHVILLE POLICE DEPT,20200579882,Davidson,Nashville,9/9/2020 9:30:00 AM,2,0,0,36.169390,-86.779760,2ND AVN,,,,75.00,Feet,North,GAY ST,,,,0.00,N,Not at Intersection, ,,None,,,         ,Kimberly,Forsyth,,,no,no,no,yes,no,False
102781252,METROPOLITAN NASHVILLE POLICE DEPT,20200580323,Davidson,Nashville,9/9/2020 12:52:00 PM,2,0,0,36.076750,-86.700400,MARGO LN,,,,1146.00,Feet,North,WILLARD DR,,,,0.00,N,Not at Intersection, ,Non-Junction,None,,,         ,Jason,Hees,Clear,"Sideswipe, Same Direction",no,no,no,no,yes,False
102781253,METROPOLITAN NASHVILLE POLICE DEPT,20200580146,Davidson,Nashville,9/9/2020 11:36:00 AM,2,0,0,36.211480,-86.765270,DONALD ST,,,,0.00,,,DICKERSON PKE,,,,0.00,Y,T-Intersection,N,Intersection,None,,,         ,Doyle,Price,Clear,Angle,no,no,no,no,yes,False
102781255,METROPOLITAN NASHVILLE POLICE DEPT,20200580384,Davidson,Nashville,9/9/2020 1:36:00 PM,2,0,0,36.214260,-86.597690,ANDREW JACKSON PKWY,,,,316.00,Feet,South,LEBANON PKE,,,,0.00,N,Not at Intersection, ,Non-Junction,None,,,         ,Michael,Brooks,Clear,"Sideswipe, Same Direction",no,no,no,no,no,False
102781257,METROPOLITAN NASHVILLE POLICE DEPT,2020577953,Davidson,Nashville,9/8/2020 2:20:00 PM,2,1,0,36.166010,-86.766320,SHELBY AV,,,,148.00,Feet,West,I24 E ENT RAMP,,,,0.00,N,Not at Intersection, ,Non-Junction,None,,,         ,Cory,West,Clear,Front to Rear,no,no,no,no,no,False
102781265,METROPOLITAN NASHVILLE POLICE DEPT,20200580277,Davidson,Nashville,9/9/2020 12:12:00 PM,2,0,0,36.160720,-86.760200,I 24,,,,0.00,,,,,,,49.45,N,Not at Intersection,N,Non-Junction,None,,,         ,Douglas,Smith,Clear,"Sideswipe, Same Direction",no,no,no,no,yes,False
102781293,METROPOLITAN NASHVILLE POLICE DEPT,20200580514,Davidson,Nashville,9/9/2020 3:01:00 PM,1,1,0,36.110420,-86.722940,I24 E ENT RAMP,,,,0.00,Feet,East,I 24,,,,0.00,N,Not at Intersection,N,Non-Junction,None,,,         ,Edward,Starke,Clear,Not Collision with Motor Vehicle in Transport,no,no,no,no,no,False
102781294,METROPOLITAN NASHVILLE POLICE DEPT,20200580185,Davidson,Nashville,9/9/2020 11:54:00 AM,2,0,0,36.166120,-86.766050,SHELBY AV,,,,59.00,Feet,West,I24 E ENT RAMP,,,,0.00,N,Not at Intersection, ,Non-Junction,None,,,         ,Erik,Wagner,Clear,Angle,no,no,no,no,no,False
102781296,METROPOLITAN NASHVILLE POLICE DEPT,20200580148,Davidson,Nashville,9/9/2020 11:36:00 AM,2,0,0,36.155950,-86.788990,BROADWAY,,,,0.00,,,GEORGE L DAVIS BLVD,,,,0.00,Y,Four-Way, ,,None,,,         ,Joshua,Reece,,,no,no,no,no,no,False
102781301,METROPOLITAN NASHVILLE POLICE DEPT,20200580511,Davidson,Nashville,9/9/2020 1:59:00 PM,2,0,0,36.104390,-86.808920,RICHARD JONES RD,,,,0.00,,,HILLMONT DR,,,,0.00,Y,T-Intersection, ,Intersection,None,,,         ,Edin,Plancic,Clear,Angle,no,no,no,no,no,False
102781322,METROPOLITAN NASHVILLE POLICE DEPT,20200580541,Davidson,Not in City Limit,9/9/2020 2:34:00 PM,2,0,0,36.073890,-86.927440,HIGHWAY 70S,,,,57.00,Feet,West,WATERFORD CIR,,,,0.00,N,Not at Intersection, ,Non-Junction,None,,,         ,Forrest,Punke,Clear,Front to Rear,no,no,no,no,no,False
102781323,METROPOLITAN NASHVILLE POLICE DEPT,20200580650,Davidson,Nashville,9/9/2020 3:51:00 PM,1,0,0,36.234440,-86.719110,BRILEY PKWYW,,,,1207.00,Feet,West,BRUSH HILL RD,,,,0.00,N,Not at Intersection, ,Non-Junction,None,,,         ,Christopher,Littles,Clear,Not Collision with Motor Vehicle in Transport,no,no,no,no,no,False
102781324,METROPOLITAN NASHVILLE POLICE DEPT,20200580327,Davidson,Nashville,9/9/2020 1:04:00 PM,2,5,0,36.236700,-86.737100,LEMONT DR,,,,123.00,Feet,East,GRAYCROFT AV,,,,0.00,N,Not at Intersection,N,Non-Junction,None,,,         ,Michael,Agee,Clear,HeadOn,no,no,no,no,no,False
102781339,METROPOLITAN NASHVILLE POLICE DEPT,20200580637,Davidson,Nashville,9/9/2020 12:00:00 AM,2,1,0,36.184050,-86.748270,GALLATIN AV,,,,88.00,Feet,North,EASTLAND AV,,,,0.00,N,Not at Intersection,N,Non-Junction,None,,,         ,Maryanne,Bartello,Clear,Front to Rear,no,no,no,no,no,False
102781340,METROPOLITAN NASHVILLE POLICE DEPT,20200580501,Davidson,Not in City Limit,9/9/2020 11:55:00 AM,2,0,0,36.020430,-86.710490,NOLENSVILLE PKE,,,,434.00,Feet,South,BIENVILLE DR,,,,0.00,N,Not at Intersection,N,Non-Junction,None,,,         ,Taylor,Blackwelder,Clear,Front to Rear,no,no,no,no,no,False
102781341,METROPOLITAN NASHVILLE POLICE DEPT,20200580598,Davidson,Nashville,9/9/2020 3:28:00 PM,2,0,0,36.149190,-86.746710,I 40,,,,0.00,,,,,,,211.80,N,Not at Intersection, ,Non-Junction,None,,,         ,Jarrett,Ipox,Clear,Front to Rear,no,no,no,no,no,False
102781344,METROPOLITAN NASHVILLE POLICE DEPT,20200580601,Davidson,Nashville,9/9/2020 3:25:00 PM,2,0,0,36.209820,-86.871720,BRILEY PKWYS,,,,4.00,Feet,North,ASHLAND CITY HWY,,,,0.00,N,Not at Intersection, ,,None,,,         ,Wesley,Carver,,,no,no,no,no,no,False
102781371,METROPOLITAN NASHVILLE POLICE DEPT,20200580615,Davidson,Nashville,9/9/2020 3:38:00 PM,4,0,0,36.152270,-86.753880,I 40,,,,0.00,,,,,,,211.35,N,Not at Intersection,N,Non-Junction,None,,,         ,Peter,Kinsey,Clear,Front to Rear,no,no,no,no,no,False
102781377,METROPOLITAN NASHVILLE POLICE DEPT,20200580512,Davidson,Nashville,9/9/2020 12:37:00 PM,2,1,0,36.155650,-86.789720,14TH AVS,,,,0.00,,,BROADWAY,,,,0.00,Y,Four-Way, ,Intersection,None,,,         ,Lynsey,Fish,Clear,Angle,no,no,no,no,no,False
102781379,METROPOLITAN NASHVILLE POLICE DEPT,20200580701,Davidson,Nashville,9/9/2020 4:04:00 PM,2,2,0,36.149090,-86.746530,I 40,,,,0.00,,,,,,,211.80,N,Not at Intersection,N,Non-Junction,None,,,         ,Derek,Sibley,Clear,Front to Rear,no,no,no,no,yes,False
102781382,METROPOLITAN NASHVILLE POLICE DEPT,20200580796,Davidson,Nashville,9/9/2020 4:55:00 PM,2,0,0,36.173650,-86.822800,DR WALTER S DAVIS BLVD,,,,81.00,Feet,West,ED TEMPLE BLVD,,,,0.00,N,Not at Intersection,N,Non-Junction,None,,,         ,Daniel,Kallman,Clear,Front to Rear,no,no,no,no,no,False
102781388,METROPOLITAN NASHVILLE POLICE DEPT,20200580549,Davidson,Nashville,9/9/2020 1:06:00 PM,2,0,0,36.040900,-86.779380,STONE BROOK DR,,,,0.00,,,OLD HICKORY BLVD,,,,0.00,Y,Four-Way,Y,Intersection-Related,None,,,         ,Nicholas,Carroll,Clear,Other,no,no,no,no,no,False
102781396,METROPOLITAN NASHVILLE POLICE DEPT,20200580674,Davidson,Nashville,9/9/2020 2:25:00 PM,4,0,0,36.077510,-86.725690,NOLENSVILLE PKE,,,,154.00,Feet,North,WALLACE RD,,,,0.00,N,Not at Intersection,N,Non-Junction,None,,,         ,Edward,Starke,Clear,Front to Rear,no,no,no,no,yes,False
102781401,METROPOLITAN NASHVILLE POLICE DEPT,20200580806,Davidson,Nashville,9/9/2020 4:52:00 PM,2,0,0,36.197180,-86.620940,LEBANON PKE EB EXT RAMP,,,,0.00,Feet,East,LEBANON PKE,,,,0.00,N,Not at Intersection, ,Non-Junction,None,,,         ,Jeffrey,Mullins,Clear,Front to Rear,no,no,no,no,no,False
102781402,METROPOLITAN NASHVILLE POLICE DEPT,20200580886,Davidson,Nashville,9/9/2020 5:15:00 PM,2,1,0,36.199680,-86.770150,DICKERSON PKE,,,,199.00,Feet,South,GATEWOOD AV,,,,0.00,N,Not at Intersection,N,Non-Junction,None,,,         ,Jeremy,Smith,Clear,Front to Rear,no,no,no,no,no,False
102781405,METROPOLITAN NASHVILLE POLICE DEPT,20200580837,Davidson,Nashville,9/9/2020 5:08:00 PM,2,0,0,36.137290,-86.727390,I 24,,,,0.00,,,,,,,51.30,N,Not at Intersection, ,Entrance/Exit Ramp Related,None,,,         ,Andrew,Brazee,Clear,Front to Rear,no,no,no,no,no,False
102781419,METROPOLITAN NASHVILLE POLICE DEPT,20200580656,Davidson,Nashville,9/9/2020 3:35:00 PM,2,0,0,36.205700,-86.778010,BRICK CHURCH PKE,,,,6.00,Feet,South,I65 S ENT RAMP,,,,0.00,N,Not at Intersection, ,Non-Junction,None,,,         ,Melvin,Taylor,Clear,"Sideswipe, Same Direction",no,no,no,no,no,False
102781423,METROPOLITAN NASHVILLE POLICE DEPT,20200580861,Davidson,Nashville,9/9/2020 5:20:00 PM,2,0,0,36.064800,-86.622090,HAMILTON CHURCH RD,,,,0.00,Feet,,OWENDALE DR,,,,0.00,Y,T-Intersection, ,Intersection,None,,,         ,Garrett,Latham,Clear,Front to Rear,no,no,no,no,no,False
102781437,METROPOLITAN NASHVILLE POLICE DEPT,20200580981,Davidson,Nashville,9/9/2020 6:17:00 PM,3,0,0,36.088370,-86.791500,BATTERY LN,,,,160.00,Feet,West,LEALAND LN,,,,0.00,N,Not at Intersection, ,Non-Junction,None,,,         ,Sekou,Samassi,Clear,Front to Rear,no,no,no,no,no,False
102781439,METROPOLITAN NASHVILLE POLICE DEPT,20200580964,Davidson,Nashville,9/9/2020 5:33:00 PM,2,0,0,36.110860,-86.725880,EAST THOMPSON LN,,,,534.00,Feet,East,EAST THOMPSON LN PVTDR,,,,0.00,N,Not at Intersection,N,Non-Junction,None,,,         ,Edward,Starke,Clear,Front to Rear,no,no,no,no,no,False
102781452,METROPOLITAN NASHVILLE POLICE DEPT,20200580805,Davidson,Nashville,9/9/2020 1:14:00 PM,2,1,0,36.045190,-86.715270,OLD HICKORY BLVD,,,,141.00,Feet,West,BRENTWOOD EAST DR,,,,0.00,N,Not at Intersection,N,SharedUsePathOrTrail,None,,,         ,Edin,Plancic,Clear,Angle,no,no,no,yes,yes,False
102781458,METROPOLITAN NASHVILLE POLICE DEPT,20200580980,Davidson,Nashville,9/9/2020 5:45:00 PM,1,0,0,36.231380,-86.615710,SHUTE LN,,,,331.00,Feet,East,MONTCHANIN TER,,,,0.00,N,Not at Intersection,N,Non-Junction,None,,,         ,Zaire,Murray,Clear,Not Collision with Motor Vehicle in Transport,no,no,no,no,no,False
102781469,METROPOLITAN NASHVILLE POLICE DEPT,20200581052,Davidson,Nashville,9/9/2020 6:49:00 PM,2,1,0,36.045580,-86.658450,I24 W EXT RAMP,,,,0.00,Feet,,I 24,,,,0.00,Y,T-Intersection,N,Intersection-Related,None,,,         ,Edward,Starke,Clear,Angle,no,no,no,no,no,False
102781479,METROPOLITAN NASHVILLE POLICE DEPT,20200581054,Davidson,Nashville,9/9/2020 6:46:00 PM,3,1,0,36.173190,-86.591330,VALLEY GROVE DR,,,,306.00,Feet,South,CENTRAL VALLEY DR,,,,0.00,N,Not at Intersection,N,Non-Junction,None,,,         ,Tyler,Hall,Clear,"Sideswipe, Opposite Direction",no,no,no,no,no,False
102781481,GOODLETTSVILLE POLICE DEPT,20-27051,Davidson,Goodlettsville,9/9/2020 4:52:00 PM,2,0,0,36.293260,-86.731660,DICKERSON PKES,,,,689.00,Feet,East,CAMPBELL RD,,,,0.00,N,Not at Intersection,N,Non-Junction,None,,,         ,Nicholas,Given,Clear,Front to Rear,no,no,no,no,yes,False
102781524,METROPOLITAN NASHVILLE POLICE DEPT,20200581215,Davidson,Nashville,9/9/2020 8:20:00 PM,1,0,0,36.013440,-86.620990,I24 E EXT RAMP,,,,0.00,,,I 24,,,,0.00,Y,T-Intersection,N,Intersection-Related,None,,,         ,Edward,Starke,Clear,Not Collision with Motor Vehicle in Transport,no,no,no,no,yes,False
102781594,METROPOLITAN NASHVILLE POLICE DEPT,20200580835,Davidson,Nashville,9/9/2020 4:43:00 PM,2,0,0,36.152340,-86.690400,ELM HILL PKE,,,,0.00,,,ELM HILL PKE EB EXT RAMP,,,,0.00,Y,Four-Way, ,,None,,,         ,Adam,Gartner,,,no,no,no,no,no,False
102781598,METROPOLITAN NASHVILLE POLICE DEPT,20200580881,Davidson,Nashville,9/9/2020 5:25:00 PM,1,0,0,36.142920,-86.706280,I 40,,,,0.00,,,,,,,214.40,N,Not at Intersection, ,,None,,,         ,Phillip,Burke,,,no,no,no,no,no,False
102781611,METROPOLITAN NASHVILLE POLICE DEPT,20200581247,Davidson,Nashville,9/9/2020 8:44:00 PM,1,1,0,36.232030,-86.619370,SHUTE LN,,,,0.00,,,,,,,0.00,,,N,Non-Junction,None,,,         ,Zaire,Murray,Clear,Not Collision with Motor Vehicle in Transport,no,no,no,yes,no,False
102781616,METROPOLITAN NASHVILLE POLICE DEPT,20200581273,Davidson,Nashville,9/9/2020 9:00:00 PM,3,1,0,36.169760,-86.587470,I 40,,,,0.00,,,,,,,221.55,N,Not at Intersection,N,Non-Junction,None,,,         ,Tyler,Hall,Clear,Front to Rear,no,no,no,no,yes,False
102781649,METROPOLITAN NASHVILLE POLICE DEPT,20200581432,Davidson,Nashville,9/9/2020 11:10:00 PM,2,1,0,36.193020,-86.737210,STRAIGHTWAY AVE,,,,1.00,Feet,East,N 16TH ST,,,,0.00,N,Not at Intersection,Y,Non-Junction,None,,,         ,Ryan,Worstall,Clear,"Sideswipe, Opposite Direction",no,no,no,no,no,False
102781658,METROPOLITAN NASHVILLE POLICE DEPT,20200581476,Davidson,Nashville,9/9/2020 10:18:00 PM,2,1,0,36.170820,-86.601550,OLD HICKORY BLVD,,,,0.00,Feet,,I40 W EXT RAMP,,,,0.00,Y,Four-Way,N,Intersection-Related,None,,,         ,Amy,Hirschmann,Clear,Angle,no,no,no,no,yes,False
102781669,METROPOLITAN NASHVILLE POLICE DEPT,20200581677,Davidson,Nashville,9/9/2020 7:00:00 PM,1,0,0,36.190520,-86.817640,26TH AVN,,,,203.00,Feet,West,25TH AVN,,,,0.00,N,Not at Intersection,N,Non-Junction,None,,,         ,Christopher,Royer,Clear,Not Collision with Motor Vehicle in Transport,no,no,no,no,yes,False
102781707,METROPOLITAN NASHVILLE POLICE DEPT,20200580369,Davidson,Nashville,9/9/2020 1:19:00 PM,2,0,0,36.131350,-86.834570,WEST END AV,,,,0.00,,,MAYFAIR RD,,,,0.00,Y,T-Intersection,N,Intersection,None,,,         ,Curtis,Rich,Cloudy,Front to Rear,no,no,no,no,no,False
102781723,METROPOLITAN NASHVILLE POLICE DEPT,20200579676,Davidson,Nashville,9/9/2020 7:57:00 AM,4,2,0,36.141910,-86.713010,I 40,,,,0.00,,,,,,,214.00,N,Not at Intersection,N,Non-Junction,None,,,         ,Michael,Dance,Clear,Front to Rear,no,no,no,no,no,False
102781753,METROPOLITAN NASHVILLE POLICE DEPT,20200582068,Davidson,Not in City Limit,9/10/2020 5:57:00 AM,2,0,0,36.313240,-86.830990,I 24,,,,0.00,,,,,,,37.40,N,Not at Intersection, ,Non-Junction,None,,,         ,Joshua,Asbell,Clear,Front to Rear,no,no,no,no,no,False
102781764,METROPOLITAN NASHVILLE POLICE DEPT,20200582115,Davidson,Not in City Limit,9/10/2020 6:29:00 AM,2,0,0,36.077720,-86.996230,I 40,,,,0.00,,,,,,,193.85,N,Not at Intersection, ,,None,,,         ,Curtis,Rich,,,no,no,no,no,no,False
102781768,METROPOLITAN NASHVILLE POLICE DEPT,20200580355,Davidson,Nashville,9/9/2020 1:09:00 PM,2,0,0,36.154830,-86.763340,HERMITAGE AV,,,,0.00,,,LINDSLEY AV,,,,0.00,Y,Four-Way, ,Intersection,Construction Zone,,,         ,Charles,Coe,Clear,"Sideswipe, Same Direction",no,no,no,no,no,False
102781777,METROPOLITAN NASHVILLE POLICE DEPT,20200582091,Davidson,Not in City Limit,9/10/2020 6:16:00 AM,3,1,0,36.312700,-86.830410,I 24,,,,0.00,,,,,,,37.40,N,Not at Intersection, ,Non-Junction,None,,,         ,Joshua,Asbell,Clear,Front to Rear,no,no,no,no,no,False
102781786,METROPOLITAN NASHVILLE POLICE DEPT,20200582098,Davidson,Nashville,9/10/2020 6:20:00 AM,2,0,0,36.103060,-86.765900,I 65,,,,0.00,,,,,,,79.30,N,Not at Intersection,N,Non-Junction,None,,,         ,Donald,Davidson,Clear,Front to Rear,no,no,no,no,no,False
102781792,METROPOLITAN NASHVILLE POLICE DEPT,20200582131,Davidson,Nashville,9/10/2020 6:55:00 AM,1,0,0,36.148670,-86.640890,I 40,,,,0.00,,,,,,,218.20,N,Not at Intersection,N,Non-Junction,None,,,         ,Michael,Dance,Clear,Not Collision with Motor Vehicle in Transport,no,no,no,no,no,False
102781802,BERRY HILL POLICE DEPT,20-3326,Davidson,Berry Hill,9/9/2020 12:01:00 PM,2,0,0,36.121370,-86.775450,FRANKLIN PKE,,,,0.00,,,KIRKWOOD AV,,,,0.00,Y,Four-Way, ,Intersection,None,,,         ,Ronnie,Hill,Clear,Angle,no,no,no,no,no,False
102781808,METROPOLITAN NASHVILLE POLICE DEPT,20200580319,Davidson,Nashville,9/9/2020 12:58:00 PM,3,0,0,36.062190,-86.682170,I 24,,,,0.00,,,,,,,57.65,N,Not at Intersection, ,Non-Junction,None,,,         ,Patrick,Martin,Clear,"Sideswipe, Same Direction",no,no,no,no,no,False
102781815,METROPOLITAN NASHVILLE POLICE DEPT,20200582137,Davidson,Nashville,9/10/2020 7:10:00 AM,2,1,0,36.210260,-86.878120,STATE HWY 12,,,,100.00,Feet,East,JENNIE BROWN LN,,,,0.00,N,Not at Intersection,N,Non-Junction,None,,,         ,Wesley,Young,Clear,Front to Rear,no,no,no,no,no,False
102781825,METROPOLITAN NASHVILLE POLICE DEPT,20200582112,Davidson,Nashville,9/10/2020 5:52:00 AM,2,0,0,36.068760,-86.690980,I24 E ENT RAMP,,,,0.00,Feet,East,I 24,,,,0.00,N,Not at Intersection,N,Entrance/Exit Ramp Related,None,,,         ,Patrick,Martin,Clear,Front to Rear,no,no,no,no,no,False
102781826,METROPOLITAN NASHVILLE POLICE DEPT,20200582254,Davidson,Not in City Limit,9/10/2020 8:05:00 AM,2,0,0,36.258900,-86.713380,GALLATIN PKES,,,,176.00,Feet,North,HARRIS ST,,,,0.00,N,Not at Intersection,N,Non-Junction,None,,,         ,Brian,Otto,Clear,Front to Rear,no,no,no,no,no,False
102781830,METROPOLITAN NASHVILLE POLICE DEPT,20200582152,Davidson,Nashville,9/10/2020 12:00:00 AM,2,0,0,36.180500,-86.840170,PANORAMA DR,,,,340.00,Feet,North,SNELL BLVD,,,,0.00,N,Not at Intersection,N,Non-Junction,None,,,         ,Wesley,Young,Unknown,"Sideswipe, Same Direction",no,no,no,no,yes,False
102781836,METROPOLITAN NASHVILLE POLICE DEPT,20200582211,Davidson,Nashville,9/10/2020 7:11:00 AM,2,0,0,36.081790,-86.678230,MULLINS RD,,,,284.00,Feet,East,FRANKLIN LIMESTONE RD,,,,0.00,N,Not at Intersection, ,"Driveway, Alley Access, etc",None,,,         ,Patrick,Martin,Clear,Angle,no,no,no,no,no,False
102781853,METROPOLITAN NASHVILLE POLICE DEPT,20200582378,Davidson,Nashville,9/10/2020 12:00:00 AM,2,0,0,36.174750,-86.790860,7TH AVE N,,,,263.00,Feet,North,MADISON ST,,,,0.00,N,Not at Intersection,N,Non-Junction,None,,,         ,Wesley,Young,Unknown,"Sideswipe, Opposite Direction",no,no,no,no,yes,False
102781864,METROPOLITAN NASHVILLE POLICE DEPT,20200582246,Davidson,Not in City Limit,9/10/2020 7:57:00 AM,3,1,0,36.258960,-86.681950,WARRIOR RD,,,,178.00,Feet,West,FAWN LN,,,,0.00,N,Not at Intersection,N,Non-Junction,None,,,         ,William,Coy,Clear,Not Collision with Motor Vehicle in Transport,no,no,no,no,yes,False
102781867,METROPOLITAN NASHVILLE POLICE DEPT,20200582388,Davidson,Nashville,9/10/2020 9:27:00 AM,1,0,0,36.048370,-86.664480,I 24,,,,0.00,,,,,,,59.00,N,Not at Intersection, ,,None,,,         ,Patrick,Martin,,,no,no,no,no,no,False
102781871,METROPOLITAN NASHVILLE POLICE DEPT,20200582235,Davidson,Madison,9/10/2020 8:00:00 AM,2,0,0,36.266000,-86.741390,OLD HICKORY BLVDW,,,,0.00,,,NESBITT LN,,,,0.00,Y,Four-Way, ,Non-Junction,None,,,         ,Ricki,Armstrong,Clear,"Sideswipe, Same Direction",no,no,no,no,no,False
102781872,METROPOLITAN NASHVILLE POLICE DEPT,20200582326,Davidson,Nashville,9/10/2020 7:30:00 AM,2,0,0,36.044240,-86.713130,BRENTWOOD EAST DR,,,,0.00,,,NOLENSVILLE PKE,,,,0.00,Y,T-Intersection, ,Intersection,None,,,         ,Thomas,White,Clear,Angle,no,no,no,no,no,False
102781886,METROPOLITAN NASHVILLE POLICE DEPT,20200582361,Davidson,Nashville,9/10/2020 9:11:00 AM,3,0,0,36.153600,-86.756520,I 40,,,,0.00,,,,,,,211.20,N,Not at Intersection, ,Non-Junction,None,,,         ,Michael,Brooks,Clear,Front to Rear,no,no,no,no,no,False
102781891,VANDERBILT UNIVERSITY POLICE,20200582279,Davidson,Nashville,9/10/2020 8:15:00 AM,2,0,0,36.142120,-86.775780,FORT NEGLEY BLVD,,,,0.00,Feet,South,CHESTNUT ST,,,,0.00,N,Not at Intersection, ,Non-Junction,None,,,         ,Cynthia,Strange,Clear,Other,no,no,no,no,no,False
102781892,METROPOLITAN NASHVILLE POLICE DEPT,20200582232,Davidson,Nashville,9/10/2020 7:54:00 AM,3,1,0,36.215210,-86.763970,DICKERSON PKE,,,,0.00,,,DELLWAY DR,,,,0.00,Y,T-Intersection,N,Intersection-Related,None,,,         ,Russell,Freeman,Clear,Front to Rear,no,no,no,no,yes,False
102781904,METROPOLITAN NASHVILLE POLICE DEPT,20200582418,Davidson,Madison,9/10/2020 9:50:00 AM,2,1,0,36.307290,-86.684840,NORTHSIDE MARKETPLACE PVTDR,,,,0.00,,,GALLATIN PKEN,,,,0.00,Y,Four-Way,N,Intersection,None,,,         ,Michael,McCord,Clear,Angle,no,no,no,no,no,False
102781910,METROPOLITAN NASHVILLE POLICE DEPT,20200582496,Davidson,Nashville,9/10/2020 10:36:00 AM,1,0,0,36.075660,-86.647800,DOVER GLEN DR,,,,0.00,,,EDGE O LAKE DR,,,,0.00,Y,Four-Way,N,Intersection,None,,,         ,Patrick,Martin,Clear,Not Collision with Motor Vehicle in Transport,no,no,no,no,yes,False
102781912,METROPOLITAN NASHVILLE POLICE DEPT,20200582491,Davidson,Nashville,9/10/2020 10:35:00 AM,2,0,0,36.196270,-86.771910,DICKERSON PKE,,,,73.00,Feet,South,LUCILE ST,,,,0.00,N,Not at Intersection,N,Non-Junction,None,,,         ,Andrew,Ivey,Clear,"Sideswipe, Same Direction",no,no,no,no,no,False