master_record_number,agency,agency_tracking_number,county,city,collision_date,vehicles_involved,number_injured,number_dead,latitude,longitude,roadway_name,roadway_suffix,roadway_number,roadway_local_id,distance_from_reference,miles-feet_indicator,direction_from_reference,intersection_road_name,intersection_road_name_suffix,intersection_road_number,intersection_local_id,mile_marker,intersection_indicator,intersect_type,interchange_related_indicator,relation_to_junction,work_zone_type,construction_maintenance_zone,construction_maintenance_zone_location,fatal_case_number,officer_first_name,officer_last_name,weather_condition(s),manner_of_crash,pedestrian,bicycle,scooter,parking,hitrun,mou
102783503,METROPOLITAN NASHVILLE POLICE DEPT,20200580214,Davidson,Nashville,9/9/2020 10:07:00 AM,2,0,0,36.147760,-86.743510,FESSLERS LN,,,,0.00,,,I40 W ENT RAMP,,,,0.00,Y,T-Intersection,N,Entrance/Exit Ramp Related,None,,,         ,Shedie,Herbert III,Clear,"Sideswipe, Same Direction",no,no,no,no,yes,False
102783540,METROPOLITAN NASHVILLE POLICE DEPT,20200586845,Davidson,Nashville,9/12/2020 7:32:00 AM,2,0,0,36.192920,-86.744260,GALLATIN AV,,,,80.00,Feet,North,DOUGLAS AV,,,,0.00,N,Not at Intersection, ,Non-Junction,None,,,         ,Douglas,Smith,Clear,"Sideswipe, Same Direction",no,no,no,no,no,False
102783557,METROPOLITAN NASHVILLE POLICE DEPT,20200586867,Davidson,Not in City Limit,9/12/2020 3:03:00 AM,2,1,0,36.020030,-86.650900,BLAIRFIELD DR,,,,350.00,Feet,West,CAMILLE DR,,,,0.00,N,Not at Intersection,N,Non-Junction,None,,,         ,Caleb,Jernigan,Clear,HeadOn,no,no,no,no,yes,False
102783585,METROPOLITAN NASHVILLE POLICE DEPT,20200587016,Davidson,Nashville,9/12/2020 10:00:00 AM,2,0,0,36.192880,-86.623830,JUAREZ DR,,,,0.00,,,LEBANON PKE,,,,0.00,Y,Four-Way, ,Intersection-Related,None,,,         ,William,Mckay,Clear,HeadOn,no,no,no,no,no,False
102783606,METROPOLITAN NASHVILLE POLICE DEPT,20200586802,Davidson,Nashville,9/12/2020 4:13:00 AM,1,0,0,36.222060,-86.915400,OLD HICKORY BLVD PVTDR,,,,7.00,Feet,East,OLD HICKORY BLVD,,,,0.00,N,Not at Intersection,N,Non-Junction,None,,,         ,Pamela,Caulder,Clear,Not Collision with Motor Vehicle in Transport,no,no,no,no,yes,False
102783636,METROPOLITAN NASHVILLE POLICE DEPT,20200587078,Davidson,Nashville,9/12/2020 10:53:00 AM,3,1,0,36.250030,-86.718960,US HWY 31E,,,,267.00,Feet,North,E PALESTINE AVE,,,,0.00,N,Not at Intersection,N,Non-Junction,None,,,         ,Ruben,Mariano,Clear,Front to Rear,no,no,no,no,no,False
102783655,METROPOLITAN NASHVILLE POLICE DEPT,20200587174,Davidson,Nashville,9/12/2020 12:30:00 PM,1,1,0,36.207900,-86.786410,W TRINITY LN,,,,250.00,Feet,West,LIBERIA ST,,,,0.00,N,Not at Intersection,N,Non-Junction,None,,,         ,Garren,Hoskins,Clear,Not Collision with Motor Vehicle in Transport,no,no,no,no,no,False
102783657,METROPOLITAN NASHVILLE POLICE DEPT,20200587115,Davidson,Nashville,9/12/2020 10:56:00 AM,2,0,0,36.172320,-86.765040,S 5TH ST,,,,193.00,Feet,North,WOODLAND ST,,,,0.00,N,Not at Intersection, ,Entrance/Exit Ramp Related,None,,,         ,Faye,Denson,Clear,Angle,no,no,no,no,no,False
102783658,BERRY HILL POLICE DEPT,2020-3354,Davidson,Berry Hill,9/11/2020 1:50:00 PM,2,0,0,36.121370,-86.775450,FRANKLIN PKE,,,,0.00,,,KIRKWOOD AV,,,,0.00,Y,OTHER, ,,None,,,         ,Monty,Sands,,,no,no,no,yes,no,False
102783663,METROPOLITAN NASHVILLE POLICE DEPT,20200587153,Davidson,Nashville,9/12/2020 12:00:00 AM,1,0,0,36.217410,-86.651700,MENEES LN,,,,417.00,Feet,East,HUDSON RD,,,,0.00,N,Not at Intersection,N,Non-Junction,None,,,         ,Keenan,McCann,Unknown,Not Collision with Motor Vehicle in Transport,no,no,no,no,yes,False
102783696,METROPOLITAN NASHVILLE POLICE DEPT,20200587214,Davidson,Nashville,9/12/2020 11:43:00 AM,2,0,0,36.048020,-86.713580,NOLENSVILLE PKE,,,,282.00,Feet,South,HICKORYVIEW DR,,,,0.00,N,Not at Intersection, ,Non-Junction,None,,,         ,Michael,Moss,Clear,Front to Rear,no,no,no,yes,no,False
102783697,METROPOLITAN NASHVILLE POLICE DEPT,20200587207,Davidson,Nashville,9/12/2020 12:00:00 AM,2,0,0,36.050620,-86.606180,GROVEDALE TRC,,,,201.00,Feet,North,PIN HOOK RD,,,,0.00,N,Not at Intersection, ,Non-Junction,None,,,         ,Steven,Williams,Clear,"Sideswipe, Opposite Direction",no,no,no,no,yes,False
102783715,METROPOLITAN NASHVILLE POLICE DEPT,20200587250,Davidson,Nashville,9/12/2020 12:30:00 PM,2,0,0,36.149990,-86.858640,CHARLOTTE PKE,,,,211.00,Feet,West,WHITE BRIDGE PKE,,,,0.00,N,Not at Intersection,N,Non-Junction,None,,,         ,Douglas,Atwood,Cloudy,Angle,no,no,no,no,yes,False
102783723,METROPOLITAN NASHVILLE POLICE DEPT,20200587200,Davidson,Not in City Limit,9/12/2020 12:19:00 PM,2,0,0,36.155130,-86.576910,HAGARS GROVE PASS,,,,1062.00,Feet,South,JOHN HAGAR RD,,,,0.00,N,Not at Intersection, ,Non-Junction,None,,,         ,Ian,Hammond,Cloudy,Angle,no,no,no,no,no,False
102783731,METROPOLITAN NASHVILLE POLICE DEPT,20200587262,Davidson,Nashville,9/12/2020 1:25:00 PM,2,0,0,36.101520,-86.740410,NOLENSVILLE PKE,,,,46.00,Feet,North,MCCLELLAN AV,,,,0.00,N,Not at Intersection,N,Non-Junction,None,,,         ,Jerre,Fly,Cloudy,Front to Rear,no,no,no,no,yes,False
102783740,METROPOLITAN NASHVILLE POLICE DEPT,20200587282,Davidson,Nashville,9/12/2020 2:06:00 PM,3,2,0,36.081150,-86.715290,HARDING PL,,,,49.00,Feet,West,HUMBER DR,,,,0.00,N,Not at Intersection,N,Non-Junction,None,,,         ,Jason,Hees,Rain,Front to Rear,no,no,no,no,yes,False
102783750,METROPOLITAN NASHVILLE POLICE DEPT,20200587198,Davidson,Nashville,9/12/2020 12:50:00 PM,2,0,0,36.126260,-86.711890,E THOMPSON LN,,,,122.00,Feet,West,RAMP,,,,0.00,N,Not at Intersection, ,Non-Junction,None,,,         ,William,Burnett,Clear,"Sideswipe, Same Direction",no,no,no,no,no,False
102783758,METROPOLITAN NASHVILLE POLICE DEPT,20200587365,Davidson,Nashville,9/12/2020 3:13:00 PM,2,0,0,36.126650,-86.711150,US HWY 41,,,,0.00,Feet,,THOMPSON LN,,,,0.00,Y,Four-Way,Y,Intersection,None,,,         ,Austin,Binner,Rain,Front to Rear,no,no,no,no,no,False
102783764,METROPOLITAN NASHVILLE POLICE DEPT,20200587364,Davidson,Nashville,9/12/2020 2:10:00 PM,1,0,0,36.056080,-86.925760,HIGHWAY 100,,,,797.00,Feet,East,NOTTINGHAM PL,,,,0.00,N,Not at Intersection,N,OtherLocation,None,,,         ,Matthew,Turppa,Rain,Not Collision with Motor Vehicle in Transport,no,no,no,no,no,False
102783767,METROPOLITAN NASHVILLE POLICE DEPT,20200587313,Davidson,Nashville,9/12/2020 12:00:00 AM,2,0,0,36.184010,-86.803040,9TH AVN,,,,333.00,Feet,North,COFFEE ST,,,,0.00,N,Not at Intersection,N,Non-Junction,None,,,         ,Anna,Clayton,Rain,Other,no,no,no,no,yes,False
102783768,METROPOLITAN NASHVILLE POLICE DEPT,20200587252,Davidson,Nashville,9/12/2020 1:35:00 PM,2,2,0,36.207190,-86.622860,OLD HICKORY BLVD,,,,553.00,Feet,North,HILLS LN,,,,0.00,N,Not at Intersection,N,Non-Junction,None,,,         ,Rex,Engelbert,Cloudy,"Sideswipe, Same Direction",no,no,no,no,no,False
102783773,METROPOLITAN NASHVILLE POLICE DEPT,20200587350,Davidson,Nashville,9/12/2020 3:04:00 PM,2,0,0,36.191860,-86.781200,I 65,,,,0.00,,,,,,,86.25,N,Not at Intersection,Y,Entrance/Exit Ramp Related,None,,,         ,Matthew,Mrowiec,Rain,Front to Rear,no,no,no,no,yes,False
102783775,METROPOLITAN NASHVILLE POLICE DEPT,20200587295,Davidson,Nashville,9/12/2020 2:20:00 PM,2,1,0,36.196680,-86.835620,BELLEFIELD AV,,,,104.00,Feet,East,CLARKSVILLE PKE,,,,0.00,N,Not at Intersection,N,Non-Junction,Construction Zone,Work On Shoulder Or Median,Transition Area,         ,Pamela,Caulder,Rain,"Sideswipe, Opposite Direction",no,no,no,no,no,False
102783780,METROPOLITAN NASHVILLE POLICE DEPT,20200587433,Davidson,Nashville,9/12/2020 3:44:00 PM,1,0,0,36.238960,-86.778070,BRILEY PKWY W EXT RAMP,,,,0.00,Feet,East,BRILEY PKWYW,,,,0.00,N,Not at Intersection, ,Non-Junction,None,,,         ,Joshua,Goepper,Rain,Not Collision with Motor Vehicle in Transport,no,no,no,no,no,False
102783782,METROPOLITAN NASHVILLE POLICE DEPT,20200587426,Davidson,Nashville,9/12/2020 12:00:00 AM,2,0,0,36.068670,-86.718000,HAYWOOD LN,,,,369.00,Feet,East,NOLENSVILLE PKE,,,,0.00,N,Not at Intersection,N,Non-Junction,None,,,         ,Darci,Stechman,Cloudy,Front to Rear,no,no,no,no,yes,False
102783795,METROPOLITAN NASHVILLE POLICE DEPT,20200587389,Davidson,Nashville,9/12/2020 2:45:00 PM,2,0,0,36.136030,-86.698680,CORPORATE DR,,,,6.00,Feet,West,STATE HWY 155,,,,0.00,N,Not at Intersection,N,Non-Junction,None,,,         ,Phillip,Burke,Rain,Front to Rear,no,no,no,no,yes,False
102783806,METROPOLITAN NASHVILLE POLICE DEPT,20200587351,Davidson,Nashville,9/12/2020 2:59:00 PM,2,0,0,36.190950,-86.788670,I 65,,,,0.00,,,,,,,85.85,N,Not at Intersection, ,Non-Junction,None,,,         ,Roy,Sain Jr.,Rain,Front to Rear,no,no,no,no,no,False
102783807,METROPOLITAN NASHVILLE POLICE DEPT,20200587338,Davidson,Nashville,9/12/2020 1:30:00 PM,2,0,0,36.132000,-86.895200,CHARLOTTE PKE,,,,31.00,Feet,West,I40 E ENT RAMP,,,,0.00,N,Not at Intersection,N,Non-Junction,None,,,         ,Brian,DeMarce,Rain,Front to Rear,no,no,no,no,no,False
102783811,METROPOLITAN NASHVILLE POLICE DEPT,20200587326,Davidson,Not in City Limit,9/12/2020 2:49:00 PM,1,0,0,36.104880,-86.931150,I 40,,,,0.00,,,,,,,198.65,N,Not at Intersection,N,Non-Junction,None,,,         ,Adam,Reese,Rain,Not Collision with Motor Vehicle in Transport,no,no,no,no,no,False
102783812,METROPOLITAN NASHVILLE POLICE DEPT,20200587429,Davidson,Nashville,9/12/2020 2:11:00 PM,2,0,0,36.073750,-86.923250,OLD HARDING PKE RAMP,,,,0.00,,,OLD HARDING PKE,,,,0.00,Y,T-Intersection, ,Intersection-Related,None,,,         ,Adam,Reese,Rain,Front to Rear,no,no,no,no,no,False
102783817,METROPOLITAN NASHVILLE POLICE DEPT,20200587430,Davidson,Nashville,9/12/2020 1:30:00 PM,1,0,0,36.064110,-86.778290,FOREST ACRES DR,,,,1182.00,Feet,West,OTTER CREEK RD,,,,0.00,N,Not at Intersection, ,"Driveway, Alley Access, etc",None,,,         ,Savannah,Starbuck,Rain,Not Collision with Motor Vehicle in Transport,no,no,no,yes,yes,False
102783834,METROPOLITAN NASHVILLE POLICE DEPT,20200587368,Davidson,Nashville,9/12/2020 3:10:00 PM,1,0,0,36.239450,-86.776290,BRILEY PKWYW,,,,290.00,Feet,North,SPEARS RD,,,,0.00,N,Not at Intersection,N,Non-Junction,None,,,         ,Matthew,Herod,Rain,Not Collision with Motor Vehicle in Transport,no,no,no,no,no,False
102783835,METROPOLITAN NASHVILLE POLICE DEPT,20200587413,Davidson,Nashville,9/12/2020 3:35:00 PM,2,1,0,36.235340,-86.744490,I65 N ENT RAMP,,,,0.00,Feet,East,ELLINGTON PKWYN,,,,0.00,N,Not at Intersection,N,Non-Junction,None,,,         ,Christopher,Beery,Rain,Front to Rear,no,no,no,no,no,False
102783836,METROPOLITAN NASHVILLE POLICE DEPT,20200587516,Davidson,Nashville,9/12/2020 4:30:00 PM,1,0,0,36.125040,-86.733910,I 440,,,,0.00,,,,,,,7.20,N,Not at Intersection, ,,None,,,         ,John,Walden,,,no,no,no,no,no,False
102783838,METROPOLITAN NASHVILLE POLICE DEPT,20200587310,Davidson,Nashville,9/12/2020 2:22:00 PM,2,2,0,36.171960,-86.591670,CENTRAL PKE,,,,0.00,,,VALLEY GROVE DR,,,,0.00,Y,T-Intersection,N,Intersection,None,,,         ,Destiny,Zunic,Cloudy,Angle,no,no,no,no,no,False
102783841,METROPOLITAN NASHVILLE POLICE DEPT,20200587527,Davidson,Nashville,9/12/2020 3:51:00 PM,2,0,0,36.052020,-86.644010,EAGLE VIEW BLVD,,,,275.00,Feet,East,BELL RD,,,,0.00,N,Not at Intersection, ,Non-Junction,None,,,         ,Dalton,Crum,Rain,Front to Rear,no,no,no,no,no,False
102783848,METROPOLITAN NASHVILLE POLICE DEPT,20200587399,Davidson,Nashville,9/12/2020 2:28:00 PM,2,0,0,36.132000,-86.895200,CHARLOTTE PKE,,,,31.00,Feet,West,I40 E ENT RAMP,,,,0.00,N,Not at Intersection,N,Non-Junction,None,,,         ,Brian,DeMarce,Rain,Front to Rear,no,no,no,no,no,False
102783849,METROPOLITAN NASHVILLE POLICE DEPT,20200587411,Davidson,Nashville,9/12/2020 3:35:00 PM,4,1,0,36.148690,-86.775310,I 40,,,,0.00,,,,,,,210.10,N,Not at Intersection,Y,Entrance/Exit Ramp Related,None,,,         ,Jacob,Robbins,Rain,Other,no,no,no,no,yes,False
102783861,METROPOLITAN NASHVILLE POLICE DEPT,20200587502,Davidson,Nashville,9/12/2020 4:17:00 PM,2,0,0,36.202820,-86.776850,I 65,,,,0.00,,,,,,,87.05,N,Not at Intersection, ,Non-Junction,None,,,         ,Andrey,Volfson,Rain,Front to Rear,no,no,no,no,no,False
102783878,METROPOLITAN NASHVILLE POLICE DEPT,20200587583,Davidson,Nashville,9/12/2020 5:15:00 PM,2,0,0,36.075010,-86.662540,UNA ANTIOCH PKE,,,,0.00,Feet,,BILLINGSGATE RD,,,,0.00,Y,T-Intersection,N,Intersection,None,,,         ,John,Jones,Rain,Front to Rear,no,no,no,no,no,False
102783882,METROPOLITAN NASHVILLE POLICE DEPT,20200587505,Davidson,Nashville,9/12/2020 4:20:00 PM,1,1,0,36.224600,-86.774540,I 65,,,,0.00,,,,,,,88.60,N,Not at Intersection,N,Non-Junction,None,,,         ,Brandon,Chapman,Rain,Not Collision with Motor Vehicle in Transport,no,no,no,no,no,False
102783884,METROPOLITAN NASHVILLE POLICE DEPT,20200587572,Davidson,Nashville,9/12/2020 5:09:00 PM,2,2,0,36.136200,-86.876820,HILLWOOD BLVD,,,,0.00,,,FLEETWOOD DR,,,,0.00,Y,Four-Way, ,Intersection-Related,None,,,         ,Adam,Reese,Rain,Front to Rear,no,no,no,no,no,False
102783886,METROPOLITAN NASHVILLE POLICE DEPT,20200587571,Davidson,Nashville,9/12/2020 4:54:00 PM,2,0,0,36.193970,-86.775580,I 24,,,,0.00,,,,,,,46.60,N,Not at Intersection,N,Non-Junction,None,,,         ,Sarah,Cartwright,Rain,"Sideswipe, Same Direction",no,no,no,no,yes,False
102783887,METROPOLITAN NASHVILLE POLICE DEPT,20200587637,Davidson,Nashville,9/12/2020 5:54:00 PM,1,0,0,36.058610,-86.669690,MT VIEW RD,,,,236.00,Feet,East,HICKORY HOLLOW PKWY,,,,0.00,N,Not at Intersection,N,Non-Junction,None,,,         ,Thomas,Parsons,Rain,Not Collision with Motor Vehicle in Transport,no,no,no,no,no,False
102783890,METROPOLITAN NASHVILLE POLICE DEPT,20200587666,Davidson,Nashville,9/12/2020 6:10:00 PM,2,1,0,36.066560,-86.636650,MORRIS GENTRY BLVD,,,,0.00,,,BELL RD,,,,0.00,Y,T-Intersection,N,Intersection,None,,,         ,Dalton,Crum,Rain,Front to Rear,no,no,no,no,yes,False
102783893,METROPOLITAN NASHVILLE POLICE DEPT,20200587567,Davidson,Nashville,9/12/2020 5:07:00 PM,2,0,0,36.151460,-86.857740,WHITE BRIDGE PKE,,,,0.00,,,I40 E EXT RAMP,,,,0.00,Y,Four-Way, ,Intersection,None,,,         ,Andrew,McCarron,Cloudy,Angle,no,no,no,no,no,False
102783894,METROPOLITAN NASHVILLE POLICE DEPT,20200587660,Davidson,Nashville,9/12/2020 6:09:00 PM,2,0,0,36.124670,-86.848080,HARDING PKE,,,,173.00,Feet,West,WHITE BRIDGE PKE,,,,0.00,N,Not at Intersection, ,Non-Junction,None,,,         ,Eric,Westbrook,Cloudy,Front to Rear,no,no,no,no,no,False
102783897,METROPOLITAN NASHVILLE POLICE DEPT,20200587480,Davidson,Nashville,9/12/2020 4:00:00 PM,1,1,0,36.151840,-86.791620,MUSIC SQE,,,,0.00,,,DIVISION ST,,,,0.00,Y,Roundabout,N,Intersection,None,,,         ,James,Hill,Rain,Not Collision with Motor Vehicle in Transport,yes,no,no,no,yes,False
102783917,METROPOLITAN NASHVILLE POLICE DEPT,20200587622,Davidson,Not in City Limit,9/12/2020 5:29:00 PM,2,0,0,36.276780,-86.801010,I24 E EXT RAMP,,,,0.00,,,I 24,,,,0.00,Y,Four-Way, ,,None,,,         ,Andrey,Volfson,,,no,no,no,no,no,False
102783918,METROPOLITAN NASHVILLE POLICE DEPT,20200587486,Davidson,Nashville,9/12/2020 4:08:00 PM,2,0,0,36.141090,-86.733220,I 40,,,,0.00,,,,,,,212.95,N,Not at Intersection, ,Non-Junction,None,,,         ,Peter,Kinsey,Rain,"Sideswipe, Same Direction",no,no,no,no,no,False
102783919,METROPOLITAN NASHVILLE POLICE DEPT,20200587642,Davidson,Nashville,9/12/2020 5:56:00 PM,1,5,0,36.141190,-86.731320,I 40,,,,0.00,,,,,,,212.95,N,Not at Intersection,Y,Non-Junction,None,,,         ,Peter,Kinsey,Rain,Not Collision with Motor Vehicle in Transport,no,no,no,no,no,False
102783927,METROPOLITAN NASHVILLE POLICE DEPT,20200587548,Davidson,Nashville,9/12/2020 3:54:00 PM,2,0,0,36.142490,-86.708660,I 40,,,,0.00,,,,,,,214.30,N,Not at Intersection, ,,None,,,         ,Phillip,Burke,,,no,no,no,no,no,False
102783934,METROPOLITAN NASHVILLE POLICE DEPT,20200587504,Davidson,Nashville,9/12/2020 4:19:00 PM,2,0,0,36.139860,-86.726490,I 40,,,,0.00,,,,,,,213.30,N,Not at Intersection,Y,Non-Junction,None,,,         ,Douglas,Mann,Rain,Angle,no,no,no,no,no,False
102783938,METROPOLITAN NASHVILLE POLICE DEPT,20200587740,Davidson,Nashville,9/12/2020 7:13:00 PM,1,0,0,36.077080,-86.671690,FRANKLIN LIMESTONE RD,,,,384.00,Feet,North,BILLINGSGATE RD,,,,0.00,N,Not at Intersection, ,Non-Junction,None,,,         ,Gary,Anderson,Clear,Not Collision with Motor Vehicle in Transport,no,no,no,no,no,False
102783940,METROPOLITAN NASHVILLE POLICE DEPT,20200587716,Davidson,Nashville,9/12/2020 5:15:00 PM,2,0,0,36.161230,-86.819140,28TH AVN,,,,3.00,Feet,North,BATAVIA ST,,,,0.00,N,Not at Intersection,N,Non-Junction,None,,,         ,Jerica,Gladston,Clear,Front to Rear,no,no,no,no,no,False
102783941,METROPOLITAN NASHVILLE POLICE DEPT,20200587794,Davidson,Nashville,9/12/2020 7:49:00 PM,2,0,0,36.218550,-86.695420,MUSIC VALLEY DR,,,,552.00,Feet,South,RUDY CIR PVTDR,,,,0.00,N,Not at Intersection, ,Non-Junction,None,,,         ,Evan,Grace,Rain,Rear to Side,no,no,no,yes,yes,False
102783942,METROPOLITAN NASHVILLE POLICE DEPT,20200587732,Davidson,Nashville,9/12/2020 7:07:00 PM,2,0,0,36.240770,-86.673620,NEELYS BEND RD,,,,0.00,Feet,,CHEYENNE BLVD,,,,0.00,Y,Four-Way, ,Intersection-Related,None,,,         ,Jonathan,Foote,Rain,Front to Rear,no,no,no,no,no,False
102783948,METROPOLITAN NASHVILLE POLICE DEPT,20200587768,Davidson,Nashville,9/12/2020 12:00:00 AM,3,0,0,36.084630,-86.704390,HARDING PL,,,,302.00,Feet,West,LARGO DR,,,,0.00,N,Not at Intersection,N,Non-Junction,None,,,         ,John,Braun,Clear,Front to Rear,no,no,no,no,yes,False
102783950,METROPOLITAN NASHVILLE POLICE DEPT,20200587754,Davidson,Nashville,9/12/2020 4:17:00 PM,2,0,0,36.170320,-86.806430,I 40,,,,0.00,,,,,,,207.30,N,Not at Intersection,N,Non-Junction,None,,,         ,Jacob,Krispin,Rain,Unknown,no,no,no,no,no,False
102783954,METROPOLITAN NASHVILLE POLICE DEPT,20200587543,Davidson,Nashville,9/12/2020 4:50:00 PM,2,1,0,36.176540,-86.769990,SPRING ST,,,,81.00,Feet,West,I24 W EXT RAMP,,,,0.00,N,Not at Intersection,N,Non-Junction,None,,,         ,Ty,Cummings,Cloudy,"Sideswipe, Same Direction",no,no,no,no,no,False
102783977,METROPOLITAN NASHVILLE POLICE DEPT,20200587568,Davidson,Nashville,9/12/2020 5:07:00 PM,3,1,0,36.123780,-86.703840,VULTEE BLVD,,,,0.00,,,KERMIT DR,,,,0.00,Y,Four-Way,N,Intersection,None,,,         ,Steven,Powers,Rain,Angle,no,no,no,no,yes,False
102783985,METROPOLITAN NASHVILLE POLICE DEPT,20200587629,Davidson,Nashville,9/12/2020 5:25:00 PM,2,0,0,36.084830,-86.728190,NOLENSVILLE PKE,,,,0.00,,,PARAGON MILLS RD,,,,0.00,Y,Four-Way,N,Intersection,None,,,         ,Darci,Stechman,Cloudy,Angle,no,no,no,no,no,False
102784012,METROPOLITAN NASHVILLE POLICE DEPT,20200585713,Davidson,Nashville,9/11/2020 3:08:00 PM,2,0,0,36.157610,-86.795000,STATE ST,,,,93.00,Feet,West,16TH AVN,,,,0.00,N,Not at Intersection, ,,None,,,         ,Jacob,Robbins,,,no,no,no,no,no,False
102784039,METROPOLITAN NASHVILLE POLICE DEPT,20200585886,Davidson,Nashville,9/11/2020 12:00:00 AM,2,0,0,36.240350,-86.748740,-- UNKNOWN RAMP/ROAD --,,,,0.00,,,I 65,,,,0.00,Y,Four-Way, ,Intersection-Related,None,,,         ,McKenzie,Harper,Clear,Front to Rear,no,no,no,no,no,False
102784060,METROPOLITAN NASHVILLE POLICE DEPT,20200587879,Davidson,Nashville,9/12/2020 8:44:00 PM,2,0,0,36.089910,-86.702950,I 24,,,,0.00,,,,,,,55.40,N,Not at Intersection,N,Non-Junction,None,,,         ,Tyler,Geiger,Clear,Front to Rear,no,no,no,no,no,False
102784071,METROPOLITAN NASHVILLE POLICE DEPT,20200587396,Davidson,Nashville,9/12/2020 3:26:00 PM,2,0,0,36.146490,-86.742500,I 40,,,,0.00,,,,,,,212.10,N,Not at Intersection, ,Non-Junction,None,,,         ,Mary,Robinson,Rain,Front to Rear,no,no,no,no,no,False
102784089,METROPOLITAN NASHVILLE POLICE DEPT,20200588056,Davidson,Nashville,9/12/2020 12:00:00 AM,1,0,0,36.183050,-86.810530,CLAY ST,,,,125.00,Feet,West,15TH AVN,,,,0.00,N,Not at Intersection,N,Non-Junction,None,,,         ,Cameron,VanLierop,Clear,Not Collision with Motor Vehicle in Transport,no,no,no,no,yes,False
102784103,METROPOLITAN NASHVILLE POLICE DEPT,20200587517,Davidson,Nashville,9/12/2020 3:35:00 PM,2,0,0,36.195210,-86.729670,CAHAL AV,,,,0.00,,,BURNS ST,,,,0.00,Y,T-Intersection,N,Intersection,None,,,         ,Zachary,Aldrich,Rain,Angle,no,no,no,no,no,False
102784115,METROPOLITAN NASHVILLE POLICE DEPT,20200588214,Davidson,Nashville,9/13/2020 12:45:00 AM,3,0,0,36.060070,-86.741050,ELLINGTON CIR,,,,0.00,,,EDMONDSON PKE,,,,0.00,Y,T-Intersection,Y,Intersection,None,,,         ,Justan,Vance,Clear,Angle,no,no,no,no,yes,False
102784123,METROPOLITAN NASHVILLE POLICE DEPT,20200588085,Davidson,Nashville,9/12/2020 11:30:00 PM,2,0,0,36.141000,-86.785730,11TH AVS,,,,480.00,Feet,South,EDGEHILL AV,,,,0.00,N,Not at Intersection,N,Non-Junction,None,,,         ,Michael,Hodges,Clear,Front to Rear,no,no,no,no,no,False
102784131,METROPOLITAN NASHVILLE POLICE DEPT,20200588310,Davidson,Nashville,9/13/2020 2:17:00 AM,1,1,0,36.111540,-86.723240,I24 E EXT RAMP,,,,0.00,Feet,East,I 24,,,,0.00,N,Not at Intersection,N,Entrance/Exit Ramp Related,None,,,         ,Garrett,Reingardt,Clear,Not Collision with Motor Vehicle in Transport,no,no,no,no,no,False
102784141,METROPOLITAN NASHVILLE POLICE DEPT,20200588108,Davidson,Nashville,9/12/2020 11:43:00 PM,1,0,0,36.049770,-86.666900,I 24,,,,0.00,,,,,,,58.90,N,Not at Intersection,N,Non-Junction,None,,,         ,Thomas,Broatch,Cloudy,Not Collision with Motor Vehicle in Transport,no,no,no,no,no,False
102784145,METROPOLITAN NASHVILLE POLICE DEPT,20200588202,Davidson,Nashville,9/13/2020 12:23:00 AM,1,0,0,36.051510,-86.714360,NOLENSVILLE PKE,,,,0.00,,,OCALA DR,,,,0.00,Y,Four-Way,N,Intersection-Related,None,,,         ,David,Simmonds,Clear,Not Collision with Motor Vehicle in Transport,no,no,no,no,yes,False
102784159,METROPOLITAN NASHVILLE POLICE DEPT,20200588397,Davidson,Nashville,9/13/2020 3:55:00 AM,1,0,0,36.045220,-86.659100,I 24,,,,0.00,,,,,,,59.40,N,Not at Intersection,N,Non-Junction,None,,,         ,Lisa,Beck,Clear,Not Collision with Motor Vehicle in Transport,no,no,no,no,no,False
102784164,METROPOLITAN NASHVILLE POLICE DEPT,20200588392,Davidson,Antioch,9/13/2020 2:33:00 AM,1,0,0,36.071760,-86.594120,HUNTINGBORO,TRL,,,0.00,,,SEASONS,DR,,,0.00,Y,Four-Way,Y,Intersection-Related,None,,,         ,Kevin,Breeding,Cloudy,Not Collision with Motor Vehicle in Transport,no,no,no,no,yes,False
102784165,METROPOLITAN NASHVILLE POLICE DEPT,20200588407,Davidson,Nashville,9/13/2020 4:00:00 AM,1,0,0,36.209140,-86.757100,JONES AV,,,,109.00,Feet,North,JONES CIR,,,,0.00,N,Not at Intersection,N,Non-Junction,None,,,         ,Joao,Pinho,Rain,Not Collision with Motor Vehicle in Transport,no,no,no,no,yes,False
102784176,METROPOLITAN NASHVILLE POLICE DEPT,20200588258,Davidson,Nashville,9/13/2020 1:28:00 AM,1,0,0,36.217170,-86.692740,BRILEY PKWYS,,,,119.00,Feet,North,BRILEY PKWYN,,,,0.00,N,Not at Intersection,Y,Entrance/Exit Ramp Related,None,,,         ,Dallas,Johnson,Clear,Not Collision with Motor Vehicle in Transport,no,no,no,no,no,False
102784177,METROPOLITAN NASHVILLE POLICE DEPT,20200588284,Davidson,Nashville,9/13/2020 12:10:00 AM,1,0,0,36.108400,-86.720260,I24 W EXT RAMP,,,,0.00,Feet,East,I 24,,,,0.00,N,Not at Intersection,Y,Non-Junction,None,,,         ,Thomas,Broatch,Cloudy,Not Collision with Motor Vehicle in Transport,no,no,no,no,yes,False