master_record_number,agency,agency_tracking_number,county,city,collision_date,vehicles_involved,number_injured,number_dead,latitude,longitude,roadway_name,roadway_suffix,roadway_number,roadway_local_id,distance_from_reference,miles-feet_indicator,direction_from_reference,intersection_road_name,intersection_road_name_suffix,intersection_road_number,intersection_local_id,mile_marker,intersection_indicator,intersect_type,interchange_related_indicator,relation_to_junction,work_zone_type,construction_maintenance_zone,construction_maintenance_zone_location,fatal_case_number,officer_first_name,officer_last_name,weather_condition(s),manner_of_crash,pedestrian,bicycle,scooter,parking,hitrun,mou
102788418,METROPOLITAN NASHVILLE POLICE DEPT,20200600424,Davidson,Nashville,9/18/2020 5:11:00 PM,2,0,0,36.080390,-86.721020,HARDING PL,,,,485.00,Feet,North,RECOVERY RD,,,,0.00,N,Not at Intersection, ,Non-Junction,None,,,         ,Edward,Starke,,"Sideswipe, Same Direction",no,no,no,no,no,False
102788429,METROPOLITAN NASHVILLE POLICE DEPT,20200600474,Davidson,Nashville,9/18/2020 6:00:00 PM,2,0,0,36.126550,-86.727810,I 24,,,,0.00,,,,,,,51.40,N,Not at Intersection,N,Non-Junction,None,,,         ,Joel,Bennett,,Front to Rear,no,no,no,no,yes,False
102788431,METROPOLITAN NASHVILLE POLICE DEPT,20200600656,Davidson,Nashville,9/18/2020 7:30:00 PM,2,0,0,36.168130,-86.816810,JEFFERSON ST,,,,0.00,,,26TH AVN,,,,0.00,Y,T-Intersection,Y,Intersection,None,,,         ,Brian,Warstadt,,Angle,no,no,no,no,yes,False
102788451,METROPOLITAN NASHVILLE POLICE DEPT,20200600323,Davidson,Nashville,9/18/2020 4:00:00 PM,3,0,0,36.142400,-86.709300,I 40,,,,0.00,,,,,,,214.25,N,Not at Intersection,N,Non-Junction,None,,,         ,Michael,Fox,Clear,Front to Rear,no,no,no,no,yes,False
102788458,METROPOLITAN NASHVILLE POLICE DEPT,20200600712,Davidson,Nashville,9/18/2020 8:00:00 PM,2,0,0,36.168380,-86.688330,LEBANON PKE,,,,109.00,Feet,West,BRILEY PKWYN,,,,0.00,N,Not at Intersection,N,Non-Junction,None,,,         ,Evan,Grace,,Front to Rear,no,no,no,no,yes,False
102788465,METROPOLITAN NASHVILLE POLICE DEPT,20200600722,Davidson,Not in City Limit,9/18/2020 8:18:00 PM,1,1,0,36.306410,-86.686420,GALLATIN PKEN,,,,400.00,Feet,East,NORTHSIDE DR,,,,0.00,N,Not at Intersection,N,Non-Junction,None,,,         ,Christopher,Littles,,Not Collision with Motor Vehicle in Transport,yes,no,no,no,no,False
102788468,METROPOLITAN NASHVILLE POLICE DEPT,20200600763,Davidson,Not in City Limit,9/18/2020 8:22:00 PM,2,0,0,36.263010,-86.681020,STATE RT 45,,,,10.00,Feet,North,RIO VISTA DR,,,,0.00,N,Not at Intersection,N,Non-Junction,None,,,         ,Kyle,Eicholtz,Clear,Front to Rear,no,no,no,no,yes,False
102788469,METROPOLITAN NASHVILLE POLICE DEPT,20200600719,Davidson,Nashville,9/18/2020 8:16:00 PM,2,1,0,36.166230,-86.765790,SHELBY AV,,,,0.00,Feet,,I24 E EXT RAMP,,,,0.00,Y,Four-Way,N,Intersection-Related,None,,,         ,Gabriel,Vasquez,Clear,Angle,no,no,no,no,yes,False
102788471,METROPOLITAN NASHVILLE POLICE DEPT,20200600752,Davidson,Nashville,9/18/2020 8:37:00 PM,2,1,0,36.130130,-86.900530,CHARLOTTE PKE,,,,76.00,Feet,East,CABOT DR,,,,0.00,N,Not at Intersection,N,Non-Junction,None,,,         ,Jared,Dick,Clear,Front to Rear,no,no,no,no,no,False
102788472,METROPOLITAN NASHVILLE POLICE DEPT,20200600518,Davidson,Nashville,9/18/2020 6:25:00 PM,3,0,0,36.163560,-86.762140,I 24,,,,0.00,,,,,,,49.20,N,Not at Intersection,N,Non-Junction,None,,,         ,Christopher,Beery,Clear,Front to Rear,no,no,no,no,no,False
102788489,METROPOLITAN NASHVILLE POLICE DEPT,20200600839,Davidson,Nashville,9/18/2020 9:37:00 PM,2,0,0,36.081880,-86.712940,HARDING PL,,,,225.00,Feet,East,WHISPERING OAKS PL,,,,0.00,N,Not at Intersection,N,Non-Junction,None,,,         ,Joel,Bennett,,Angle,no,no,no,no,yes,False
102788491,METROPOLITAN NASHVILLE POLICE DEPT,20200600780,Davidson,Nashville,9/18/2020 8:58:00 PM,2,0,0,36.101790,-86.740550,NOLENSVILLE PKE,,,,0.00,,,ANTIOCH PKE,,,,0.00,Y,T-Intersection,N,Intersection-Related,None,,,         ,Edward,Starke,,Angle,no,no,no,no,no,False
102788495,METROPOLITAN NASHVILLE POLICE DEPT,20200600597,Davidson,Nashville,9/18/2020 1:15:00 PM,2,0,0,36.081860,-86.727030,NOLENSVILLE PKE,,,,282.00,Feet,South,WELSHWOOD DR,,,,0.00,N,Not at Intersection, ,,None,,,         ,Savannah,Starbuck,,,no,no,no,yes,no,False
102788498,METROPOLITAN NASHVILLE POLICE DEPT,20200600517,Davidson,Nashville,9/18/2020 6:04:00 PM,2,0,0,36.167230,-86.863830,63RD AVN,,,,143.00,Feet,South,CALIFORNIA AV,,,,0.00,N,Not at Intersection, ,,None,,,         ,Ryan,Malone,,,no,no,no,no,no,False
102788509,METROPOLITAN NASHVILLE POLICE DEPT,20200600801,Davidson,Not in City Limit,9/18/2020 9:10:00 PM,1,3,0,36.265560,-86.791330,I 24,,,,0.00,,,,,,,41.45,N,Not at Intersection,N,Non-Junction,None,,,         ,Gabriel,Centeno,Clear,Not Collision with Motor Vehicle in Transport,no,no,no,no,no,False
102788510,METROPOLITAN NASHVILLE POLICE DEPT,20200600803,Davidson,Nashville,9/18/2020 9:12:00 PM,3,1,0,36.068760,-86.716280,HAYWOOD LN,,,,0.00,Feet,,HOPEDALE DR,,,,0.00,Y,T-Intersection,Y,Intersection,None,,,         ,Laura,Williams,Clear,Angle,no,no,no,no,no,False
102788541,METROPOLITAN NASHVILLE POLICE DEPT,20200600849,Davidson,Nashville,9/18/2020 9:39:00 PM,2,0,0,36.207270,-86.778570,HAMPTON ST,,,,223.00,Feet,North,W TRINITY LN,,,,0.00,N,Not at Intersection,N,Non-Junction,None,,,         ,Alec,Pellissier,Clear,Front to Rear,no,no,no,yes,yes,False
102788558,METROPOLITAN NASHVILLE POLICE DEPT,2020600818,Davidson,Not in City Limit,9/18/2020 9:21:00 PM,2,0,0,36.257780,-86.849370,CLARKSVILLE PKE,,,,856.00,Feet,East,DRY FORK RD,,,,0.00,N,Not at Intersection,N,Non-Junction,None,,,         ,William,Boler,Clear,Angle,no,no,no,no,yes,False
102788598,METROPOLITAN NASHVILLE POLICE DEPT,20200600987,Davidson,Nashville,9/18/2020 11:26:00 PM,2,2,0,36.180450,-86.802890,BUCHANAN ST,,,,45.00,Feet,East,10TH AVN,,,,0.00,N,Not at Intersection,N,Non-Junction,None,,,         ,Dakota,Vermillion,Clear,Front to Rear,no,no,no,no,no,False
102788600,METROPOLITAN NASHVILLE POLICE DEPT,20200600964,Davidson,Nashville,9/18/2020 10:41:00 PM,2,0,0,36.039480,-86.781770,OLD HICKORY BLVD,,,,0.00,Feet,East,I65 N EXT RAMP,,,,0.00,N,Not at Intersection, ,Entrance/Exit Ramp Related,None,,,         ,John,Frazier,Clear,Other,no,no,no,no,yes,False
102788608,METROPOLITAN NASHVILLE POLICE DEPT,20200600968,Davidson,Nashville,9/18/2020 11:07:00 PM,2,0,0,36.150990,-86.796480,19TH AVS,,,,7.00,Feet,South,BROADWAY,,,,0.00,N,Not at Intersection, ,Non-Junction,None,,,         ,Tim,Le,Clear,Angle,no,no,no,no,no,False
102788609,METROPOLITAN NASHVILLE POLICE DEPT,20200600988,Davidson,Nashville,9/18/2020 11:00:00 PM,2,0,0,36.370260,-86.743740,OLD SPRINGFIELD PKE,,,,1001.00,Feet,West,SPRINGFIELD HWY,,,,0.00,N,Not at Intersection, ,Non-Junction,None,,,         ,Nelson,Hemingway,Clear,"Sideswipe, Opposite Direction",no,no,no,no,yes,False
102788612,METROPOLITAN NASHVILLE POLICE DEPT,20200600941,Davidson,Nashville,9/18/2020 10:58:00 PM,5,2,0,36.071780,-86.691150,I 24,,,,0.00,,,,,,,56.80,N,Not at Intersection,N,Non-Junction,None,,,         ,Garrett,Reingardt,Clear,Front to Rear,no,no,no,no,yes,False
102788677,METROPOLITAN NASHVILLE POLICE DEPT,20200600939,Davidson,Nashville,9/18/2020 10:53:00 PM,2,0,0,36.114860,-86.719630,GLENROSE AVE,,,,0.00,,,E THOMPSON LN,,,,0.00,Y,Four-Way, ,Intersection,None,,,         ,Robert,Leverick,Clear,Angle,no,no,no,no,no,False
102788683,METROPOLITAN NASHVILLE POLICE DEPT,20200600920,Davidson,Nashville,9/18/2020 7:00:00 PM,2,0,0,36.025050,-86.713010,NOLENSVILLE PKE,,,,152.00,Feet,South,LENOX VILLAGE DR,,,,0.00,N,Not at Intersection, ,Non-Junction,None,,,         ,Aaron,Brumley,Clear,Front to Rear,no,no,no,no,yes,False
102788698,METROPOLITAN NASHVILLE POLICE DEPT,20200600896,Davidson,Not in City Limit,9/18/2020 10:15:00 PM,2,0,0,36.057420,-86.946070,OLD HARDING PIKE,,,,0.00,,,MORTON MILL RD,,,,0.00,Y,T-Intersection, ,Intersection-Related,None,,,         ,Christopher,Royer,Clear,"Sideswipe, Same Direction",no,no,no,no,no,False
102788699,METROPOLITAN NASHVILLE POLICE DEPT,20200601037,Davidson,Nashville,9/18/2020 11:04:00 PM,2,0,0,36.124360,-86.630300,BELL RD,,,,18.00,Feet,South,PLEASANT HILL RD,,,,0.00,N,Not at Intersection,N,Non-Junction,None,,,         ,Jacob,Ross,Clear,Front to Rear,no,no,no,no,yes,False
102788703,METROPOLITAN NASHVILLE POLICE DEPT,20200601102,Davidson,Nashville,9/18/2020 8:30:00 PM,2,0,0,36.119670,-86.701800,JUPITER DR,,,,55.00,Feet,North,MURFREESBORO PKE,,,,0.00,N,Not at Intersection, ,Non-Junction,None,,,         ,Andrew,Richey,Clear,Angle,no,no,no,no,no,False
102788712,METROPOLITAN NASHVILLE POLICE DEPT,20200601188,Davidson,Nashville,9/18/2020 11:31:00 PM,2,0,0,36.143320,-86.703690,I 40,,,,0.00,,,,,,,214.50,N,Not at Intersection,N,Non-Junction,None,,,         ,Jacob,Ross,Clear,Front to Rear,no,no,no,no,no,False
102788713,METROPOLITAN NASHVILLE POLICE DEPT,20200600992,Davidson,Nashville,9/18/2020 11:32:00 PM,1,0,0,36.152190,-86.842490,CHARLOTTE AV,,,,79.00,Feet,West,46TH AVN,,,,0.00,N,Not at Intersection,N,Non-Junction,None,,,         ,Juan,Gonzalez,Clear,Not Collision with Motor Vehicle in Transport,no,no,no,no,yes,False
102788733,METROPOLITAN NASHVILLE POLICE DEPT,20200601280,Davidson,Nashville,9/18/2020 10:08:00 PM,1,0,0,36.084130,-86.725730,TRAVIS DR,,,,322.00,Feet,North,WELCH RD,,,,0.00,N,Not at Intersection,N,Non-Junction,None,,,         ,Holly,Davis,Clear,Not Collision with Motor Vehicle in Transport,no,no,no,no,yes,False
102788741,METROPOLITAN NASHVILLE POLICE DEPT,20200600999,Davidson,Nashville,9/18/2020 12:00:00 AM,2,0,0,36.218210,-86.698460,OUTLET CENTER DR,,,,366.00,Feet,North,MCGAVOCK PKE,,,,0.00,N,Not at Intersection,N,Non-Junction,None,,,         ,Graham,Binkley,,HeadOn,no,no,no,yes,yes,False
102788742,METROPOLITAN NASHVILLE POLICE DEPT,20200601360,Davidson,Not in City Limit,9/19/2020 4:26:00 AM,1,0,0,36.261000,-86.830590,WHITES CREEK PKE,,,,539.00,Feet,South,HOUSTON LN,,,,0.00,N,Not at Intersection,N,Non-Junction,None,,,         ,John,Deiterick,Clear,Not Collision with Motor Vehicle in Transport,no,no,no,no,no,False
102788743,METROPOLITAN NASHVILLE POLICE DEPT,20200601395,Davidson,Nashville,9/19/2020 4:53:00 AM,1,0,0,36.038170,-86.736740,STILLMEADOW DR,,,,339.00,Feet,East,MYRTLEWOOD DR,,,,0.00,N,Not at Intersection,N,Non-Junction,None,,,         ,Aaron,Brumley,,Not Collision with Motor Vehicle in Transport,no,no,no,no,yes,False
102788751,METROPOLITAN NASHVILLE POLICE DEPT,20200601122,Davidson,Nashville,9/18/2020 8:00:00 PM,2,0,0,36.135080,-86.726750,I 24,,,,0.00,,,,,,,52.15,N,Not at Intersection, ,Non-Junction,None,,,         ,Jeremy,Crisp,Clear,Front to Rear,no,no,no,no,yes,False
102788757,METROPOLITAN NASHVILLE POLICE DEPT,20200601365,Davidson,Nashville,9/19/2020 4:00:00 AM,2,1,0,36.244187,-86.756445,DICKERSON PIKE,,SR41,,0.00,,,DOVERSIDE DR,,SR,,0.00,Y,Four-Way,N,Non-Junction,None,,,         ,Nelson,Hemingway,Clear,Front to Rear,no,no,no,no,yes,False
102788765,BERRY HILL POLICE DEPT,20-3450,Davidson,Berry Hill,9/18/2020 8:50:00 AM,2,0,0,36.120090,-86.775010,FRANKLIN PKE,,,,0.00,,,GALE LN,,,,0.00,Y,T-Intersection, ,Non-Junction,None,,,         ,Larry,Carter,Clear,Angle,no,no,no,no,no,False
102788769,METROPOLITAN NASHVILLE POLICE DEPT,20200601465,Davidson,Nashville,9/19/2020 6:20:00 AM,2,0,0,36.107110,-86.672560,DONELSON PKE,,,,361.00,Feet,North,MURFREESBORO PKE,,,,0.00,N,Not at Intersection,N,Non-Junction,None,,,         ,Robert,Higgins,Clear,HeadOn,no,no,no,no,no,False
102788777,METROPOLITAN NASHVILLE POLICE DEPT,20200600033,Davidson,Nashville,9/18/2020 12:30:00 PM,2,0,0,36.064160,-86.629140,HAMILTON CHURCH RD,,,,303.00,Feet,South,MURFREESBORO PKE,,,,0.00,N,Not at Intersection,N,Non-Junction,None,,,         ,Lee,Davis,Clear,"Sideswipe, Same Direction",no,no,no,no,no,False
102788783,METROPOLITAN NASHVILLE POLICE DEPT,20200601471,Davidson,Nashville,9/19/2020 6:40:00 AM,1,1,0,36.114750,-86.786600,BATTLEFIELD DR,,,,24.00,Feet,East,LEALAND LN,,,,0.00,N,Not at Intersection,N,Non-Junction,None,,,         ,Michael,Hodges,Clear,Not Collision with Motor Vehicle in Transport,no,no,no,no,no,False
102788792,METROPOLITAN NASHVILLE POLICE DEPT,20200601485,Davidson,Nashville,9/19/2020 6:50:00 AM,2,0,0,36.236060,-86.779900,SPEARS RD,,,,97.00,Feet,North,RICHMOND HILL DR,,,,0.00,N,Not at Intersection, ,Non-Junction,None,,,         ,Billy,Price,Clear,Angle,no,no,no,no,no,False
102788798,METROPOLITAN NASHVILLE POLICE DEPT,20200601502,Davidson,Nashville,9/19/2020 7:11:00 AM,1,0,0,36.143540,-86.702260,I 40,,,,0.00,,,,,,,214.60,N,Not at Intersection,N,Unknown,None,,,         ,Katelyn,Argeroplos,Clear,Not Collision with Motor Vehicle in Transport,no,no,no,no,no,False
102788856,METROPOLITAN NASHVILLE POLICE DEPT,20200601566,Davidson,Nashville,9/19/2020 8:23:00 AM,2,0,0,36.121160,-86.750310,NOLENSVILLE PKE,,,,225.00,Feet,South,I440 E ENT RAMP,,,,0.00,N,Not at Intersection,N,Non-Junction,None,,,         ,Michael,Moss,Clear,"Sideswipe, Same Direction",no,no,no,no,no,False
102788866,METROPOLITAN NASHVILLE POLICE DEPT,20200601653,Davidson,Madison,9/19/2020 9:23:00 AM,2,2,0,36.263330,-86.714600,OLD HICKORY BLVDW,,,,0.00,,,DOUGLAS ST,,,,0.00,Y,T-Intersection,N,Intersection,None,,,         ,Michael,McCord,Clear,Front to Rear,no,no,no,no,no,False
102788872,METROPOLITAN NASHVILLE POLICE DEPT,20200601614,Davidson,Madison,9/19/2020 8:57:00 AM,1,0,0,36.273700,-86.720710,NESBITT LN,,,,212.00,Feet,East,GRAYLAND DR,,,,0.00,N,Not at Intersection,N,Non-Junction,None,,,         ,Ian,Wilson,,Not Collision with Motor Vehicle in Transport,no,no,no,no,no,False
102788874,METROPOLITAN NASHVILLE POLICE DEPT,20200601584,Davidson,Nashville,9/19/2020 12:00:00 AM,1,0,0,36.117480,-86.803510,STOKES LN,,,,202.00,Feet,East,STOKESMONT RD,,,,0.00,N,Not at Intersection, ,,None,,,         ,Jackson,Smythe,,,no,no,no,no,no,False
102788875,METROPOLITAN NASHVILLE POLICE DEPT,20200601597,Davidson,Nashville,9/19/2020 8:50:00 AM,3,1,0,36.061570,-86.904200,OLD HICKORY BLVD,,,,301.00,Feet,South,HIGHWAY 100,,,,0.00,N,Not at Intersection,N,Non-Junction,None,,,         ,Douglas,Atwood,Clear,Front to Rear,no,no,no,no,no,False
102788882,METROPOLITAN NASHVILLE POLICE DEPT,20200601556,Davidson,Not in City Limit,9/19/2020 8:05:00 AM,2,0,0,36.089740,-87.009240,RIVERSPRING DR,,,,264.00,Feet,East,BENDING RIVER DR,,,,0.00,N,Not at Intersection, ,Non-Junction,None,,,         ,Tanner,Ward,Clear,Front to Rear,no,no,no,no,no,False
102788885,METROPOLITAN NASHVILLE POLICE DEPT,20200601638,Davidson,Nashville,9/19/2020 9:19:00 AM,2,2,0,36.070030,-86.698800,HAYWOOD LN,,,,0.00,,,EAST RIDGE DR,,,,0.00,Y,Four-Way,N,Intersection,None,,,         ,Jason,Hees,Clear,"Sideswipe, Same Direction",no,no,no,no,no,False
102788892,METROPOLITAN NASHVILLE POLICE DEPT,20200601657,Davidson,Nashville,9/19/2020 9:31:00 AM,1,1,0,36.150780,-86.785240,EXIT 209B,,,,0.00,,,I 40,,,,0.00,Y,OTHER,N,Entrance/Exit Ramp Related,None,,,         ,Harold,Wells,Clear,Not Collision with Motor Vehicle in Transport,no,no,no,no,no,False
102788918,METROPOLITAN NASHVILLE POLICE DEPT,20200601627,Davidson,Nashville,9/19/2020 12:00:00 AM,1,0,0,36.100370,-86.790800,GREERLAND DR,,,,17.00,Feet,East,LEALAND LN,,,,0.00,N,Not at Intersection, ,,None,,,         ,Joel,Cottrill,,,no,no,no,no,no,False
102788927,METROPOLITAN NASHVILLE POLICE DEPT,20200601673,Davidson,Nashville,9/19/2020 9:45:00 AM,1,1,0,36.238210,-86.781850,STATE HWY 155,,,,14.00,Feet,West,EXIT 17,,,,0.00,N,Not at Intersection,Y,Entrance/Exit Ramp Related,None,,,         ,Ruben,Mariano,Clear,Not Collision with Motor Vehicle in Transport,no,no,no,no,no,False
102788940,GOODLETTSVILLE POLICE DEPT,20-27979,Davidson,Goodlettsville,9/19/2020 9:28:00 AM,2,0,0,36.305200,-86.718860,DICKERSON PKES,,,,0.00,,,OLD DICKERSON PKE,,,,0.00,Y,Four-Way,Y,Intersection,None,,,         ,Joseph,Waldron,Clear,Angle,no,no,no,no,no,False
102788950,METROPOLITAN NASHVILLE POLICE DEPT,20200601740,Davidson,Nashville,9/19/2020 12:00:00 AM,2,0,0,36.108320,-86.765760,POWELL AV,,,,739.00,Feet,North,POWELL PL,,,,0.00,N,Not at Intersection,Y,Non-Junction,None,,,         ,Joel,Cottrill,,Angle,no,no,no,no,no,False
102788961,GOODLETTSVILLE POLICE DEPT,20-27993,Davidson,Goodlettsville,9/19/2020 12:33:00 PM,2,0,0,36.309470,-86.695660,VIETNAM VETERANS BLVD SB EXT R,,,,0.00,,,CONFERENCE DR,,,,0.00,Y,T-Intersection, ,Intersection,None,,,         ,Jeffery,Hunter,Clear,Front to Rear,no,no,no,no,no,False
102788962,METROPOLITAN NASHVILLE POLICE DEPT,20200601847,Davidson,Nashville,9/19/2020 11:45:00 AM,2,0,0,36.107840,-86.601480,ANDERSON RD,,,,5.00,Feet,South,COUCHVILLE PKE,,,,0.00,N,Not at Intersection,N,Non-Junction,None,,,         ,Ebony,Brown,Clear,Front to Rear,no,no,no,no,yes,False
102788991,METROPOLITAN NASHVILLE POLICE DEPT,20200601890,Davidson,Nashville,9/19/2020 12:41:00 PM,2,0,0,36.077460,-86.740600,HARDING PL,,,,160.00,Feet,West,BINKLEY DR,,,,0.00,N,Not at Intersection,N,Non-Junction,None,,,         ,Cynthia,Quirouette,,Front to Rear,no,no,no,no,no,False
102788993,METROPOLITAN NASHVILLE POLICE DEPT,20200601832,Davidson,Nashville,9/19/2020 11:40:00 AM,2,0,0,36.215400,-86.588510,TULIP GROVE RD,,,,0.00,,,LEBANON PKE,,,,0.00,Y,Four-Way, ,Intersection-Related,None,,,         ,William,Mckay,,Angle,no,no,no,no,no,False
102789006,METROPOLITAN NASHVILLE POLICE DEPT,20200601985,Davidson,Nashville,9/19/2020 2:05:00 PM,1,0,0,36.156030,-86.628630,I 40,,,,0.00,,,,,,,219.00,N,Not at Intersection,N,Non-Junction,None,,,         ,Reagan,Heath,Clear,Not Collision with Motor Vehicle in Transport,no,no,no,no,no,False
102789048,METROPOLITAN NASHVILLE POLICE DEPT,20200601969,Davidson,Nashville,9/19/2020 1:33:00 PM,2,0,0,36.195690,-86.732650,SCOTT AV,,,,17.00,Feet,South,CAHAL AV,,,,0.00,N,Not at Intersection,N,Non-Junction,None,,,         ,Michael,Agee,Clear,Angle,no,no,no,no,no,False
102789060,METROPOLITAN NASHVILLE POLICE DEPT,20200601916,Davidson,Nashville,9/19/2020 1:00:00 PM,2,0,0,36.203860,-86.689990,OPRY MILLS DR,,,,563.00,Feet,South,OPRYLAND DR,,,,0.00,N,Not at Intersection, ,OtherLocation,None,,,         ,Roger,Luther,Clear,"Sideswipe, Same Direction",no,no,no,yes,no,False
102789069,METROPOLITAN NASHVILLE POLICE DEPT,20200601975,Davidson,Nashville,9/19/2020 2:30:00 PM,3,0,0,36.168520,-86.766150,I 24,,,,0.00,,,,,,,48.80,N,Not at Intersection, ,Non-Junction,None,,,         ,Michael,Intrieri,Clear,Front to Rear,no,no,no,no,no,False
102789077,METROPOLITAN NASHVILLE POLICE DEPT,20200601993,Davidson,Nashville,9/19/2020 2:12:00 PM,2,1,0,36.183540,-86.865520,BRILEY PKWYS,,,,899.00,Feet,West,BRILEY PKWYN,,,,0.00,N,Not at Intersection,N,Non-Junction,None,,,         ,Douglas,Atwood,Clear,"Sideswipe, Same Direction",no,no,no,no,no,False
102789078,METROPOLITAN NASHVILLE POLICE DEPT,20200601646,Davidson,Nashville,9/19/2020 12:00:00 AM,1,0,0,36.197400,-86.687910,STATE HWY 155,,,,17.00,Feet,North,-- UNKNOWN RAMP/ROAD --,,,,0.00,N,Not at Intersection,N,Non-Junction,None,,,         ,Crockett,Bruce,Unknown,Unknown,no,no,no,no,yes,False
102789081,METROPOLITAN NASHVILLE POLICE DEPT,20200602047,Davidson,Nashville,9/19/2020 3:02:00 PM,1,1,0,36.144000,-86.691970,I 40,,,,0.00,,,,,,,215.20,N,Not at Intersection,N,Non-Junction,None,,,         ,Steven,Powers,,Not Collision with Motor Vehicle in Transport,no,no,no,no,no,False
102789083,METROPOLITAN NASHVILLE POLICE DEPT,20200602063,Davidson,Nashville,9/19/2020 2:10:00 PM,2,1,0,36.121950,-86.705010,MURFREESBORO PKE,,,,70.00,Feet,West,KERMIT DR,,,,0.00,N,Not at Intersection,N,Non-Junction,None,,,         ,Timothy,Ward,Clear,Front to Rear,no,no,no,yes,yes,False
102789087,METROPOLITAN NASHVILLE POLICE DEPT,20200602050,Davidson,Nashville,9/19/2020 3:00:00 PM,2,1,0,36.241960,-86.757080,DICKERSON PKE,,,,0.00,,,DICKERSON PKE ENT RAMP,,,,0.00,Y,Four-Way,N,Intersection,None,,,         ,Jonathan,Foote,Clear,Angle,no,no,no,no,no,False
102789098,METROPOLITAN NASHVILLE POLICE DEPT,20200602061,Davidson,Not in City Limit,9/19/2020 2:00:00 PM,2,0,0,36.159020,-86.569250,EARHART RD,,,,0.00,,,JOHN HAGAR RD,,,,0.00,Y,Four-Way, ,,None,,,         ,Zaire,Murray,,,no,no,no,no,no,False
102789099,VANDERBILT UNIVERSITY POLICE,20200598325,Davidson,Nashville,9/17/2020 6:05:00 PM,1,0,0,36.141990,-86.806450,25TH AVE S,,,,0.00,,,,,,,0.00,,,N,Non-Junction,None,,,         ,Christopher,Dion,Clear,Not Collision with Motor Vehicle in Transport,no,no,no,yes,no,Campus
102789101,METROPOLITAN NASHVILLE POLICE DEPT,20200602160,Davidson,Nashville,9/19/2020 4:11:00 PM,2,0,0,36.082180,-86.761930,HARDING PL,,,,74.00,Feet,West,SIDCO DR,,,,0.00,N,Not at Intersection, ,Non-Junction,None,,,         ,Edin,Plancic,,Front to Rear,no,no,no,no,no,False
102789105,METROPOLITAN NASHVILLE POLICE DEPT,20200602136,Davidson,Nashville,9/19/2020 3:55:00 PM,1,1,0,36.151670,-86.789500,DIVISION ST,,,,0.00,,,MUSIC CIR E,,,,0.00,Y,Four-Way,N,Intersection,None,,,         ,Zachary,Plese,Clear,Not Collision with Motor Vehicle in Transport,yes,no,no,no,no,False
102789107,METROPOLITAN NASHVILLE POLICE DEPT,20200602113,Davidson,Nashville,9/19/2020 3:00:00 PM,1,0,0,36.160420,-86.668500,WOODBERRY DR,,,,287.00,Feet,East,SENECA DR,,,,0.00,N,Not at Intersection,N,Non-Junction,None,,,         ,Melina,Tamborella,,Not Collision with Motor Vehicle in Transport,no,no,no,yes,yes,False
102789108,METROPOLITAN NASHVILLE POLICE DEPT,20200602156,Davidson,Nashville,9/19/2020 4:10:00 PM,2,0,0,36.215070,-86.594630,LEBANON PKE,,,,895.00,Feet,East,ANDREW JACKSON PKWY,,,,0.00,N,Not at Intersection,N,Non-Junction,None,,,         ,Heather,Fox,Clear,HeadOn,no,no,no,no,no,False
102789110,METROPOLITAN NASHVILLE POLICE DEPT,20200600794,Davidson,Nashville,9/18/2020 7:54:00 PM,2,0,0,36.051510,-86.775160,I 65,,,,0.00,,,,,,,74.65,N,Not at Intersection, ,Non-Junction,None,,,         ,Nicholas,Carroll,,"Sideswipe, Same Direction",no,no,no,no,no,False
102789114,METROPOLITAN NASHVILLE POLICE DEPT,20200602228,Davidson,Nashville,9/19/2020 4:15:00 PM,2,0,0,36.126380,-86.711680,EAST THOMPSON LN,,,,210.00,Feet,West,MURFREESBORO PKE,,,,0.00,N,Not at Intersection,N,Non-Junction,None,,,         ,Timothy,Ward,,Unknown,no,no,no,no,yes,False
102789115,METROPOLITAN NASHVILLE POLICE DEPT,20200602178,Davidson,Nashville,9/19/2020 4:00:00 PM,2,0,0,36.109700,-86.732160,SELENA DR,,,,0.00,Feet,South,THOMPSON LN,,,,0.00,N,Not at Intersection,N,Non-Junction,None,,,         ,John,Walden,Clear,Front to Rear,no,no,no,no,no,False
102789116,METROPOLITAN NASHVILLE POLICE DEPT,20200602231,Davidson,Nashville,9/19/2020 3:15:00 PM,2,0,0,36.192860,-86.623810,JUAREZ DR,,,,0.00,,,LEBANON PKE,,,,0.00,Y,Four-Way, ,,None,,,         ,Zaire,Murray,,,no,no,no,no,no,False
102789118,METROPOLITAN NASHVILLE POLICE DEPT,20200602070,Davidson,Nashville,9/19/2020 12:46:00 PM,2,0,0,36.098890,-86.871890,HEADY DR,,,,0.00,,,HIGHWAY 100,,,,0.00,Y,Four-Way, ,,None,,,         ,Lawrence,Whited,,,no,no,no,no,no,False
102789162,METROPOLITAN NASHVILLE POLICE DEPT,20200602295,Davidson,Nashville,9/19/2020 5:20:00 PM,3,0,0,36.203660,-86.776540,I65 N EXT RAMP,,,,0.00,Feet,East,I 65,,,,0.00,N,Not at Intersection, ,Non-Junction,None,,,         ,Wayne,Helm,Clear,"Sideswipe, Same Direction",no,no,no,no,yes,False
102789165,METROPOLITAN NASHVILLE POLICE DEPT,20200602197,Davidson,Nashville,9/19/2020 4:35:00 PM,2,0,0,36.085600,-86.701800,-- UNKNOWN RAMP/ROAD --,,,,0.00,Feet,East,I 24,,,,0.00,N,Not at Intersection, ,Non-Junction,None,,,         ,Austin,Binner,,Front to Rear,no,no,no,no,no,False