master_record_number,agency,agency_tracking_number,county,city,collision_date,vehicles_involved,number_injured,number_dead,latitude,longitude,roadway_name,roadway_suffix,roadway_number,roadway_local_id,distance_from_reference,miles-feet_indicator,direction_from_reference,intersection_road_name,intersection_road_name_suffix,intersection_road_number,intersection_local_id,mile_marker,intersection_indicator,intersect_type,interchange_related_indicator,relation_to_junction,work_zone_type,construction_maintenance_zone,construction_maintenance_zone_location,fatal_case_number,officer_first_name,officer_last_name,weather_condition(s),manner_of_crash,pedestrian,bicycle,scooter,parking,hitrun,mou
102790087,METROPOLITAN NASHVILLE POLICE DEPT,20200604308,Davidson,Nashville,9/20/2020 8:14:00 PM,2,0,0,36.079490,-86.644600,EDGE O LAKE DR,,,,0.00,,,MURFREESBORO PKE,,,,0.00,Y,Four-Way,Y,Intersection,None,,,         ,Jarrett,Ipox,Clear,Angle,no,no,no,no,yes,False
102790153,METROPOLITAN NASHVILLE POLICE DEPT,20200604274,Davidson,Nashville,9/20/2020 7:20:00 PM,2,1,0,36.130390,-86.801960,21ST AVS,,,,0.00,,,BLAIR BLVD,,,,0.00,Y,Four-Way,N,Intersection-Related,None,,,         ,Lynsey,Fish,Clear,Front to Rear,no,no,no,no,no,False
102790161,METROPOLITAN NASHVILLE POLICE DEPT,20200604323,Davidson,Nashville,9/20/2020 7:30:00 PM,2,0,0,36.218500,-86.837030,CLARKSVILLE PKE,,,,0.00,,,KINGS LN,,,,0.00,Y,Four-Way,Y,Intersection,None,,,         ,Chase,Harriman,Clear,"Sideswipe, Same Direction",no,no,no,no,yes,False
102790163,METROPOLITAN NASHVILLE POLICE DEPT,20200604395,Davidson,Nashville,9/20/2020 7:20:00 PM,1,1,0,36.226620,-86.603150,SHUTE LN,,,,113.00,Feet,North,SAUNDERSVILLE RD,,,,0.00,N,Not at Intersection,N,Non-Junction,None,,,         ,Jeffrey,Mullins,,Not Collision with Motor Vehicle in Transport,no,no,no,no,no,False
102790167,METROPOLITAN NASHVILLE POLICE DEPT,20200604189,Davidson,Nashville,9/20/2020 6:41:00 PM,1,0,0,36.125870,-86.709940,US HWY 41,,,,94.00,Feet,North,BOWWOOD CT,,,,0.00,N,Not at Intersection, ,Non-Junction,None,,,         ,Phillip,Burke,Clear,Not Collision with Motor Vehicle in Transport,no,no,no,no,no,False
102790181,METROPOLITAN NASHVILLE POLICE DEPT,20200604329,Davidson,Nashville,9/20/2020 8:48:00 PM,1,0,0,36.206620,-86.777900,W TRINITY LN,,,,0.00,,,BRICK CHURCH PKE,,,,0.00,Y,Four-Way,N,Intersection-Related,None,,,         ,Gabriel,Centeno,Clear,Not Collision with Motor Vehicle in Transport,no,no,no,no,yes,False
102790203,METROPOLITAN NASHVILLE POLICE DEPT,20200604405,Davidson,Nashville,9/20/2020 9:48:00 PM,2,0,0,36.171970,-86.768650,I 24,,,,0.00,,,,,,,48.30,N,Not at Intersection, ,Non-Junction,None,,,         ,Alexander,Hartle,Clear,"Sideswipe, Same Direction",no,no,no,no,yes,False
102790224,METROPOLITAN NASHVILLE POLICE DEPT,20200604334,Davidson,Nashville,9/20/2020 8:41:00 PM,2,0,0,36.209230,-86.752860,OAKWOOD AV,,,,261.00,Feet,South,PAULAWOOD DR,,,,0.00,N,Not at Intersection,N,Non-Junction,None,,,         ,Matthew,Jankiewicz,,"Sideswipe, Same Direction",no,no,no,yes,yes,False
102790227,METROPOLITAN NASHVILLE POLICE DEPT,20200604492,Davidson,Nashville,9/20/2020 12:00:00 AM,2,0,0,36.069860,-86.693880,EZELL RD,,,,97.00,Feet,North,HAYWOOD LN,,,,0.00,N,Not at Intersection,N,Non-Junction,None,,,         ,Antoine,Maghamez,Clear,Front to Rear,no,no,no,no,yes,False
102790240,METROPOLITAN NASHVILLE POLICE DEPT,20200604541,Davidson,Nashville,9/20/2020 11:20:00 PM,1,0,0,36.082460,-86.727200,NOLENSVILLE PKE,,,,58.00,Feet,South,WELSHWOOD DR,,,,0.00,N,Not at Intersection,N,Non-Junction,None,,,         ,Ricardo,Cruz,Clear,Not Collision with Motor Vehicle in Transport,no,no,no,no,no,False
102790253,METROPOLITAN NASHVILLE POLICE DEPT,20200604466,Davidson,Not in City Limit,9/20/2020 10:00:00 PM,2,0,0,36.268940,-86.718510,WILLIAMS VALLEY CT,,,,12.00,Feet,East,WILLIAMS VALLEY DR,,,,0.00,N,Not at Intersection,N,Non-Junction,None,,,         ,Nelson,Hemingway,,Angle,no,no,no,no,yes,False
102790257,METROPOLITAN NASHVILLE POLICE DEPT,20200604554,Davidson,Nashville,9/20/2020 9:03:00 PM,2,0,0,36.043520,-86.630900,OLD FRANKLIN RD,,,,0.00,,,MT VIEW RD,,,,0.00,Y,T-Intersection,N,Intersection,None,,,         ,Darrin,Hardin,Clear,Angle,no,no,no,no,yes,False
102790277,METROPOLITAN NASHVILLE POLICE DEPT,20200604601,Davidson,Nashville,9/20/2020 10:01:00 PM,2,0,0,36.084120,-86.708910,EISENHOWER DR,,,,230.00,Feet,East,LEXINGTON DR,,,,0.00,N,Not at Intersection, ,Non-Junction,None,,,         ,Jose,Oliveros,,Angle,no,no,no,no,yes,False
102790313,METROPOLITAN NASHVILLE POLICE DEPT,20200604501,Davidson,Nashville,9/20/2020 10:23:00 PM,1,0,0,36.156230,-86.825810,I 40,,,,0.00,,,,,,,205.75,N,Not at Intersection, ,,None,,,         ,Flynn,Ireland,,,no,no,no,no,no,False
102790346,METROPOLITAN NASHVILLE POLICE DEPT,20200605021,Davidson,Nashville,9/21/2020 5:58:00 AM,2,0,0,36.132590,-86.719610,MURFREESBORO PKE,,,,99.00,Feet,West,WILHAGAN RD,,,,0.00,N,Not at Intersection, ,Non-Junction,None,,,         ,Corey,Ethridge,,"Sideswipe, Same Direction",no,no,no,no,no,False
102790349,METROPOLITAN NASHVILLE POLICE DEPT,20200605051,Davidson,Nashville,9/21/2020 6:19:00 AM,2,0,0,36.110510,-86.723330,-- UNKNOWN RAMP/ROAD --,,,,0.00,Feet,East,I 24,,,,0.00,N,Not at Intersection, ,,None,,,         ,Robert,Leverick,,,no,no,no,no,no,False
102790354,Metro Park Police,20200600062,Davidson,Nashville,9/18/2020 1:37:00 PM,2,1,0,36.148870,-86.769290,US HWY 31 ALT,,,,0.00,,,OAK ST,,,,0.00,Y,OTHER,N,Unknown,None,,,         ,Bryan,Crutchfield,Clear,Other,no,no,no,no,no,False
102790358,METROPOLITAN NASHVILLE POLICE DEPT,20200605076,Davidson,Nashville,9/21/2020 12:00:00 AM,2,0,0,36.219460,-86.845740,PHIPPS DR,,,,0.00,,,,,,,0.00,,,N,Non-Junction,None,,,         ,Wesley,Young,Unknown,Angle,no,no,no,yes,yes,False
102790361,METROPOLITAN NASHVILLE POLICE DEPT,20200605045,Davidson,Nashville,9/21/2020 6:12:00 AM,2,2,0,36.253530,-86.716560,GALLATIN PKES,,,,134.00,Feet,North,MADISON SQ,,,,0.00,N,Not at Intersection,N,Non-Junction,None,,,         ,Chad,Mahoney,Clear,Angle,no,no,no,no,yes,False
102790378,METROPOLITAN NASHVILLE POLICE DEPT,20200605091,Davidson,Antioch,9/21/2020 7:25:00 AM,1,0,0,36.066900,-86.599750,MT VIEW RD,,,,0.00,,,TRU LONG DR,,,,0.00,Y,T-Intersection, ,,None,,,         ,Lucas,Thomas,,,no,no,no,no,no,False
102790385,METROPOLITAN NASHVILLE POLICE DEPT,20200605085,Davidson,Nashville,9/21/2020 5:50:00 AM,2,0,0,36.126490,-86.738370,PARK SOUTH CT,,,,661.00,Feet,West,LYLE LN,,,,0.00,N,Not at Intersection, ,Non-Junction,None,,,         ,William,Burnett,Clear,"Sideswipe, Opposite Direction",no,no,no,yes,yes,False
102790389,METROPOLITAN NASHVILLE POLICE DEPT,20200604959,Davidson,Nashville,9/21/2020 4:45:00 AM,2,3,0,36.044930,-86.696150,BELL RD,,,,667.00,Feet,West,BENZING RD,,,,0.00,N,Not at Intersection,N,Non-Junction,None,,,         ,Darrin,Hardin,Clear,"Sideswipe, Opposite Direction",no,no,no,no,yes,False
102790412,METROPOLITAN NASHVILLE POLICE DEPT,20200605113,Davidson,Nashville,9/21/2020 7:04:00 AM,2,2,0,36.248230,-86.723590,DUE WEST AVE W,,,,0.00,,,GIBSON DR,,,,0.00,Y,T-Intersection,N,Intersection,None,,,         ,Ruben,Mariano,Clear,Angle,no,no,no,no,no,False
102790414,METROPOLITAN NASHVILLE POLICE DEPT,20200605184,Davidson,Nashville,9/21/2020 7:45:00 AM,2,0,0,36.074480,-86.638650,MURFREESBORO PKE,,,,0.00,Feet,,RURAL HILL RD,,,,0.00,Y,Four-Way, ,Intersection,None,,,         ,Jason,Hees,,Front to Rear,no,no,no,no,no,False
102790417,METROPOLITAN NASHVILLE POLICE DEPT,20200605182,Davidson,Nashville,9/21/2020 7:49:00 AM,3,0,0,36.151160,-86.750620,I 40,,,,0.00,,,,,,,211.55,N,Not at Intersection,N,Non-Junction,None,,,         ,Mario,Diaz,Clear,Front to Rear,no,no,no,no,no,False
102790428,METROPOLITAN NASHVILLE POLICE DEPT,20200605158,Davidson,Nashville,9/21/2020 7:38:00 AM,2,0,0,36.153820,-86.757940,I 40,,,,0.00,,,,,,,211.10,N,Not at Intersection,N,Non-Junction,None,,,         ,Michael,Brooks,Clear,"Sideswipe, Same Direction",no,no,no,no,yes,False
102790429,METROPOLITAN NASHVILLE POLICE DEPT,20200605192,Davidson,Nashville,9/21/2020 8:00:00 AM,2,0,0,36.178350,-86.763650,ELLINGTON PKWYS,,,,108.00,Feet,North,SPRING ST ENT RAMP,,,,0.00,N,Not at Intersection, ,,None,,,         ,Russell,Freeman,,,no,no,no,no,no,False
102790432,METROPOLITAN NASHVILLE POLICE DEPT,20200603791,Davidson,Nashville,9/20/2020 2:19:00 PM,2,2,0,36.044770,-86.661530,CANE RIDGE RD,,,,0.00,,,BELL RD,,,,0.00,Y,Four-Way,N,Intersection-Related,None,,,         ,Michael,Moss,,Angle,no,no,no,no,no,False
102790442,METROPOLITAN NASHVILLE POLICE DEPT,20200605206,Davidson,Nashville,9/21/2020 8:15:00 AM,2,0,0,36.172840,-86.765340,JAMES ROBERTSON PKWY,,,,0.00,,,SPRING ST,,,,0.00,Y,Four-Way, ,Intersection-Related,None,,,         ,Russell,Freeman,Clear,"Sideswipe, Same Direction",no,no,no,no,no,False
102790471,METROPOLITAN NASHVILLE POLICE DEPT,20200605449,Davidson,Nashville,9/21/2020 10:48:00 AM,2,0,0,36.184020,-86.610420,ANDREW JACKSON PKWY,,,,152.00,Feet,North,OLD HICKORY BLVD,,,,0.00,N,Not at Intersection, ,,None,,,         ,Michael,Brooks,,,no,no,no,no,no,False
102790485,METROPOLITAN NASHVILLE POLICE DEPT,20200605193,Davidson,Nashville,9/21/2020 7:53:00 AM,1,0,0,36.051020,-86.624820,MT VIEW RD,,,,0.00,,,,,,,0.00,,,N,Non-Junction,None,,,         ,Michael,Moss,,Not Collision with Motor Vehicle in Transport,no,no,no,no,no,False
102790505,METROPOLITAN NASHVILLE POLICE DEPT,20200605296,Davidson,Nashville,9/21/2020 12:00:00 AM,1,0,0,36.166630,-86.764780,SHELBY AV,,,,16.00,Feet,South,I24 W ENT RAMP,,,,0.00,N,Not at Intersection,Y,Entrance/Exit Ramp Related,None,,,         ,Matthew,Hogan,Clear,Not Collision with Motor Vehicle in Transport,no,no,no,no,yes,False
102790509,METROPOLITAN NASHVILLE POLICE DEPT,20200605414,Davidson,Nashville,9/21/2020 10:31:00 AM,2,1,0,36.173820,-86.602630,CENTRAL PKE,,,,164.00,Feet,West,OLD HICKORY BLVD,,,,0.00,N,Not at Intersection,N,Non-Junction,None,,,         ,Joshua,Hausman,Clear,"Sideswipe, Opposite Direction",no,no,no,no,no,False
102790520,METROPOLITAN NASHVILLE POLICE DEPT,20200605527,Davidson,Nashville,9/21/2020 11:28:00 AM,2,0,0,36.142500,-86.721780,SPENCE LN,,,,496.00,Feet,North,I40 W EXT RAMP,,,,0.00,N,Not at Intersection, ,Non-Junction,None,,,         ,Michael,Brooks,,Front to Rear,no,no,no,no,no,False
102790533,METROPOLITAN NASHVILLE POLICE DEPT,20200605151,Davidson,Nashville,9/21/2020 7:26:00 AM,3,0,0,36.196030,-86.776120,I 65,,,,0.00,,,,,,,86.60,N,Not at Intersection, ,Non-Junction,None,,,         ,Jedidayah,Merriweather,,Front to Rear,no,no,no,no,no,False
102790537,METROPOLITAN NASHVILLE POLICE DEPT,20200605598,Davidson,Nashville,9/21/2020 7:00:00 AM,2,0,0,36.065640,-86.686880,VILLAS OF BAVARIA PVTDR,,,,379.00,Feet,West,APACHE TRL,,,,0.00,N,Not at Intersection,N,Non-Junction,None,,,         ,Stanley,Collins,,Unknown,no,no,no,yes,yes,False
102790548,METROPOLITAN NASHVILLE POLICE DEPT,20200605582,Davidson,Nashville,9/21/2020 12:09:00 PM,2,0,0,36.134010,-86.758950,CRAIGHEAD ST,,,,0.00,,,NOLENSVILLE PKE,,,,0.00,Y,T-Intersection, ,Intersection,None,,,         ,Earl,Davis,,Front to Rear,no,no,no,no,no,False
102790566,Nashville Airport Police,20-02501,Davidson,Nashville,9/21/2020 9:10:00 AM,1,0,0,36.125290,-86.665260,DONELSON PKE,,,,1404.00,Feet,South,DONELSON PKE S ENT RAMP,,,,0.00,N,Not at Intersection,N,Non-Junction,None,,,         ,Jackson,Sircy,Clear,Not Collision with Motor Vehicle in Transport,no,no,no,no,no,False
102790567,METROPOLITAN NASHVILLE POLICE DEPT,20200605494,Davidson,Nashville,9/21/2020 11:20:00 AM,2,1,0,36.235800,-86.831210,US HWY 41 ALT,,,,0.00,,,ECHO LN,,,,0.00,Y,T-Intersection,N,Intersection,None,,,         ,Wesley,Young,Clear,Angle,no,no,no,no,no,False
102790570,METROPOLITAN NASHVILLE POLICE DEPT,20200605341,Davidson,Nashville,9/21/2020 9:40:00 AM,2,0,0,36.160600,-86.783200,ROSA L PARKS BLVD,,,,144.00,Feet,North,COMMERCE ST,,,,0.00,N,Not at Intersection,N,"Driveway, Alley Access, etc",None,,,         ,Wesley,Henderson,Clear,Angle,no,no,no,no,no,False
102790598,METROPOLITAN NASHVILLE POLICE DEPT,2020605570,Davidson,Nashville,9/21/2020 12:00:00 PM,2,1,0,36.236590,-86.813630,GREENS LN,,,,972.00,Feet,East,US HWY 431,,,,0.00,N,Not at Intersection,N,Non-Junction,None,,,         ,Wesley,Young,Clear,HeadOn,no,no,no,no,no,False
102790609,METROPOLITAN NASHVILLE POLICE DEPT,20200605611,Davidson,Nashville,9/21/2020 12:30:00 PM,2,0,0,36.070030,-86.698800,HAYWOOD LN,,,,0.00,,,EAST RIDGE DR,,,,0.00,Y,Four-Way,N,Intersection,None,,,         ,Jason,Hees,Clear,Angle,no,no,no,no,no,False
102790626,METROPOLITAN NASHVILLE POLICE DEPT,2020065622,Davidson,Nashville,9/21/2020 12:35:00 PM,2,0,0,36.152790,-86.773370,5TH AVS,,,,0.00,,,ELM ST,,,,0.00,Y,Four-Way, ,Intersection,None,,,         ,Jessica,Johnson,Clear,Other,no,no,no,no,no,False
102790627,METROPOLITAN NASHVILLE POLICE DEPT,2020605636,Davidson,Nashville,9/21/2020 12:34:00 PM,2,0,0,36.171610,-86.764630,S 5TH ST,,,,90.00,Feet,South,WOODLAND ST,,,,0.00,N,Not at Intersection, ,Non-Junction,None,,,         ,Russell,Freeman,Clear,Front to Rear,no,no,no,no,no,False
102790628,THP District 3 - Nashville,320053603,Davidson,Not in City Limit,9/13/2020 12:00:00 AM,2,0,0,36.022750,-86.710510,LENOX VILLAGE PVTDR,,,,173.00,Feet,South,PERSIA WAY,,,,0.00,N,Not at Intersection, ,Non-Junction,None,,,         ,Jennifer,Hicks,Unknown,Unknown,no,no,no,yes,yes,False
102790631,METROPOLITAN NASHVILLE POLICE DEPT,20200605712,Davidson,Nashville,9/21/2020 1:10:00 PM,2,0,0,36.150340,-86.857910,WHITE BRIDGE PKE,,,,70.00,Feet,North,CHARLOTTE PKE,,,,0.00,N,Not at Intersection, ,Non-Junction,None,,,         ,Douglas,Atwood,Clear,Front to Rear,no,no,no,no,no,False
102790637,METROPOLITAN NASHVILLE POLICE DEPT,20200605676,Davidson,Nashville,9/21/2020 1:09:00 PM,2,2,0,36.044790,-86.724870,OLD HICKORY BLVD,,,,0.00,,,AMALIE DR,,,,0.00,Y,T-Intersection,N,Intersection,None,,,         ,Earl,Davis,,HeadOn,no,no,no,no,no,False
102790644,METROPOLITAN NASHVILLE POLICE DEPT,20200605717,Davidson,Nashville,9/21/2020 1:00:00 PM,2,0,0,36.153170,-86.843530,47TH AVN,,,,27.00,Feet,South,ALABAMA AV,,,,0.00,N,Not at Intersection, ,Non-Junction,None,,,         ,George,Spencer,Clear,Other,no,no,no,no,no,False
102790651,METROPOLITAN NASHVILLE POLICE DEPT,20200605732,Davidson,Nashville,9/21/2020 1:00:00 PM,2,0,0,36.081520,-86.726930,NOLENSVILLE PKE,,,,409.00,Feet,South,WELSHWOOD DR,,,,0.00,N,Not at Intersection,N,Non-Junction,None,,,         ,Alquavious,McDaniel,,Angle,no,no,no,no,no,False
102790673,METROPOLITAN NASHVILLE POLICE DEPT,20200605651,Davidson,Nashville,9/21/2020 12:58:00 PM,2,0,0,36.074820,-86.693300,I 24,,,,0.00,,,,,,,56.60,N,Not at Intersection, ,,None,,,         ,Theodore,Flick,,,no,no,no,no,no,False
102790676,METROPOLITAN NASHVILLE POLICE DEPT,20200597995,Davidson,Nashville,9/17/2020 4:10:00 PM,2,0,0,36.141020,-86.817260,WEST END AV,,,,74.00,Feet,North,ACKLEN PARK DR,,,,0.00,N,Not at Intersection,N,Non-Junction,None,,,         ,Jacob,Robbins,,Front to Rear,no,no,no,no,no,False
102790682,METROPOLITAN NASHVILLE POLICE DEPT,20200605295,Davidson,Nashville,9/21/2020 9:09:00 AM,1,1,0,36.076310,-86.643430,DOVER GLEN DR,,,,0.00,,,DOVER GLEN PVTDR,,,,0.00,Y,OTHER,N,Non-Junction,None,,,         ,Alex,Moore,Clear,Not Collision with Motor Vehicle in Transport,no,no,no,yes,no,False
102790683,METROPOLITAN NASHVILLE POLICE DEPT,20200605334,Davidson,Nashville,9/21/2020 8:26:00 AM,2,1,0,36.059070,-86.716220,NOLENSVILLE PKE,,,,0.00,,,TUSCULUM RD,,,,0.00,Y,Four-Way,N,Intersection,None,,,         ,Alex,Moore,Clear,Angle,no,no,no,no,yes,False
102790694,METROPOLITAN NASHVILLE POLICE DEPT,20200605824,Davidson,Nashville,9/21/2020 2:46:00 PM,2,0,0,36.089770,-86.688750,HARDING INDUSTRIAL DR,,,,93.00,Feet,North,HARDING PL,,,,0.00,N,Not at Intersection, ,Non-Junction,None,,,         ,Edward,Starke,,Other,no,no,no,no,no,False
102790701,METROPOLITAN NASHVILLE POLICE DEPT,20200605841,Davidson,Antioch,9/21/2020 2:25:00 PM,2,0,0,36.059400,-86.599650,HAMILTON CHURCH RD,,,,641.00,Feet,West,HOBSON PKE,,,,0.00,N,Not at Intersection,N,Non-Junction,None,,,         ,Nadine,Klemenz,Clear,Angle,no,no,no,no,yes,False
102790708,METROPOLITAN NASHVILLE POLICE DEPT,20200605777,Davidson,Nashville,9/21/2020 2:11:00 PM,2,0,0,36.151800,-86.771250,4TH AVS,,,,0.00,,,LAFAYETTE ST,,,,0.00,Y,Four-Way,N,Intersection,None,,,         ,Joshua,Reece,Clear,Angle,no,no,no,no,no,False
102790734,METROPOLITAN NASHVILLE POLICE DEPT,2020605702,Davidson,Nashville,9/21/2020 1:25:00 PM,2,0,0,36.161300,-86.784520,9TH AVN,,,,0.00,,,CHURCH ST,,,,0.00,Y,Four-Way,N,Intersection,None,,,         ,Jacob,Masteller,Clear,Angle,no,no,no,no,no,False
102790742,METROPOLITAN NASHVILLE POLICE DEPT,20200605941,Davidson,Not in City Limit,9/21/2020 3:48:00 PM,3,0,0,36.308610,-86.681540,RIVERCHASE BLVD,,,,0.00,,,GALLATIN PKEN,,,,0.00,Y,Four-Way,N,Intersection,None,,,         ,Christopher,Littles,,Front to Rear,no,no,no,no,no,False
102790753,METROPOLITAN NASHVILLE POLICE DEPT,20200605928,Davidson,Nashville,9/21/2020 3:44:00 PM,2,1,0,36.168010,-86.664500,LEBANON PKE,,,,144.00,Feet,West,OLD LEBANON PKE,,,,0.00,N,Not at Intersection,N,Non-Junction,None,,,         ,Jason,Milyaro Lucas,,Angle,no,no,no,no,no,False
102790754,METROPOLITAN NASHVILLE POLICE DEPT,20200605931,Davidson,Nashville,9/21/2020 3:44:00 PM,2,0,0,36.050100,-86.649100,BELL RD,,,,126.00,Feet,East,MT VIEW RD,,,,0.00,N,Not at Intersection,N,Non-Junction,None,,,         ,Edward,Starke,,"Sideswipe, Same Direction",no,no,no,no,yes,False
102790755,METROPOLITAN NASHVILLE POLICE DEPT,20200605971,Davidson,Nashville,9/21/2020 2:33:00 PM,2,0,0,36.160470,-86.778440,5TH AVS,,,,0.00,,,BROADWAY,,,,0.00,Y,Four-Way, ,Intersection,None,,,         ,Erik,Wagner,Clear,Angle,no,no,no,no,no,False
102790761,METROPOLITAN NASHVILLE POLICE DEPT,20200605920,Davidson,Nashville,9/21/2020 3:39:00 PM,2,0,0,36.167450,-86.662620,LEBANON PKE,,,,137.00,Feet,West,EDDINGS LN,,,,0.00,N,Not at Intersection, ,Non-Junction,None,,,         ,Joseph,Simon,,Front to Rear,no,no,no,no,no,False
102790765,METROPOLITAN NASHVILLE POLICE DEPT,20200605988,Davidson,Nashville,9/21/2020 3:27:00 PM,2,0,0,36.130930,-86.755860,NOLENSVILLE PKE,,,,0.00,,,WOODYCREST AV,,,,0.00,Y,OTHER,Y,Intersection,None,,,         ,Douglas,Sykes,,Front to Rear,no,no,no,no,no,False
102790766,METROPOLITAN NASHVILLE POLICE DEPT,20200606016,Davidson,Nashville,9/21/2020 3:57:00 PM,2,0,0,36.117250,-86.797460,BELMONT BLVD,,,,107.00,Feet,North,GALE LN,,,,0.00,N,Not at Intersection, ,Non-Junction,None,,,         ,Zachary,Plese,Clear,Angle,no,no,no,no,no,False
102790776,METROPOLITAN NASHVILLE POLICE DEPT,20200606044,Davidson,Nashville,9/21/2020 4:45:00 PM,2,1,0,36.196430,-86.771870,DICKERSON PKE,,,,0.00,,,LUCILE ST,,,,0.00,Y,T-Intersection,Y,Intersection-Related,None,,,         ,Sarah,Cartwright,Clear,Angle,no,no,no,no,no,False
102790779,METROPOLITAN NASHVILLE POLICE DEPT,20200606061,Davidson,Not in City Limit,9/21/2020 4:57:00 PM,2,0,0,36.264180,-86.735380,I65 N EXT RAMP,,,,0.00,,,OLD HICKORY BLVDW,,,,0.00,Y,T-Intersection,N,Entrance/Exit Ramp Related,None,,,         ,Christopher,Littles,,Front to Rear,no,no,no,no,no,False
102790793,METROPOLITAN NASHVILLE POLICE DEPT,20200605984,Davidson,Nashville,9/21/2020 3:50:00 PM,3,0,0,36.154260,-86.758060,I 40,,,,0.00,,,,,,,211.10,N,Not at Intersection,N,Non-Junction,None,,,         ,Derek,Sibley,Clear,Front to Rear,no,no,no,no,yes,False
102790801,METROPOLITAN NASHVILLE POLICE DEPT,20200606085,Davidson,Nashville,9/21/2020 4:57:00 PM,2,0,0,36.158890,-86.782110,BROADWAY,,,,0.00,,,8TH AVS,,,,0.00,Y,Four-Way, ,Intersection,None,,,         ,Trevor,Taylor,Clear,Front to Rear,no,no,no,no,no,False
102790818,METROPOLITAN NASHVILLE POLICE DEPT,20200606078,Davidson,Nashville,9/21/2020 5:03:00 PM,2,1,0,36.047840,-86.612050,MURFREESBORO PKE,,,,1284.00,Feet,North,MOUNTAIN SPRINGS RD,,,,0.00,N,Not at Intersection,N,Non-Junction,None,,,         ,Edward,Starke,,Angle,no,no,no,no,no,False
102790821,METROPOLITAN NASHVILLE POLICE DEPT,20200605872,Davidson,Nashville,9/21/2020 2:59:00 PM,1,0,0,36.220930,-86.756510,HART LN,,,,51.00,Feet,West,HART CT,,,,0.00,N,Not at Intersection,N,Non-Junction,None,,,         ,Tyler,Heckaman,Clear,Not Collision with Motor Vehicle in Transport,no,no,no,no,no,False
102790823,METROPOLITAN NASHVILLE POLICE DEPT,20200606190,Davidson,Nashville,9/21/2020 6:11:00 PM,2,0,0,36.241970,-86.757260,BRILEY PKWY W ENT RAMP,,,,0.00,,,DICKERSON PKE ENT RAMP,,,,0.00,Y,T-Intersection,N,Intersection,None,,,         ,Christopher,Littles,,Angle,no,no,no,no,no,False
102790824,METROPOLITAN NASHVILLE POLICE DEPT,20200606129,Davidson,Nashville,9/21/2020 5:34:00 PM,2,0,0,36.141540,-86.781150,HILLSIDE AV,,,,147.00,Feet,South,EDGEHILL AV,,,,0.00,N,Not at Intersection,N,Non-Junction,None,,,         ,Douglas,Sykes,,Front to Rear,no,no,no,no,yes,False
102790833,VANDERBILT UNIVERSITY POLICE,20200605960,Davidson,Nashville,9/21/2020 3:34:00 PM,2,0,0,36.139770,-86.799540,SOUTH DR,,,,288.00,Feet,East,VILLAGE AT VANDERBILT,,,,0.00,N,Not at Intersection, ,,None,,,         ,Robert,Gibson,,,no,no,no,yes,no,Campus
102790835,METROPOLITAN NASHVILLE POLICE DEPT,20200605968,Davidson,Nashville,9/21/2020 4:00:00 PM,1,1,0,36.243330,-86.640590,PARK CIR,,,,93.00,Feet,West,BECKER AV,,,,0.00,N,Not at Intersection,N,Non-Junction,None,,,         ,Esther,Poysti,Clear,Not Collision with Motor Vehicle in Transport,yes,no,no,no,no,False
102790849,METROPOLITAN NASHVILLE POLICE DEPT,20200606233,Davidson,Nashville,9/21/2020 6:37:00 PM,1,0,0,36.151300,-86.758030,LEWIS ST,,,,166.00,Feet,South,FAIN ST,,,,0.00,N,Not at Intersection,N,Non-Junction,None,,,         ,Derek,Sibley,Clear,Not Collision with Motor Vehicle in Transport,no,no,no,no,no,False
102790863,METROPOLITAN NASHVILLE POLICE DEPT,20200606220,Davidson,Nashville,9/21/2020 6:30:00 PM,2,0,0,36.206080,-86.771100,W TRINITY LN,,,,0.00,,,LUCAS LN,,,,0.00,Y,T-Intersection, ,,None,,,         ,Sarah,Cartwright,,,no,no,no,no,no,False
102790868,METROPOLITAN NASHVILLE POLICE DEPT,20200606138,Davidson,Nashville,9/21/2020 5:10:00 PM,2,0,0,36.193660,-86.831220,CLARKSVILLE PKE,,,,0.00,,,BUENA VISTA PKE,,,,0.00,Y,Four-Way,Y,Intersection,None,,,         ,Chase,Harriman,,Front to Rear,no,no,no,no,yes,False
102790870,METROPOLITAN NASHVILLE POLICE DEPT,20200606315,Davidson,Nashville,9/21/2020 7:16:00 PM,2,2,0,36.035220,-86.676000,W OAK HIGHLAND DR,,,,0.00,,,BLUE HOLE RD,,,,0.00,Y,Four-Way,N,Intersection-Related,None,,,         ,Edward,Starke,,Angle,no,no,no,no,no,False
102790873,METROPOLITAN NASHVILLE POLICE DEPT,20200606337,Davidson,Nashville,9/21/2020 7:29:00 PM,2,1,0,36.185300,-86.636500,JACKSON DOWNS BLVD,,,,0.00,,,LEBANON PKE,,,,0.00,Y,T-Intersection,N,Intersection,None,,,         ,Carey,Steel,Unknown,Front to Rear,no,no,no,no,yes,False
102790875,METROPOLITAN NASHVILLE POLICE DEPT,20200606306,Davidson,Nashville,9/21/2020 7:00:00 PM,2,0,0,36.167250,-86.763130,SHELBY AV,,,,198.00,Feet,East,S 4TH ST,,,,0.00,N,Not at Intersection,N,Non-Junction,None,,,         ,Donovan,Coble,Clear,Front to Rear,no,no,no,no,yes,False
102790876,METROPOLITAN NASHVILLE POLICE DEPT,20200606316,Davidson,Nashville,9/21/2020 6:17:00 PM,2,0,0,36.037970,-86.784300,OLD HICKORY BLVD,,,,310.00,Feet,West,I65 S EXT RAMP,,,,0.00,N,Not at Intersection, ,,None,,,         ,Roy,McElwee,,,no,no,no,no,no,False