master_record_number,agency,agency_tracking_number,county,city,collision_date,vehicles_involved,number_injured,number_dead,latitude,longitude,roadway_name,roadway_suffix,roadway_number,roadway_local_id,distance_from_reference,miles-feet_indicator,direction_from_reference,intersection_road_name,intersection_road_name_suffix,intersection_road_number,intersection_local_id,mile_marker,intersection_indicator,intersect_type,interchange_related_indicator,relation_to_junction,work_zone_type,construction_maintenance_zone,construction_maintenance_zone_location,fatal_case_number,officer_first_name,officer_last_name,weather_condition(s),manner_of_crash,pedestrian,bicycle,scooter,parking,hitrun,mou
102791758,METROPOLITAN NASHVILLE POLICE DEPT,20200608351,Davidson,Nashville,9/22/2020 6:18:00 PM,2,0,0,36.081400,-86.747520,LYNN DR,,,,114.00,Feet,West,BINKLEY DR,,,,0.00,N,Not at Intersection,N,Non-Junction,None,,,         ,Douglas,Sykes,,Front to Rear,no,no,no,no,yes,False
102791770,METROPOLITAN NASHVILLE POLICE DEPT,20200608554,Davidson,Nashville,9/22/2020 12:00:00 AM,1,0,0,36.154540,-86.778890,LAFAYETTE ST,,,,88.00,Feet,East,8TH AVS,,,,0.00,N,Not at Intersection,N,Non-Junction,None,,,         ,Trevor,Taylor,Clear,Not Collision with Motor Vehicle in Transport,no,no,no,no,no,False
102791786,METROPOLITAN NASHVILLE POLICE DEPT,20200608048,Davidson,Nashville,9/22/2020 4:00:00 PM,1,0,0,36.070000,-86.721620,NOLENSVILLE PKE,,,,167.00,Feet,East,COTTON LN,,,,0.00,N,Not at Intersection, ,Non-Junction,None,,,         ,Savannah,Starbuck,Clear,Not Collision with Motor Vehicle in Transport,no,no,no,no,no,False
102791794,METROPOLITAN NASHVILLE POLICE DEPT,20200608506,Davidson,Nashville,9/22/2020 8:12:00 PM,2,3,0,36.193100,-86.830310,CLARKSVILLE PKE,,,,334.00,Feet,East,BUENA VISTA PKE,,,,0.00,N,Not at Intersection,N,Non-Junction,None,,,         ,Wesley,Carver,Cloudy,Angle,no,no,no,no,no,False
102791830,METROPOLITAN NASHVILLE POLICE DEPT,20200608589,Davidson,Nashville,9/22/2020 6:50:00 PM,2,0,0,36.150100,-86.806370,BRANDAU PL,,,,0.00,,,,,,,0.00,,, ,,None,,,         ,Lynsey,Fish,,,no,no,no,yes,no,Campus
102791840,METROPOLITAN NASHVILLE POLICE DEPT,20200608450,Davidson,Nashville,9/22/2020 6:25:00 PM,2,1,0,36.085000,-86.753830,ELYSIAN FIELDS RD,,,,217.00,Feet,West,ELAINE DR,,,,0.00,N,Not at Intersection,N,"Driveway, Alley Access, etc",None,,,         ,Savannah,Starbuck,,Angle,no,no,no,no,no,False
102791884,METROPOLITAN NASHVILLE POLICE DEPT,20200608671,Davidson,Nashville,9/22/2020 10:08:00 PM,2,0,0,36.081100,-86.758360,HARDING PL,,,,0.00,,,TROUSDALE DR,,,,0.00,Y,Four-Way,N,Intersection,None,,,         ,Matthew,Lachance,Clear,Angle,no,no,no,no,no,False
102791987,METROPOLITAN NASHVILLE POLICE DEPT,20200587104,Davidson,Nashville,9/12/2020 11:20:00 AM,2,0,1,36.144850,-86.711040,ELM HILL PKE,,,,0.00,,,MASSMAN DR,,,,0.00,Y,Four-Way,N,Intersection,None,,,20-0753  ,Donald,Davidson,Clear,Angle,no,no,no,no,no,False
102791991,Nashville Airport Police,2020-02460,Davidson,Nashville,9/17/2020 12:24:00 PM,2,0,0,36.133410,-86.665080,BNA DR,,,,0.00,,,TERMINAL DR,,,,0.00,Y,OTHER, ,Unknown,None,,,         ,Daniel,Winter,Clear,Front to Rear,no,no,no,no,no,False
102792055,METROPOLITAN NASHVILLE POLICE DEPT,20200607652,Davidson,Not in City Limit,9/22/2020 12:35:00 PM,2,1,0,36.257390,-86.713930,GALLATIN PKES,,,,47.00,Feet,North,HARRINGTON AV,,,,0.00,N,Not at Intersection,N,Non-Junction,None,,,         ,Brian,Otto,Clear,Angle,no,no,no,no,no,False
102792076,METROPOLITAN NASHVILLE POLICE DEPT,20200607750,Davidson,Nashville,9/22/2020 1:40:00 PM,2,0,0,36.174910,-86.803520,14TH AVE N,,,,87.00,Feet,North,UNDERWOOD ST,,,,0.00,N,Not at Intersection, ,Non-Junction,None,,,         ,Wesley,Young,Clear,"Sideswipe, Same Direction",no,no,no,no,no,False
102792365,Nashville Airport Police,2020-02449,Davidson,Nashville,9/16/2020 7:27:00 PM,2,1,0,36.126290,-86.665180,DONELSON PKE,,,,0.68,Miles,North,AIRPORT SERVICE RD,,,,0.00,N,Not at Intersection,Y,Non-Junction,None,,,         ,Jeffery,Parmer,Clear,Front to Rear,no,no,no,no,no,False
102792377,THP District 3 - Nashville,320054078,Davidson,Not in City Limit,9/20/2020 6:50:00 PM,1,0,0,36.325460,-86.879100,I 24,,,,0.00,,,,,,,34.40,N,Not at Intersection, ,Non-Junction,None,,,         ,Brandon,Wehrle,Clear,Not Collision with Motor Vehicle in Transport,no,no,no,no,no,False
102792699,METROPOLITAN NASHVILLE POLICE DEPT,20200605733,Davidson,Nashville,9/20/2020 12:41:00 PM,2,0,0,36.062720,-86.626210,MURFREESBORO PKE,,,,1010.00,Feet,South,HAMILTON CHURCH RD,,,,0.00,N,Not at Intersection, ,Non-Junction,None,,,         ,Gregory,Dixon,Clear,Front to Rear,no,no,no,no,yes,False
102793712,BELLE MEADE POLICE DEPT,20-0183,Davidson,Nashville,9/22/2020 8:50:00 AM,2,0,0,36.114990,-86.861250,HARDING PKE,,,,0.00,,,DAVIDSON RD,,,,0.00,Y,T-Intersection,Y,Intersection,None,,,         ,David,Read,Clear,"Sideswipe, Same Direction",no,no,no,no,no,False
102793737,THP District 9 - Administrative,320052882,Davidson,Nashville,9/15/2020 2:30:00 PM,2,0,0,36.163720,-86.788050,10TH CIRN,,,,146.00,Feet,North,10TH AVN,,,,0.00,N,Not at Intersection,N,Non-Junction,None,,,         ,Shane,Moore,Clear,Front to Rear,no,no,no,no,yes,False
102794379,METROPOLITAN NASHVILLE POLICE DEPT,20200601868,Davidson,Nashville,9/19/2020 11:57:00 AM,2,0,0,36.070490,-86.685820,BAKERTOWN RD,,,,0.00,,,BAKERTOWN RD,,,,0.00,,Not at Intersection, ,"Driveway, Alley Access, etc",None,,,         ,Scott,Carter,Clear,Angle,no,no,no,no,no,False
102795569,METROPOLITAN NASHVILLE POLICE DEPT,20200589262,Davidson,Nashville,9/13/2020 5:36:00 PM,2,1,0,36.130720,-86.773740,I 65,,,,0.00,,,,,,,81.10,N,Not at Intersection,N,Non-Junction,None,,,20-0758  ,Donald,Davidson,Clear,Not Collision with Motor Vehicle in Transport,no,no,no,no,no,False
102796423,METROPOLITAN NASHVILLE POLICE DEPT,20200587910,Davidson,Nashville,9/12/2020 9:05:00 PM,1,0,1,36.221120,-86.761880,DICKERSON PKE,,,,434.00,Feet,North,ALHAMBRA CIR,,,,0.00,N,Not at Intersection,N,Non-Junction,None,,,20-0755  ,Donald,Davidson,Clear,Not Collision with Motor Vehicle in Transport,yes,no,no,no,no,False
102798054,METROPOLITAN NASHVILLE POLICE DEPT,20200619191,Davidson,Nashville,9/21/2020 9:55:00 AM,2,0,0,36.229380,-86.759280,BROADMOOR DR,,,,0.00,Feet,East,DICKERSON PKE,,,,0.00,N,Not at Intersection,N,Non-Junction,None,,,         ,Jamel,Griffin,,Not Collision with Motor Vehicle in Transport,no,no,no,no,yes,False
102801063,METROPOLITAN NASHVILLE POLICE DEPT,20200586478,Davidson,Nashville,9/12/2020 1:42:00 AM,1,0,1,36.210010,-86.778220,BRICK CHURCH PKE,,,,350.00,Feet,North,AVONDALE CIR,,,,0.00,N,Not at Intersection,N,Non-Junction,None,,,20-0762  ,Donald,Davidson,Clear,Not Collision with Motor Vehicle in Transport,yes,no,no,no,no,False
102812520,METROPOLITAN NASHVILLE POLICE DEPT,20200599650,Davidson,Nashville,9/18/2020 10:18:00 AM,2,1,0,36.107600,-86.720280,I24 E ENT RAMP,,,,0.00,,,I 24,,,,0.00,Y,Y-Intersection,N,Non-Junction,None,,,         ,Robert,Higgins,Clear,Front to Rear,no,no,no,no,no,False
102791922,METROPOLITAN NASHVILLE POLICE DEPT,20200609165,Davidson,Nashville,9/23/2020 5:24:00 AM,2,0,0,36.113550,-86.690590,MURFREESBORO PKE,,,,525.00,Feet,West,AIR FREIGHT BLVD,,,,0.00,N,Not at Intersection, ,Non-Junction,None,,,         ,Corey,Ethridge,,"Sideswipe, Same Direction",no,no,no,no,no,False
102791923,METROPOLITAN NASHVILLE POLICE DEPT,20200609188,Davidson,Not in City Limit,9/23/2020 5:49:00 AM,2,0,0,36.264520,-86.731450,OLD HICKORY BLVDW,,,,247.00,Feet,East,N GRAYCROFT AV,,,,0.00,N,Not at Intersection, ,Non-Junction,None,,,         ,Jonathon,Sheppard,,"Sideswipe, Same Direction",no,no,no,no,yes,False
102791944,METROPOLITAN NASHVILLE POLICE DEPT,20200609279,Davidson,Nashville,9/23/2020 7:18:00 AM,2,0,0,36.134420,-86.776310,I65 S EXT RAMP,,,,40.00,Feet,North,WEDGEWOOD AV,,,,0.00,N,Not at Intersection, ,Entrance/Exit Ramp Related,None,,,         ,Earl,Davis,,Front to Rear,no,no,no,no,no,False
102791950,METROPOLITAN NASHVILLE POLICE DEPT,20200609241,Davidson,Nashville,9/23/2020 6:45:00 AM,2,1,0,36.228170,-86.773010,I 65,,,,0.00,,,,,,,88.85,N,Not at Intersection,N,Non-Junction,None,,,         ,Michael,McCord,Cloudy,Front to Rear,no,no,no,no,no,False
102791972,METROPOLITAN NASHVILLE POLICE DEPT,20200609284,Davidson,Nashville,9/23/2020 7:41:00 AM,2,0,0,36.035720,-86.644150,I 24,,,,0.00,,,,,,,60.45,N,Not at Intersection, ,,None,,,         ,Cody,MIller,,,no,no,no,no,no,False
102791976,METROPOLITAN NASHVILLE POLICE DEPT,20200609286,Davidson,Nashville,9/23/2020 7:25:00 AM,2,0,0,36.206610,-86.777900,US HWY 431,,,,0.00,,,BRICK CHURCH PIKE,,,,0.00,Y,Four-Way, ,Intersection,None,,,         ,Wesley,Young,Cloudy,Angle,no,no,no,no,no,False
102791988,METROPOLITAN NASHVILLE POLICE DEPT,2020-0609263,Davidson,Nashville,9/23/2020 6:30:00 AM,2,0,0,36.153370,-86.690920,BRILEY PKWY N ENT RAMP,,,,0.00,Feet,East,BRILEY PKWYN,,,,0.00,N,Not at Intersection,N,OtherLocation,None,,,         ,Charles,Large,Clear,Angle,no,no,no,yes,yes,False
102791990,METROPOLITAN NASHVILLE POLICE DEPT,20200609331,Davidson,Nashville,9/23/2020 7:45:00 AM,2,0,0,36.213420,-86.779180,BRICK CHURCH PIKE,,,,512.00,Feet,North,BROOKLYN AVE,,,,0.00,N,Not at Intersection, ,Non-Junction,None,,,         ,Wesley,Young,Cloudy,"Sideswipe, Same Direction",no,no,no,no,no,False
102792013,METROPOLITAN NASHVILLE POLICE DEPT,20200609243,Davidson,Not in City Limit,9/23/2020 6:40:00 AM,2,0,0,36.325790,-86.868770,I24 W EXT RAMP,,,,0.00,,,I 24,,,,0.00,Y,Four-Way, ,Entrance/Exit Ramp Related,None,,,         ,Royce,McLester,,Front to Rear,no,no,no,no,no,False
102792030,METROPOLITAN NASHVILLE POLICE DEPT,20200609485,Davidson,Not in City Limit,9/23/2020 8:26:00 AM,2,0,0,35.991290,-86.666130,BURKITT RD,,,,0.00,,,WESTCOTT LN,,,,0.00,Y,T-Intersection, ,,Construction Zone,,,         ,Robert,Higgins,,,no,no,no,no,no,False
102792036,METROPOLITAN NASHVILLE POLICE DEPT,2020-0609498,Davidson,Not in City Limit,9/23/2020 9:30:00 AM,3,1,0,36.274600,-86.689390,MYATT DR,,,,525.00,Feet,South,MYATT CENTER LN,,,,0.00,N,Not at Intersection,N,OtherLocation,None,,,         ,Travis,Baxter,Rain,Front to Rear,no,no,no,no,no,False
102792047,METROPOLITAN NASHVILLE POLICE DEPT,20200609439,Davidson,Nashville,9/23/2020 8:50:00 AM,2,0,0,36.223310,-86.775240,I65 S ENT RAMP,,,,0.00,,,I 65,,,,0.00,Y,OTHER,N,Entrance/Exit Ramp Related,None,,,         ,James,Wray,Rain,Front to Rear,no,no,no,no,no,False
102792068,METROPOLITAN NASHVILLE POLICE DEPT,20200609520,Davidson,Nashville,9/23/2020 9:45:00 AM,2,0,0,36.155250,-86.811990,25TH AVE N,,,,0.00,,,US HWY 70,,,,0.00,Y,T-Intersection,N,Intersection,None,,,         ,Wesley,Young,Cloudy,Front to Rear,no,no,no,no,yes,False
102792086,METROPOLITAN NASHVILLE POLICE DEPT,20200609609,Davidson,Antioch,9/23/2020 10:14:00 AM,2,0,0,36.011460,-86.609090,J P HENNESSY DR,,,,83.00,Feet,East,FIRESTONE PKWY,,,,0.00,N,Not at Intersection, ,Non-Junction,None,,,         ,Nicholas,Carter,,"Sideswipe, Opposite Direction",no,no,no,no,no,False
102792102,METROPOLITAN NASHVILLE POLICE DEPT,2020-0609283,Davidson,Nashville,9/23/2020 7:15:00 AM,2,0,0,36.044650,-86.659690,I24 E ENT RAMP,,,,0.00,Feet,East,I 24,,,,0.00,N,Not at Intersection, ,Entrance/Exit Ramp Related,None,,,         ,Nicholas,Carter,,Front to Rear,no,no,no,no,yes,False
102792104,METROPOLITAN NASHVILLE POLICE DEPT,20200609627,Davidson,Nashville,9/23/2020 10:50:00 AM,1,0,0,36.195200,-86.628950,BONNABROOK DR,,,,0.00,,,BONNACREEK DR,,,,0.00,Y,Four-Way, ,Intersection-Related,None,,,         ,William,Mckay,,Not Collision with Motor Vehicle in Transport,no,no,no,no,no,False
102792124,METROPOLITAN NASHVILLE POLICE DEPT,20200609662,Davidson,Nashville,9/23/2020 11:06:00 AM,2,0,0,36.205840,-86.736960,GALLATIN PIKE,,,,66.00,Feet,South,ELVIRA AVE,,,,0.00,N,Not at Intersection,N,Non-Junction,None,,,         ,Russell,Freeman,Cloudy,Angle,no,no,no,no,no,False
102792131,METROPOLITAN NASHVILLE POLICE DEPT,20200609720,Davidson,Nashville,9/23/2020 10:45:00 AM,2,0,0,36.248410,-86.720080,GALLATIN PKES,,,,150.00,Feet,North,DUE WEST AVE,,,,0.00,N,Not at Intersection,N,Non-Junction,None,,,         ,Austin,Roemeling,Cloudy,"Sideswipe, Same Direction",no,no,no,no,yes,False
102792134,Nashville Airport Police,2020-02522,Davidson,Nashville,9/23/2020 8:06:00 AM,2,0,0,36.116700,-86.668180,DONELSON PKE,,,,0.00,,,HANGAR LN,,,,0.00,Y,T-Intersection,N,Intersection,None,,,         ,Daniel,Winter,Cloudy,"Sideswipe, Same Direction",no,no,no,no,yes,False
102792135,METROPOLITAN NASHVILLE POLICE DEPT,20200609634,Davidson,Nashville,9/23/2020 8:00:00 AM,1,0,0,36.158310,-86.781720,8TH AVS,,,,174.00,Feet,North,MCGAVOCK ST,,,,0.00,N,Not at Intersection, ,,None,,,         ,Cory,Stratton,,,no,no,no,no,no,False
102792153,METROPOLITAN NASHVILLE POLICE DEPT,20200609719,Davidson,Nashville,9/23/2020 12:00:00 AM,2,0,0,36.153460,-86.764450,I 40,,,,0.00,,,,,,,210.70,N,Not at Intersection, ,Non-Junction,None,,,         ,James,Thornton,Cloudy,Front to Rear,no,no,no,no,no,False
102792177,METROPOLITAN NASHVILLE POLICE DEPT,20200609732,Davidson,Nashville,9/23/2020 11:55:00 AM,3,2,0,36.110060,-86.770770,I 65,,,,0.00,,,,,,,79.75,N,Not at Intersection,N,Non-Junction,None,,,         ,Earl,Davis,,"Sideswipe, Same Direction",no,no,no,no,no,False
102792196,METROPOLITAN NASHVILLE POLICE DEPT,20200609682,Davidson,Nashville,9/23/2020 11:00:00 AM,1,1,0,36.167970,-86.691910,LEBANON PKE,,,,172.00,Feet,West,CRAIGMEADE DR,,,,0.00,N,Not at Intersection,N,Non-Junction,None,,,         ,Mark,Sydenstricker,Clear,Not Collision with Motor Vehicle in Transport,no,no,no,no,no,False
102792204,METROPOLITAN NASHVILLE POLICE DEPT,20200609880,Davidson,Nashville,9/23/2020 12:12:00 PM,2,0,0,36.130110,-86.778420,8TH AVS,,,,100.00,Feet,South,PRENTICE AV,,,,0.00,N,Not at Intersection, ,Non-Junction,Work Zone,,,         ,Earl,Davis,,Front to Rear,no,no,no,no,no,False
102792220,METROPOLITAN NASHVILLE POLICE DEPT,20200609718,Davidson,Nashville,9/23/2020 11:34:00 AM,2,1,0,36.155750,-86.809740,CHARLOTTE AV,,,,0.00,,,23RD AVN,,,,0.00,Y,T-Intersection,N,Intersection,None,,,         ,Tanya,Molina,,Angle,no,no,no,no,no,False
102792230,METROPOLITAN NASHVILLE POLICE DEPT,2020-0609775,Davidson,Nashville,9/23/2020 12:19:00 PM,2,2,0,36.057940,-86.741770,EDMONDSON PKE,,,,776.00,Feet,South,SEVEN MILE CREEK GRNWY,,,,0.00,N,Not at Intersection,N,Non-Junction,None,,,         ,Sean,Williams,,Front to Rear,no,no,no,no,no,False
102792252,BERRY HILL POLICE DEPT,20-3523,Davidson,Berry Hill,9/23/2020 12:00:00 AM,2,0,0,36.119980,-86.771340,BERRY RD,,,,0.00,,,,,,,0.00,,, ,Non-Junction,None,,,         ,John,Gleixner,Cloudy,"Sideswipe, Same Direction",no,no,no,yes,no,False
102792273,METROPOLITAN NASHVILLE POLICE DEPT,20200609945,Davidson,Nashville,9/23/2020 1:54:00 PM,2,2,0,36.086080,-86.648190,US HWY 41,,,,177.00,Feet,South,RAMP,,,,0.00,N,Not at Intersection,N,Non-Junction,None,,,         ,Joshua,Hausman,Clear,Angle,no,no,no,no,no,False
102792277,METROPOLITAN NASHVILLE POLICE DEPT,20200610056,Davidson,Nashville,9/23/2020 1:07:00 PM,2,0,0,36.085060,-86.728370,NOLENSVILLE PKE,,,,97.00,Feet,North,PARAGON MILLS RD,,,,0.00,N,Not at Intersection, ,Non-Junction,None,,,         ,Edward,Starke,Rain,"Sideswipe, Same Direction",no,no,no,no,no,False
102792289,METROPOLITAN NASHVILLE POLICE DEPT,20200610042,Davidson,Goodlettsville,9/23/2020 12:15:00 PM,2,0,0,36.305530,-86.692870,THE SHOPPES AT RIVERGATE PVTDR,,,,213.00,Feet,North,CONFERENCE DR,,,,0.00,N,Not at Intersection, ,Non-Junction,None,,,         ,Christopher,Littles,,Angle,no,no,no,yes,no,False
102792292,METROPOLITAN NASHVILLE POLICE DEPT,20200610065,Davidson,Nashville,9/23/2020 2:17:00 PM,2,0,0,36.156240,-86.802940,MURPHY AV,,,,0.00,,,20TH AVN,,,,0.00,Y,T-Intersection, ,Intersection-Related,None,,,         ,Lynsey,Fish,Cloudy,"Sideswipe, Same Direction",no,no,no,no,no,False
102792297,BELLE MEADE POLICE DEPT,20-0185,Davidson,Belle Meade,9/23/2020 9:01:00 AM,2,0,0,36.109720,-86.856410,BELLE MEADE BLVD,,,,0.00,,,JACKSON BLVD,,,,0.00,Y,Four-Way, ,Intersection-Related,None,,,         ,Wes,Bowker,Clear,Angle,no,no,no,no,no,False
102792332,METROPOLITAN NASHVILLE POLICE DEPT,20200609886,Davidson,Nashville,9/23/2020 1:20:00 PM,3,1,0,36.051520,-86.622740,MT VIEW CIR,,,,0.00,,,MT VIEW RD,,,,0.00,Y,T-Intersection,N,Intersection-Related,None,,,         ,Alex,Moore,Cloudy,HeadOn,no,no,no,no,no,False
102792336,METROPOLITAN NASHVILLE POLICE DEPT,20200610159,Davidson,Nashville,9/23/2020 3:41:00 PM,2,0,0,36.084460,-86.756220,TROUSDALE DR,,,,24.00,Feet,North,LYNN DR,,,,0.00,N,Not at Intersection,N,Non-Junction,None,,,         ,Edin,Plancic,Clear,Front to Rear,no,no,no,no,no,False
102792338,METROPOLITAN NASHVILLE POLICE DEPT,20200610232,Davidson,Nashville,9/23/2020 4:10:00 PM,2,0,0,36.056930,-86.676710,I 24,,,,0.00,,,,,,,58.10,N,Not at Intersection,N,Non-Junction,None,,,         ,Edward,Starke,,Front to Rear,no,no,no,no,yes,False
102792348,METROPOLITAN NASHVILLE POLICE DEPT,20200610265,Davidson,Nashville,9/23/2020 4:37:00 PM,2,0,0,36.149270,-86.746830,I 40,,,,0.00,,,,,,,211.80,N,Not at Intersection, ,Non-Junction,None,,,         ,Jason,Milyaro Lucas,,"Sideswipe, Same Direction",no,no,no,no,no,False
102792350,METROPOLITAN NASHVILLE POLICE DEPT,20200610152,Davidson,Not in City Limit,9/23/2020 3:30:00 PM,2,1,0,36.080760,-86.928550,HICKS RD,,,,611.00,Feet,East,STIRRUP CT,,,,0.00,N,Not at Intersection,N,Non-Junction,None,,,         ,Brian,DeMarce,,Angle,no,no,no,no,no,False
102792351,METROPOLITAN NASHVILLE POLICE DEPT,20200610233,Davidson,Nashville,9/23/2020 4:16:00 PM,2,0,0,36.108300,-86.765750,POWELL AV,,,,731.00,Feet,North,POWELL PL,,,,0.00,N,Not at Intersection, ,Non-Junction,None,,,         ,Sekou,Samassi,Rain,Angle,no,no,no,no,no,False
102792353,METROPOLITAN NASHVILLE POLICE DEPT,20200610223,Davidson,Nashville,9/23/2020 4:16:00 PM,3,0,0,36.172930,-86.765120,MAIN ST,,,,73.00,Feet,East,SPRING ST,,,,0.00,N,Not at Intersection,N,Non-Junction,None,,,         ,Ryan,Coll,,Angle,no,no,no,no,no,False
102792356,METROPOLITAN NASHVILLE POLICE DEPT,20200610263,Davidson,Nashville,9/23/2020 12:00:00 AM,1,1,0,36.192370,-86.829130,CLARKSVILLE PKE,,,,27.00,Feet,West,CLIFF DR,,,,0.00,N,Not at Intersection,N,Non-Junction,None,,,         ,Melvin,Taylor,,Not Collision with Motor Vehicle in Transport,yes,no,no,no,no,False
102792358,METROPOLITAN NASHVILLE POLICE DEPT,20200610117,Davidson,Not in City Limit,9/23/2020 3:23:00 PM,1,1,0,36.117720,-86.957890,OLD CHARLOTTE PKE,,,,368.00,Feet,West,OLD CHARLOTTE PVTDR,,,,0.00,N,Not at Intersection,N,Non-Junction,None,,,         ,Jeremy,Huffine,,Not Collision with Motor Vehicle in Transport,no,no,no,no,no,False
102792374,METROPOLITAN NASHVILLE POLICE DEPT,20200610342,Davidson,Nashville,9/23/2020 4:48:00 PM,1,0,0,36.139620,-86.732650,ARLINGTON AV,,,,233.00,Feet,North,MURFREESBORO PKE,,,,0.00,N,Not at Intersection, ,Non-Junction,None,,,         ,Jason,Milyaro Lucas,,Not Collision with Motor Vehicle in Transport,no,no,no,yes,no,False
102792380,METROPOLITAN NASHVILLE POLICE DEPT,20200610254,Davidson,Nashville,9/23/2020 4:30:00 PM,2,0,0,36.124970,-86.752790,ROSEDALE AV,,,,82.00,Feet,East,GRANDVIEW AV,,,,0.00,N,Not at Intersection,N,Non-Junction,None,,,         ,Douglas,Sykes,Clear,Front to Rear,no,no,no,no,no,False
102792385,METROPOLITAN NASHVILLE POLICE DEPT,20200610211,Davidson,Nashville,9/23/2020 3:30:00 PM,2,0,0,36.086910,-86.648680,UNA ANTIOCH PKE,,,,0.00,,,NASHBORO BLVD,,,,0.00,Y,Four-Way, ,,None,,,         ,Jarrett,Ipox,,,no,no,no,no,no,False
102792386,METROPOLITAN NASHVILLE POLICE DEPT,20200610273,Davidson,Nashville,9/23/2020 4:43:00 PM,2,0,0,36.129950,-86.727890,I24E,,,,0.00,Feet,East,I 24,,,,0.00,N,Not at Intersection,N,Non-Junction,None,,,         ,Molly,Page,,Front to Rear,no,no,no,no,no,False
102792388,THP District 3 - Nashville,320054641,Davidson,Nashville,9/23/2020 4:49:00 PM,2,0,0,36.191520,-86.786200,I 65,,,,0.00,,,,,,,86.00,N,Not at Intersection, ,Non-Junction,None,,,         ,Alexander,Campbell,Cloudy,Front to Rear,no,no,no,no,no,False
102792389,METROPOLITAN NASHVILLE POLICE DEPT,20200610298,Davidson,Nashville,9/23/2020 4:55:00 PM,3,1,0,36.252650,-86.717190,GALLATIN PKES,,,,239.00,Feet,South,EMMITT AV,,,,0.00,N,Not at Intersection,N,Non-Junction,None,,,         ,Christopher,Littles,,Angle,no,no,no,no,no,False
102792401,METROPOLITAN NASHVILLE POLICE DEPT,20200610361,Davidson,Nashville,9/23/2020 4:00:00 PM,1,0,0,36.232340,-86.826280,BRILEY PKWYW,,,,326.00,Feet,West,BUENA VISTA PKE,,,,0.00,N,Not at Intersection,N,Non-Junction,None,,,         ,Chase,Harriman,,Not Collision with Motor Vehicle in Transport,no,no,no,no,no,False
102792403,METROPOLITAN NASHVILLE POLICE DEPT,20200610324,Davidson,Nashville,9/23/2020 5:13:00 PM,2,1,0,36.136310,-86.822150,WEST END,AVE,,,0.50,Miles,West,,,,,340.00,N,Not at Intersection, ,Non-Junction,None,,,         ,Lynsey,Fish,Cloudy,Front to Rear,no,no,no,no,no,False
102792404,METROPOLITAN NASHVILLE POLICE DEPT,20200610434,Davidson,Nashville,9/23/2020 3:45:00 PM,2,0,0,36.197590,-86.620500,LEBANON PKE EB EXT RAMP,,,,0.00,Feet,East,LEBANON PKE,,,,0.00,N,Not at Intersection,N,Non-Junction,None,,,         ,Heather,Fox,,Angle,no,no,no,no,yes,False
102792408,METROPOLITAN NASHVILLE POLICE DEPT,20200610400,Davidson,Nashville,9/23/2020 6:02:00 PM,1,1,0,36.153320,-86.775740,LAFAYETTE ST,,,,0.00,,,6TH AVS,,,,0.00,Y,Five Point Or More,N,Intersection,None,,,         ,Trevor,Taylor,Cloudy,Not Collision with Motor Vehicle in Transport,yes,no,no,no,no,False
102792409,METROPOLITAN NASHVILLE POLICE DEPT,20200610467,Davidson,Not in City Limit,9/23/2020 6:52:00 PM,2,0,0,36.264070,-86.690290,STATE RT 45,,,,0.00,,,MYATT DR,,,,0.00,Y,Four-Way,N,Intersection,None,,,         ,Christopher,Littles,,Angle,no,no,no,no,no,False
102792413,METROPOLITAN NASHVILLE POLICE DEPT,20200610390,Davidson,Nashville,9/23/2020 5:49:00 PM,3,0,0,36.047750,-86.655600,BELL RD,,,,123.00,Feet,East,HICKORY HOLLOW PKWY,,,,0.00,N,Not at Intersection, ,Non-Junction,None,,,         ,Edward,Starke,Clear,Front to Rear,no,no,no,no,no,False
102792429,METROPOLITAN NASHVILLE POLICE DEPT,20200610146,Davidson,Nashville,9/23/2020 3:05:00 PM,3,2,0,36.014040,-86.620330,I 24,,,,0.00,,,,,,,62.55,N,Not at Intersection,N,Non-Junction,None,,,         ,Luis,Pena,,"Sideswipe, Same Direction",no,no,no,no,no,False
102792434,METROPOLITAN NASHVILLE POLICE DEPT,20200610517,Davidson,Nashville,9/23/2020 7:20:00 PM,2,0,0,36.164490,-86.781070,5TH AVE N,,,,0.00,,,UNION ST,,,,0.00,Y,Four-Way,N,Intersection,None,,,         ,Brent,Morris,Rain,Angle,no,no,no,no,no,False
102792442,METROPOLITAN NASHVILLE POLICE DEPT,20200610527,Davidson,Not in City Limit,9/23/2020 7:17:00 PM,3,0,0,36.269600,-86.736690,I 65,,,,0.00,,,,,,,92.60,N,Not at Intersection,N,Non-Junction,None,,,         ,Emily,Masessa,,"Sideswipe, Same Direction",no,no,no,no,yes,False
102792443,METROPOLITAN NASHVILLE POLICE DEPT,20200610551,Davidson,Nashville,9/23/2020 7:19:00 PM,2,0,0,36.171840,-86.764770,S 5TH ST,,,,0.00,,,WOODLAND ST,,,,0.00,Y,Four-Way, ,Intersection,None,,,         ,Randy,Puckett,Clear,Angle,no,no,no,no,no,False
102792452,METROPOLITAN NASHVILLE POLICE DEPT,20200610430,Davidson,Nashville,9/23/2020 6:20:00 PM,2,0,0,36.231620,-86.750980,WALTON LN,,,,161.00,Feet,South,MAPLEWOOD TRC,,,,0.00,N,Not at Intersection,N,Non-Junction,None,,,         ,Wade,Johnson,,HeadOn,no,no,no,no,no,False