master_record_number,agency,agency_tracking_number,county,city,collision_date,vehicles_involved,number_injured,number_dead,latitude,longitude,roadway_name,roadway_suffix,roadway_number,roadway_local_id,distance_from_reference,miles-feet_indicator,direction_from_reference,intersection_road_name,intersection_road_name_suffix,intersection_road_number,intersection_local_id,mile_marker,intersection_indicator,intersect_type,interchange_related_indicator,relation_to_junction,work_zone_type,construction_maintenance_zone,construction_maintenance_zone_location,fatal_case_number,officer_first_name,officer_last_name,weather_condition(s),manner_of_crash,pedestrian,bicycle,scooter,parking,hitrun,mou
102792459,METROPOLITAN NASHVILLE POLICE DEPT,20200610585,Davidson,Nashville,9/23/2020 7:55:00 PM,2,0,0,36.098020,-86.726780,MIMOSA DR,,,,129.00,Feet,South,MCCALL ST,,,,0.00,N,Not at Intersection, ,Non-Junction,None,,,         ,Edward,Starke,,"Sideswipe, Opposite Direction",no,no,no,no,no,False
102792471,METROPOLITAN NASHVILLE POLICE DEPT,20200610659,Davidson,Nashville,9/23/2020 7:44:00 PM,2,0,0,36.184340,-86.754810,CLEVELAND ST,,,,87.00,Feet,West,W EASTLAND AV,,,,0.00,N,Not at Intersection,N,Non-Junction,None,,,         ,Randy,Puckett,Clear,Front to Rear,no,no,no,no,yes,False
102792476,METROPOLITAN NASHVILLE POLICE DEPT,20200610513,Davidson,Nashville,9/23/2020 7:16:00 PM,2,0,0,36.024070,-86.723460,COBBLE ST,,,,122.00,Feet,South,BRADFORD HILLS DR,,,,0.00,N,Not at Intersection,N,"Driveway, Alley Access, etc",None,,,         ,Brandon,Hughes,Rain,HeadOn,no,no,no,yes,no,False
102792488,METROPOLITAN NASHVILLE POLICE DEPT,20200610299,Davidson,Nashville,9/23/2020 4:57:00 PM,3,1,0,36.047680,-86.713540,NOLENSVILLE PKE,,,,407.00,Feet,South,HICKORYVIEW DR,,,,0.00,N,Not at Intersection,N,Non-Junction,None,,,         ,Gabriel,Hamilton,Clear,Angle,no,no,no,no,no,False
102792493,METROPOLITAN NASHVILLE POLICE DEPT,20200610612,Davidson,Nashville,9/23/2020 8:30:00 PM,2,0,0,36.070200,-86.690870,I24 E EXT RAMP,,,,0.00,Feet,East,I 24,,,,0.00,N,Not at Intersection, ,,None,,,         ,John,Walden,,,no,no,no,no,no,False
102792499,METROPOLITAN NASHVILLE POLICE DEPT,20200610640,Davidson,Nashville,9/23/2020 7:45:00 PM,3,1,0,36.176120,-86.875580,CENTENNIAL BLVD,,,,215.00,Feet,North,CENTENNIAL PL,,,,0.00,N,Not at Intersection,N,Non-Junction,None,,,         ,Ciara,Doherty,Rain,Front to Rear,no,no,no,no,no,False
102792528,METROPOLITAN NASHVILLE POLICE DEPT,20200610532,Davidson,Nashville,9/23/2020 7:31:00 PM,2,1,0,36.151860,-86.795520,US HWY 431,,,,94.00,Feet,South,18TH AVE S,,,,0.00,N,Not at Intersection,N,Non-Junction,None,,,         ,Samuel,Sundra,Clear,"Sideswipe, Opposite Direction",no,no,no,no,no,False
102792550,METROPOLITAN NASHVILLE POLICE DEPT,20200609026,Davidson,Nashville,9/23/2020 3:00:00 AM,5,1,0,36.088460,-86.701790,I 24,,,,0.00,,,,,,,55.55,N,Not at Intersection,N,Non-Junction,None,,,         ,Wallace,Seay III,Clear,Front to Rear,no,no,no,no,no,False
102792561,METROPOLITAN NASHVILLE POLICE DEPT,20200610716,Davidson,Nashville,9/23/2020 10:25:00 PM,2,1,0,36.112890,-86.689010,MURFREESBORO PKE,,,,0.00,,,MCGAVOCK PKE,,,,0.00,Y,Four-Way,N,Intersection,None,,,         ,Arend,Groeneweg,Rain,Angle,no,no,no,no,no,False
102792565,METROPOLITAN NASHVILLE POLICE DEPT,20200610730,Davidson,Nashville,9/23/2020 10:49:00 PM,2,0,0,36.102480,-86.713720,I 24,,,,0.00,,,,,,,54.40,N,Not at Intersection,N,Non-Junction,Construction Zone,Laneclosure,Activity Area,         ,Steven,Luckey,Rain,Front to Rear,no,no,no,no,yes,False
102792569,METROPOLITAN NASHVILLE POLICE DEPT,20200610861,Davidson,Nashville,9/24/2020 12:25:00 AM,2,0,0,36.195420,-86.774330,FERN AV,,,,222.00,Feet,East,WHITES CREEK PKE,,,,0.00,N,Not at Intersection,N,Non-Junction,None,,,         ,Jackson,Sanders,,"Sideswipe, Same Direction",no,no,no,no,yes,False
102792583,METROPOLITAN NASHVILLE POLICE DEPT,20200610938,Davidson,Nashville,9/24/2020 12:22:00 AM,2,0,0,36.070000,-86.634120,MURFREESBORO PKE,,,,914.00,Feet,South,BELL RD,,,,0.00,N,Not at Intersection, ,Non-Junction,None,,,         ,Tyler,Shanks,,Angle,no,no,no,no,no,False
102792591,METROPOLITAN NASHVILLE POLICE DEPT,2020-0610745,Davidson,Nashville,9/23/2020 9:30:00 PM,1,0,0,36.231250,-86.614250,SHUTE LN,,,,767.00,Feet,East,MONTCHANIN TER,,,,0.00,N,Not at Intersection, ,Non-Junction,None,,,         ,Dakota,Davis,,Not Collision with Motor Vehicle in Transport,no,no,no,no,no,False
102792592,METROPOLITAN NASHVILLE POLICE DEPT,20200611014,Davidson,Nashville,9/24/2020 12:00:00 AM,2,2,0,36.195430,-86.776150,I 65,,,,0.00,,,,,,,86.55,N,Not at Intersection,N,Non-Junction,None,,,         ,Jacob,Dick,,Angle,no,no,no,no,no,False
102792628,METROPOLITAN NASHVILLE POLICE DEPT,20200611049,Davidson,Nashville,9/24/2020 3:39:00 AM,1,0,0,36.069230,-86.689160,HAYWOOD LN,,,,9.00,Feet,West,I24 E EXT RAMP,,,,0.00,N,Not at Intersection,N,Non-Junction,None,,,         ,William,Williams,,Not Collision with Motor Vehicle in Transport,no,no,no,no,no,False
102792643,METROPOLITAN NASHVILLE POLICE DEPT,20200611095,Davidson,Nashville,9/24/2020 2:25:00 AM,5,0,0,36.063070,-86.688470,HOOPER CT,,,,180.00,Feet,South,PACKARD DR,,,,0.00,N,Not at Intersection,N,Non-Junction,None,,,         ,Kyle,Burks,Cloudy,Not Collision with Motor Vehicle in Transport,no,no,no,no,no,False
102792644,METROPOLITAN NASHVILLE POLICE DEPT,20200610992,Davidson,Nashville,9/24/2020 2:19:00 AM,2,0,0,36.139570,-86.636170,TRAILS END LN,,,,0.00,,,,,,,0.00,,Not at Intersection,N,Non-Junction,None,,,         ,Dakota,Davis,,Not Collision with Motor Vehicle in Transport,no,no,no,no,no,False
102792648,METROPOLITAN NASHVILLE POLICE DEPT,20200609946,Davidson,Nashville,9/23/2020 1:50:00 PM,2,3,0,36.045480,-86.647290,MT VIEW RD,,,,0.00,,,CROSSINGS BLVD,,,,0.00,Y,Four-Way,N,Intersection,None,,,         ,Robert,Higgins,Clear,"Sideswipe, Same Direction",no,no,no,no,no,False
102792651,METROPOLITAN NASHVILLE POLICE DEPT,20200609801,Davidson,Nashville,9/23/2020 12:30:00 PM,1,1,0,36.241060,-86.889480,SULPHUR CREEK RD,,,,680.00,Feet,South,TAZ HYDE RD,,,,0.00,N,Not at Intersection,N,Non-Junction,None,,,         ,Wesley,Young,Cloudy,Not Collision with Motor Vehicle in Transport,no,no,no,no,yes,False
102792656,METROPOLITAN NASHVILLE POLICE DEPT,20200609919,Davidson,Not in City Limit,9/23/2020 1:40:00 PM,2,0,0,36.264170,-86.735490,I65 N EXT RAMP,,,,0.00,Feet,East,OLD HICKORY BLVDW,,,,0.00,N,Not at Intersection, ,Entrance/Exit Ramp Related,None,,,         ,Billy,Price,Clear,Front to Rear,no,no,no,no,no,False
102792664,METROPOLITAN NASHVILLE POLICE DEPT,20200611280,Davidson,Goodlettsville,9/24/2020 7:40:00 AM,1,0,0,36.293640,-86.718670,I 65,,,,0.00,,,,,,,94.55,N,Not at Intersection,N,Non-Junction,None,,,         ,Ian,Wilson,Clear,Not Collision with Motor Vehicle in Transport,no,no,no,no,no,False
102792672,METROPOLITAN NASHVILLE POLICE DEPT,20200611152,Davidson,Nashville,9/24/2020 5:57:00 AM,2,1,0,36.215890,-86.586110,LEBANON PKE,,,,0.00,Feet,,LADY NASHVILLE DR,,,,0.00,Y,T-Intersection,N,Intersection,None,,,         ,Dakota,Davis,,HeadOn,no,no,no,no,no,False
102792682,METROPOLITAN NASHVILLE POLICE DEPT,20200611292,Davidson,Not in City Limit,9/24/2020 7:50:00 AM,2,0,0,36.275900,-86.735220,I 65,,,,0.00,,,,,,,93.05,N,Not at Intersection, ,Non-Junction,None,,,         ,Billy,Price,Clear,"Sideswipe, Same Direction",no,no,no,no,no,False
102792696,METROPOLITAN NASHVILLE POLICE DEPT,20200611194,Davidson,Nashville,9/24/2020 5:54:00 AM,3,0,0,36.201800,-86.776840,I 65,,,,0.00,,,,,,,87.00,N,Not at Intersection,N,Non-Junction,None,,,         ,James,Wray,,Front to Rear,no,no,no,no,yes,False
102792700,METROPOLITAN NASHVILLE POLICE DEPT,20200611303,Davidson,Nashville,9/24/2020 7:50:00 AM,2,0,0,36.111050,-86.745280,NOLENSVILLE PKE,,,,45.00,Feet,North,THOMPSON LN,,,,0.00,N,Not at Intersection, ,,None,,,         ,James,Thomas,,,no,no,no,no,no,False
102792703,METROPOLITAN NASHVILLE POLICE DEPT,20200611328,Davidson,Nashville,9/24/2020 8:05:00 AM,2,0,0,36.160890,-86.785450,CHURCH ST,,,,210.00,Feet,East,10TH AVN,,,,0.00,N,Not at Intersection, ,Non-Junction,None,,,         ,Charles,Coe,Cloudy,Front to Rear,no,no,no,no,no,False
102792709,METROPOLITAN NASHVILLE POLICE DEPT,20200611412,Davidson,Nashville,9/24/2020 9:00:00 AM,2,0,0,36.118860,-86.809300,HILLSBORO PKE,,,,309.00,Feet,South,STOKES LN,,,,0.00,N,Not at Intersection, ,Non-Junction,None,,,         ,Curtis,Rich,"Cloudy, Rain",Front to Rear,no,no,no,no,no,False
102792717,METROPOLITAN NASHVILLE POLICE DEPT,20200611291,Davidson,Nashville,9/24/2020 7:40:00 AM,3,0,0,36.200410,-86.776700,I 65,,,,0.00,,,,,,,86.90,N,Not at Intersection,N,Non-Junction,None,,,         ,Royce,McLester,,Front to Rear,no,no,no,no,yes,False
102792738,METROPOLITAN NASHVILLE POLICE DEPT,20200611477,Davidson,Nashville,9/24/2020 9:10:00 AM,2,1,0,36.211220,-86.775900,I 65,,,,0.00,,,,,,,87.70,N,Not at Intersection, ,Non-Junction,None,,,         ,Wesley,Young,Rain,Front to Rear,no,no,no,no,yes,False
102792747,METROPOLITAN NASHVILLE POLICE DEPT,20200611308,Davidson,Nashville,9/24/2020 8:00:00 AM,2,1,0,36.153250,-86.794010,17TH AVS,,,,0.00,Feet,,BROADWAY,,,,0.00,Y,Four-Way,N,Intersection,None,,,         ,Tanya,Molina,,Angle,no,no,no,no,no,False
102792765,METROPOLITAN NASHVILLE POLICE DEPT,20200611533,Davidson,Nashville,9/24/2020 10:00:00 AM,1,0,0,36.126230,-86.903870,I 40,,,,0.00,,,,,,,200.65,N,Not at Intersection,N,Non-Junction,None,,,         ,Curtis,Rich,"Cloudy, Rain",Not Collision with Motor Vehicle in Transport,no,no,no,no,no,False
102792775,METROPOLITAN NASHVILLE POLICE DEPT,20200611483,Davidson,Nashville,9/24/2020 9:52:00 AM,2,0,0,36.173440,-86.605510,CENTRAL PKE ENT RAMP,,,,242.00,Feet,South,CENTRAL PKE,,,,0.00,N,Not at Intersection, ,,None,,,         ,Michael,Brooks,,,no,no,no,no,no,False
102792817,METROPOLITAN NASHVILLE POLICE DEPT,20200611567,Davidson,Nashville,9/24/2020 10:51:00 AM,2,1,0,36.146720,-86.743760,FESSLERS LN,,,,0.00,Feet,,RUNDLE AV,,,,0.00,Y,T-Intersection,N,Intersection,None,,,         ,Roger,Luther,Cloudy,Angle,no,no,no,no,yes,False
102792818,METROPOLITAN NASHVILLE POLICE DEPT,20200611515,Davidson,Nashville,9/24/2020 10:10:00 AM,2,1,0,36.150470,-86.770360,I40 E EXT RAMP,,,,0.00,,,I 40,,,,0.00,Y,T-Intersection,N,Entrance/Exit Ramp Related,None,,,         ,Alquavious,McDaniel,,Angle,no,no,no,no,no,False
102792821,METROPOLITAN NASHVILLE POLICE DEPT,20200611571,Davidson,Nashville,9/24/2020 10:30:00 AM,2,0,0,36.071850,-86.636160,MURFREESBORO PKE,,,,9.00,Feet,South,BELL RD,,,,0.00,N,Not at Intersection, ,,None,,,         ,Cory,Stratton,,,no,no,no,no,no,False
102792822,METROPOLITAN NASHVILLE POLICE DEPT,20-0611452,Davidson,Nashville,9/24/2020 9:31:00 AM,2,0,0,36.154580,-86.763880,LINDSLEY AV,,,,37.00,Feet,East,BERRIEN ST,,,,0.00,N,Not at Intersection, ,,None,,,         ,Trenton,Searcy,,,no,no,no,no,no,False
102792824,METROPOLITAN NASHVILLE POLICE DEPT,20200611552,Davidson,Nashville,9/24/2020 10:45:00 AM,1,1,0,36.172000,-86.800080,I 40,,,,0.00,,,,,,,207.80,N,Not at Intersection,N,Entrance/Exit Ramp Related,None,,,         ,Wesley,Young,Rain,Not Collision with Motor Vehicle in Transport,no,no,no,no,no,False
102792840,METROPOLITAN NASHVILLE POLICE DEPT,20200611692,Davidson,Nashville,9/24/2020 11:33:00 AM,2,0,0,36.039610,-86.768420,CLOVERLAND DR,,,,244.00,Feet,South,OLD HICKORY BLVD,,,,0.00,N,Not at Intersection, ,Non-Junction,None,,,         ,Tony,Folad,Rain,Front to Rear,no,no,no,no,no,False
102792845,METROPOLITAN NASHVILLE POLICE DEPT,20200611741,Davidson,Nashville,9/24/2020 12:30:00 PM,2,0,0,36.124840,-86.847030,WOODMONT BLVD,,,,0.00,,,,,,,0.00,,Not at Intersection, ,Non-Junction,None,,,         ,Curtis,Rich,Cloudy,Other,no,no,no,yes,yes,False
102792847,METROPOLITAN NASHVILLE POLICE DEPT,20200611526,Davidson,Nashville,9/24/2020 10:20:00 AM,3,0,0,36.168160,-86.690160,LEBANON PKE,,,,0.00,,,BRILEY PKWY S EXT RAMP,,,,0.00,Y,OTHER,N,Intersection,None,,,         ,Michael,Brooks,Rain,Angle,no,no,no,no,no,False
102792883,METROPOLITAN NASHVILLE POLICE DEPT,20200611609,Davidson,Nashville,9/24/2020 11:30:00 AM,2,0,0,36.071480,-86.664310,UNA ANTIOCH PIKE,,,,0.00,,,APOLLO DR,,,,0.00,Y,T-Intersection, ,Intersection,None,,,         ,William,Burnett,Cloudy,Front to Rear,no,no,no,no,no,False
102792893,METROPOLITAN NASHVILLE POLICE DEPT,20200611777,Davidson,Not in City Limit,9/24/2020 12:57:00 PM,2,0,0,36.270280,-86.717110,LIBERTY HILL DR,,,,32.00,Feet,West,HERITAGE VIEW BLVD,,,,0.00,N,Not at Intersection, ,Non-Junction,None,,,         ,Ian,Wilson,Clear,Angle,no,no,no,no,no,False
102792897,METROPOLITAN NASHVILLE POLICE DEPT,20200611760,Davidson,Nashville,9/24/2020 12:54:00 PM,2,0,0,36.161260,-86.777350,4TH AVN,,,,97.00,Feet,North,BROADWAY,,,,0.00,N,Not at Intersection, ,Non-Junction,None,,,         ,Erik,Wagner,Rain,Angle,no,no,no,no,no,False
102792910,METROPOLITAN NASHVILLE POLICE DEPT,20200611695,Davidson,Nashville,9/24/2020 12:16:00 PM,2,1,0,36.146860,-86.743730,FESSLERS LN,,,,49.00,Feet,North,RUNDLE AV,,,,0.00,N,Not at Intersection,N,Non-Junction,None,,,         ,Joshua,Hausman,Clear,Front to Rear,no,no,no,no,no,False
102792921,METROPOLITAN NASHVILLE POLICE DEPT,20200611726,Davidson,Nashville,9/24/2020 12:33:00 PM,2,2,0,36.200550,-86.620930,OLD HICKORY BLVD,,,,0.00,,,PLANTATION DR,,,,0.00,Y,Four-Way,N,Intersection,None,,,         ,William,Mckay,,Angle,no,no,no,no,no,False
102792927,METROPOLITAN NASHVILLE POLICE DEPT,20200611206,Davidson,Not in City Limit,9/24/2020 6:52:00 AM,3,1,0,36.323830,-86.867140,I 24,,,,0.00,,,,,,,35.00,N,Not at Intersection,N,Non-Junction,None,,,         ,Garren,Hoskins,,Front to Rear,no,no,no,no,no,False
102792933,METROPOLITAN NASHVILLE POLICE DEPT,20200611410,Davidson,Nashville,9/24/2020 9:04:00 AM,2,1,0,36.101270,-86.721780,ANTIOCH PKE,,,,0.00,,,GLENCLIFF RD,,,,0.00,Y,Four-Way,N,Intersection-Related,None,,,         ,Alex,Moore,Rain,Front to Rear,no,no,no,no,no,False
102792934,METROPOLITAN NASHVILLE POLICE DEPT,20200611468,Davidson,Nashville,9/24/2020 9:38:00 AM,2,0,0,36.059070,-86.716220,NOLENSVILLE PKE,,,,0.00,,,TUSCULUM RD,,,,0.00,Y,Four-Way,N,Intersection,None,,,         ,Alex,Moore,Rain,Angle,no,no,no,no,no,False
102792954,METROPOLITAN NASHVILLE POLICE DEPT,20200611890,Davidson,Nashville,9/24/2020 2:14:00 PM,3,1,0,36.211480,-86.765270,DONALD ST,,,,0.00,,,DICKERSON PKE,,,,0.00,Y,T-Intersection,N,Intersection,None,,,         ,Russell,Freeman,,Angle,no,no,no,no,no,False
102792979,METROPOLITAN NASHVILLE POLICE DEPT,20200611932,Davidson,Not in City Limit,9/24/2020 2:45:00 PM,2,0,0,36.273610,-86.689460,MYATT DR,,,,544.00,Feet,North,ANDERSON LN,,,,0.00,N,Not at Intersection, ,Non-Junction,None,,,         ,Christopher,Littles,,Front to Rear,no,no,no,no,no,False
102793003,METROPOLITAN NASHVILLE POLICE DEPT,20200611999,Davidson,Nashville,9/24/2020 3:16:00 PM,2,0,0,36.134340,-86.780980,WEDGEWOOD AV,,,,0.00,,,ACKLEN AV,,,,0.00,Y,OTHER, ,Non-Junction,None,,,         ,Sekou,Samassi,Cloudy,Front to Rear,no,no,no,no,no,False
102793006,METROPOLITAN NASHVILLE POLICE DEPT,20200612088,Davidson,Antioch,9/24/2020 4:10:00 PM,2,0,0,36.032070,-86.612040,OLD HICKORY BLVD,,,,215.00,Feet,South,PRESERVE BLVD,,,,0.00,N,Not at Intersection,N,Non-Junction,None,,,         ,Brandon,Simpkins,Cloudy,Front to Rear,no,no,no,no,no,False
102793013,METROPOLITAN NASHVILLE POLICE DEPT,20200612055,Davidson,Nashville,9/24/2020 3:45:00 PM,2,0,0,36.184090,-86.814410,CLARKSVILLE PIKE,,,,77.00,Feet,West,23RD AVE N,,,,0.00,N,Not at Intersection,N,Non-Junction,None,,,         ,Chad,Connors,Cloudy,Angle,no,no,no,no,yes,False
102793022,METROPOLITAN NASHVILLE POLICE DEPT,20200612006,Davidson,Nashville,9/24/2020 2:21:00 PM,2,0,0,36.223700,-86.774540,I 65,,,,0.00,,,,,,,88.50,N,Not at Intersection, ,Non-Junction,None,,,         ,Melvin,Taylor,,"Sideswipe, Same Direction",no,no,no,no,no,False
102793024,METROPOLITAN NASHVILLE POLICE DEPT,20200612037,Davidson,Nashville,9/24/2020 3:05:00 PM,3,0,0,36.157550,-86.790670,I 40,,,,0.00,,,,,,,209.00,N,Not at Intersection, ,Non-Junction,None,,,         ,Zachary,Plese,Clear,Front to Rear,no,no,no,no,yes,False
102793033,GOODLETTSVILLE POLICE DEPT,20-28500,Davidson,Goodlettsville,9/24/2020 1:13:00 PM,3,1,0,36.294910,-86.728360,DICKERSON PKES,,,,589.00,Feet,West,ROBERT CARTWRIGHT DR,,,,0.00,N,Not at Intersection,N,Non-Junction,None,,,         ,William,Hunter,Cloudy,HeadOn,no,no,no,no,no,False
102793036,METROPOLITAN NASHVILLE POLICE DEPT,20200612150,Davidson,Nashville,9/24/2020 4:28:00 PM,2,0,0,36.148810,-86.666280,ELM HILL PKE,,,,0.00,,,DONELSON PKE,,,,0.00,Y,Four-Way, ,,None,,,         ,Adam,Warren,,,no,no,no,no,no,False
102793053,METROPOLITAN NASHVILLE POLICE DEPT,20200611996,Davidson,Nashville,9/24/2020 3:17:00 PM,1,1,0,36.135660,-86.725030,-- UNKNOWN RAMP/ROAD --,,,,0.00,,,US HWY 41,,,,0.00,Y,Four-Way,N,Intersection,None,,,         ,Michael,Fox,Cloudy,Not Collision with Motor Vehicle in Transport,no,no,no,no,no,False
102793064,METROPOLITAN NASHVILLE POLICE DEPT,20200612157,Davidson,Nashville,9/24/2020 3:30:00 PM,2,0,0,36.202740,-86.767750,LUTON ST,,,,478.00,Feet,West,MERIDIAN ST,,,,0.00,N,Not at Intersection, ,Non-Junction,None,,,         ,Trevor,Jones,Clear,Angle,no,no,no,no,no,False
102793073,METROPOLITAN NASHVILLE POLICE DEPT,20200612201,Davidson,Nashville,9/24/2020 4:58:00 PM,2,0,0,36.107670,-86.812750,HILLSBORO PKE,,,,55.00,Feet,South,GREEN HILLS VILLAGE DR,,,,0.00,N,Not at Intersection, ,Non-Junction,None,,,         ,Edin,Plancic,,Front to Rear,no,no,no,no,no,False
102793077,METROPOLITAN NASHVILLE POLICE DEPT,20200610602,Davidson,Nashville,9/23/2020 8:22:00 PM,3,0,0,36.110940,-86.745220,NOLENSVILLE PKE,,,,0.00,,,THOMPSON LN,,,,0.00,Y,Four-Way, ,Non-Junction,None,,,         ,Zachary,Smith,,Other,no,no,no,no,no,False
102793087,METROPOLITAN NASHVILLE POLICE DEPT,2020-0612255,Davidson,Nashville,9/24/2020 5:25:00 PM,2,0,0,36.205020,-86.737620,GALLATIN PKE,,,,0.00,,,MCGAVOCK PKE,,,,0.00,Y,Four-Way, ,Non-Junction,None,,,         ,Wayne,Helm,,Front to Rear,no,no,no,no,no,False
102793094,METROPOLITAN NASHVILLE POLICE DEPT,20200612275,Davidson,Nashville,9/24/2020 5:03:00 PM,2,0,0,36.183820,-86.748370,EASTLAND AV,,,,0.00,,,GALLATIN AV,,,,0.00,Y,T-Intersection, ,,None,,,         ,Zachary,Aldrich,,,no,no,no,no,no,False
102793103,METROPOLITAN NASHVILLE POLICE DEPT,20200612294,Davidson,Nashville,9/24/2020 5:42:00 PM,2,0,0,36.193310,-86.753290,ELLINGTON PKWY S ENT RAMP,,,,0.00,Feet,East,ELLINGTON PKWY S EXT RAMP,,,,0.00,N,Not at Intersection,N,Non-Junction,None,,,         ,Ryan,Coll,,Angle,no,no,no,no,no,False
102793110,GOODLETTSVILLE POLICE DEPT,20-28512,Davidson,Goodlettsville,9/24/2020 4:53:00 PM,2,0,0,36.312080,-86.706590,RIVERGATE PKWY,,,,0.00,,,TWO MILE PKE,,,,0.00,Y,T-Intersection,N,Intersection,None,,,         ,Nicholas,Given,Cloudy,Angle,no,no,no,no,no,False
102793132,METROPOLITAN NASHVILLE POLICE DEPT,20200612265,Davidson,Goodlettsville,9/24/2020 5:28:00 PM,2,2,0,36.288950,-86.693410,MYATT DR,,,,83.00,Feet,North,EDENWOLD RD,,,,0.00,N,Not at Intersection,N,Non-Junction,None,,,         ,Christopher,Littles,,Angle,no,no,no,no,no,False
102793136,METROPOLITAN NASHVILLE POLICE DEPT,20200612137,Davidson,Nashville,9/24/2020 4:27:00 PM,1,1,0,36.200050,-86.591920,TULIP GROVE RD,,,,117.00,Feet,North,CHANDLER RD,,,,0.00,N,Not at Intersection,N,Non-Junction,None,,,         ,Terence,Mitchell,,Not Collision with Motor Vehicle in Transport,no,no,no,no,no,False
102793147,METROPOLITAN NASHVILLE POLICE DEPT,20200612384,Davidson,Nashville,9/24/2020 6:39:00 PM,1,0,0,36.153740,-86.787840,I 40,,,,0.00,,,,,,,209.30,N,Not at Intersection,Y,Entrance/Exit Ramp Related,None,,,         ,Trevor,Taylor,Clear,Not Collision with Motor Vehicle in Transport,no,no,no,no,no,False
102793148,METROPOLITAN NASHVILLE POLICE DEPT,20200612445,Davidson,Nashville,9/24/2020 7:22:00 PM,3,1,0,36.109610,-86.681200,MURFREESBORO PKE,,,,519.00,Feet,East,AIR FREIGHT BLVD,,,,0.00,N,Not at Intersection,N,Non-Junction,None,,,         ,Edward,Starke,,Front to Rear,no,no,no,no,yes,False
102793150,METROPOLITAN NASHVILLE POLICE DEPT,20200612404,Davidson,Nashville,9/24/2020 12:00:00 AM,2,0,0,36.239640,-86.780750,BRILEY PKWY W EXT RAMP,,,,0.00,,,BRICK CHURCH PKE,,,,0.00,Y,T-Intersection,Y,Entrance/Exit Ramp Related,None,,,         ,Matthew,Herod,,Front to Rear,no,no,no,no,yes,False
102793158,METROPOLITAN NASHVILLE POLICE DEPT,20200612525,Davidson,Nashville,9/24/2020 8:08:00 PM,2,0,0,36.249340,-86.719450,GALLATIN PKES,,,,10.00,Feet,North,E PALESTINE AV,,,,0.00,N,Not at Intersection,N,Non-Junction,None,,,         ,Joshua,Zambrano-Vera,,Front to Rear,no,no,no,no,yes,False
102793169,METROPOLITAN NASHVILLE POLICE DEPT,20200612497,Davidson,Nashville,9/24/2020 5:30:00 PM,2,0,0,36.158110,-86.759900,I 24,,,,0.00,,,,,,,49.60,N,Not at Intersection,N,Non-Junction,None,,,         ,Roy,Sain Jr.,,Front to Rear,no,no,no,no,no,False
102793186,METROPOLITAN NASHVILLE POLICE DEPT,20200612521,Davidson,Nashville,9/24/2020 8:10:00 PM,1,0,0,36.196500,-86.751920,JEWEL ST,,,,834.00,Feet,South,ONEIDA AV,,,,0.00,N,Not at Intersection,N,OtherLocation,None,,,         ,Benny,Pittman,Clear,Not Collision with Motor Vehicle in Transport,no,no,no,yes,no,False
102793199,METROPOLITAN NASHVILLE POLICE DEPT,20200612579,Davidson,Nashville,9/24/2020 8:50:00 PM,2,0,0,36.058560,-86.597750,HAMILTON CHURCH RD,,,,0.00,,,HOBSON PKE,,,,0.00,Y,Four-Way,N,Intersection-Related,None,,,         ,Joel,Bennett,Clear,Angle,no,no,no,no,yes,False
102793223,METROPOLITAN NASHVILLE POLICE DEPT,20200612374,Davidson,Nashville,9/24/2020 6:01:00 PM,2,0,0,36.127230,-86.711780,MURFREESBORO PKE,,,,376.00,Feet,West,THOMPSON PL,,,,0.00,N,Not at Intersection,N,Non-Junction,None,,,         ,Dontaveous,Eubanks,,"Sideswipe, Opposite Direction",no,no,no,yes,yes,False
102793242,METROPOLITAN NASHVILLE POLICE DEPT,20200612499,Davidson,Madison,9/24/2020 7:55:00 PM,2,1,0,36.256660,-86.714190,GALLATIN PKES,,,,183.00,Feet,North,NEELYS BEND RD,,,,0.00,N,Not at Intersection,N,Non-Junction,None,,,         ,Christopher,Littles,,Front to Rear,no,no,no,no,no,False
102793246,METROPOLITAN NASHVILLE POLICE DEPT,20200612448,Davidson,Madison,9/24/2020 7:20:00 PM,2,0,0,36.261300,-86.712510,GALLATIN PKES,,,,23.00,Feet,North,MAPLE ST,,,,0.00,N,Not at Intersection, ,Non-Junction,None,,,         ,David,Harms,,Angle,no,no,no,no,no,False
102793251,METROPOLITAN NASHVILLE POLICE DEPT,20200612320,Davidson,Nashville,9/24/2020 5:59:00 PM,2,1,0,36.168490,-86.813980,I40 E EXT RAMP,,,,0.00,Feet,East,I 40,,,,0.00,N,Not at Intersection,N,Non-Junction,None,,,         ,Peter,Vaught,Clear,"Sideswipe, Same Direction",no,no,no,no,no,False
102793286,METROPOLITAN NASHVILLE POLICE DEPT,20200612597,Davidson,Not in City Limit,9/24/2020 9:07:00 PM,3,5,0,36.270390,-86.759470,OLD HICKORY BLVD,,,,789.00,Feet,East,MARYDALE DR,,,,0.00,N,Not at Intersection,N,Non-Junction,None,,,         ,Christopher,Littles,,HeadOn,no,no,no,no,no,False
102793299,METROPOLITAN NASHVILLE POLICE DEPT,20200612407,Davidson,Nashville,9/24/2020 12:00:00 AM,2,0,0,36.205950,-86.776370,I 65,,,,0.00,,,,,,,87.30,N,Not at Intersection,Y,Entrance/Exit Ramp Related,None,,,         ,McKenzie,Harper,,"Sideswipe, Same Direction",no,no,no,no,yes,False