master_record_number,agency,agency_tracking_number,county,city,collision_date,vehicles_involved,number_injured,number_dead,latitude,longitude,roadway_name,roadway_suffix,roadway_number,roadway_local_id,distance_from_reference,miles-feet_indicator,direction_from_reference,intersection_road_name,intersection_road_name_suffix,intersection_road_number,intersection_local_id,mile_marker,intersection_indicator,intersect_type,interchange_related_indicator,relation_to_junction,work_zone_type,construction_maintenance_zone,construction_maintenance_zone_location,fatal_case_number,officer_first_name,officer_last_name,weather_condition(s),manner_of_crash,pedestrian,bicycle,scooter,parking,hitrun,mou
102794735,METROPOLITAN NASHVILLE POLICE DEPT,20200616522,Davidson,Nashville,9/26/2020 9:21:00 PM,2,0,0,36.073640,-86.731960,EDMONDSON PKE,,,,614.00,Feet,North,MILNER DR,,,,0.00,N,Not at Intersection,N,Non-Junction,None,,,         ,Aaron,Brumley,,HeadOn,no,no,no,no,yes,False
102794737,METROPOLITAN NASHVILLE POLICE DEPT,20200616572,Davidson,Nashville,9/26/2020 11:43:00 PM,2,0,0,36.200550,-86.620930,OLD HICKORY BLVD,,,,0.00,,,PLANTATION DR,,,,0.00,Y,T-Intersection,N,Intersection-Related,None,,,         ,Jason,Kedzierski,,Angle,no,no,no,no,yes,False
102794740,METROPOLITAN NASHVILLE POLICE DEPT,20200616607,Davidson,Nashville,9/26/2020 11:55:00 PM,1,1,0,36.161140,-86.757420,DAVIDSON ST,,,,309.00,Feet,East,DAVIDSON STREET BIKE CNCTR,,,,0.00,N,Not at Intersection,N,Non-Junction,None,,,         ,Jackson,Sanders,,Not Collision with Motor Vehicle in Transport,yes,no,no,no,yes,False
102794744,METROPOLITAN NASHVILLE POLICE DEPT,20200616303,Davidson,Nashville,9/26/2020 8:10:00 PM,2,2,0,36.120820,-86.703590,GLENGARRY DR,,,,15.00,Feet,East,US HWY 41,,,,0.00,N,Not at Intersection,N,Non-Junction,None,,,         ,Robert,Leverick,Clear,Front to Rear,no,no,no,no,no,False
102794745,METROPOLITAN NASHVILLE POLICE DEPT,20200616650,Davidson,Nashville,9/27/2020 12:00:00 AM,2,0,0,36.200420,-86.776410,I 65,,,,0.00,,,,,,,86.90,N,Not at Intersection,N,Non-Junction,None,,,         ,Jacob,Dick,,"Sideswipe, Same Direction",no,no,no,no,yes,False
102794748,METROPOLITAN NASHVILLE POLICE DEPT,20200616589,Davidson,Nashville,9/27/2020 12:00:00 AM,1,0,0,36.070230,-86.684660,HAYWOOD LN,,,,42.00,Feet,West,ANTIOCH PKE,,,,0.00,N,Not at Intersection,N,Non-Junction,None,,,         ,William,Williams,Clear,Not Collision with Motor Vehicle in Transport,no,no,no,no,yes,False
102794749,METROPOLITAN NASHVILLE POLICE DEPT,20200616534,Davidson,Nashville,9/26/2020 12:00:00 AM,2,2,0,36.173620,-86.808360,DR D B TODD JR BLVD,,,,0.00,,,COCKRILL ST,,,,0.00,Y,T-Intersection,N,Intersection,None,,,         ,Cameron,VanLierop,Clear,Angle,no,no,no,no,no,False
102794751,METROPOLITAN NASHVILLE POLICE DEPT,20200616213,Davidson,Nashville,9/26/2020 7:00:00 PM,2,1,0,36.153250,-86.794010,17TH AVS,,,,0.00,Feet,,BROADWAY,,,,0.00,Y,Y-Intersection,Y,Intersection-Related,None,,,         ,Clayton,Cox,,Front to Rear,no,no,no,no,no,False
102794753,METROPOLITAN NASHVILLE POLICE DEPT,20200616653,Davidson,Nashville,9/26/2020 10:20:00 PM,2,0,0,36.080060,-86.709220,TAMPA DR,,,,62.00,Feet,South,RICHBRIAR RD,,,,0.00,N,Not at Intersection,N,Non-Junction,None,,,         ,Teresah,Pinho,Clear,Front to Rear,no,no,no,no,yes,False
102794755,METROPOLITAN NASHVILLE POLICE DEPT,20200616698,Davidson,Nashville,9/27/2020 1:08:00 AM,1,0,0,36.049110,-86.651950,STATE HWY 254,,,,120.00,Feet,West,HICKORY HOLLOW LN,,,,0.00,N,Not at Intersection,N,Non-Junction,None,,,         ,Luke,Steigerwalt,Clear,Not Collision with Motor Vehicle in Transport,no,no,no,yes,yes,False
102794759,METROPOLITAN NASHVILLE POLICE DEPT,20200616496,Davidson,Nashville,9/26/2020 9:00:00 PM,2,0,0,36.155810,-86.795920,17TH AVN,,,,4.00,Feet,South,CHURCH ST,,,,0.00,N,Not at Intersection,N,Non-Junction,None,,,         ,Brandon,Lopez,,Front to Rear,no,no,no,no,yes,False
102794760,METROPOLITAN NASHVILLE POLICE DEPT,20200616380,Davidson,Nashville,9/26/2020 8:35:00 PM,2,0,0,36.166820,-86.816880,I 40,,,,0.00,,,,,,,206.70,N,Not at Intersection, ,Non-Junction,None,,,         ,Cameron,VanLierop,,"Sideswipe, Same Direction",no,no,no,no,no,False
102794761,METROPOLITAN NASHVILLE POLICE DEPT,20200616668,Davidson,Nashville,9/27/2020 1:09:00 AM,1,0,0,36.172460,-86.869920,BRILEY PKWY S EXT RAMP,,,,0.00,Feet,East,BRILEY PKWYS,,,,0.00,N,Not at Intersection,N,Non-Junction,None,,,         ,Kenneth,Bray,Clear,Not Collision with Motor Vehicle in Transport,no,no,no,no,yes,False
102794772,METROPOLITAN NASHVILLE POLICE DEPT,20200616669,Davidson,Not in City Limit,9/27/2020 12:45:00 AM,2,0,0,36.256730,-86.766180,BELLSHIRE TERRACE CT,,,,273.00,Feet,East,BELLSHIRE TERRACE DR,,,,0.00,N,Not at Intersection,N,Non-Junction,None,,,         ,Coleman,McKellar,,Front to Rear,no,no,no,no,yes,False
102794773,METROPOLITAN NASHVILLE POLICE DEPT,20200616679,Davidson,Nashville,9/27/2020 1:23:00 AM,2,0,0,36.151760,-86.768630,2ND AVS,,,,0.00,,,I40 W EXT RAMP,,,,0.00,Y,Four-Way,N,Entrance/Exit Ramp Related,None,,,         ,Daniel,Russett,Clear,Angle,no,no,no,no,yes,False
102794819,METROPOLITAN NASHVILLE POLICE DEPT,20200616821,Davidson,Not in City Limit,9/27/2020 3:08:00 AM,1,2,0,36.081230,-86.929780,HICKS RD,,,,211.00,Feet,East,POST CREEK RD,,,,0.00,N,Not at Intersection,N,Non-Junction,None,,,         ,David,Moser,Clear,Not Collision with Motor Vehicle in Transport,no,no,no,no,no,False
102794820,METROPOLITAN NASHVILLE POLICE DEPT,20200616611,Davidson,Antioch,9/27/2020 12:01:00 AM,1,0,0,36.028430,-86.590560,MURFREESBORO PKE,,,,39.00,Feet,North,LAVERGNE COUCHVILLE PKE,,,,0.00,N,Not at Intersection,N,Non-Junction,None,,,         ,Douglas,Meringer,Clear,Not Collision with Motor Vehicle in Transport,no,no,no,no,no,False
102794823,METROPOLITAN NASHVILLE POLICE DEPT,20200616516,Davidson,Nashville,9/26/2020 11:05:00 PM,1,0,0,36.220960,-86.756370,HART CT,,,,20.00,Feet,North,HART LN,,,,0.00,N,Not at Intersection,N,Non-Junction,None,,,         ,Eric,Cunningham,,Not Collision with Motor Vehicle in Transport,no,no,no,no,yes,False
102794824,METROPOLITAN NASHVILLE POLICE DEPT,20200616866,Davidson,Nashville,9/27/2020 12:00:00 AM,1,1,0,36.142910,-86.874610,CHARLOTTE PKE,,,,0.00,,,WILCLAY DR,,,,0.00,Y,OTHER,N,Non-Junction,Work Zone,Work On Shoulder Or Median,Unknown,         ,Christian,Downen,Clear,Unknown,no,no,no,no,no,False
102794827,METROPOLITAN NASHVILLE POLICE DEPT,20200616902,Davidson,Nashville,9/27/2020 4:10:00 AM,1,0,0,36.090960,-86.734630,NOLENSVILLE PKE,,,,210.00,Feet,South,YELTON CT,,,,0.00,N,Not at Intersection,N,Non-Junction,None,,,         ,Autumn,Manning,Clear,Not Collision with Motor Vehicle in Transport,no,no,no,no,yes,False
102794829,METROPOLITAN NASHVILLE POLICE DEPT,20200616930,Davidson,Nashville,9/27/2020 5:13:00 AM,1,0,0,36.112220,-86.689090,MCGAVOCK PIKE,,,,128.00,Feet,South,RAMP,,,,0.00,N,Not at Intersection,N,Non-Junction,None,,,         ,Robert,Leverick,Clear,Not Collision with Motor Vehicle in Transport,no,no,no,no,no,False
102794830,METROPOLITAN NASHVILLE POLICE DEPT,20200616585,Davidson,Nashville,9/27/2020 12:04:00 AM,1,0,0,36.041240,-86.777210,OLD HICKORY BLVD,,,,299.00,Feet,West,BRENTWOOD COMMONS WAY,,,,0.00,N,Not at Intersection,N,Non-Junction,None,,,         ,Ricardo,Cruz,,Not Collision with Motor Vehicle in Transport,no,no,no,no,no,False
102794844,METROPOLITAN NASHVILLE POLICE DEPT,20200616170,Davidson,Nashville,9/26/2020 6:20:00 PM,2,1,0,36.250690,-86.689450,NEELYS BEND RD,,,,199.00,Feet,West,CENTER ST,,,,0.00,N,Not at Intersection,N,Non-Junction,None,,,         ,Austin,Roemeling,Clear,Angle,no,no,no,no,no,False
102794858,METROPOLITAN NASHVILLE POLICE DEPT,20200617067,Davidson,Nashville,9/27/2020 12:00:00 AM,1,0,0,36.247820,-86.681080,SIOUX TER,,,,208.00,Feet,East,NEELYS BEND RD,,,,0.00,N,Not at Intersection,N,Non-Junction,None,,,         ,Dillon,Hunt,Unknown,Not Collision with Motor Vehicle in Transport,no,no,no,no,yes,False
102794873,METROPOLITAN NASHVILLE POLICE DEPT,20200617055,Davidson,Not in City Limit,9/27/2020 12:00:00 AM,1,0,0,36.270700,-86.931570,LITTLE MARROWBONE RD,,,,1879.00,Feet,West,GRAYS POINT RD,,,,0.00,N,Not at Intersection,N,Non-Junction,None,,,         ,Jordan,Shaffer,Unknown,Not Collision with Motor Vehicle in Transport,no,no,no,yes,yes,False
102794892,METROPOLITAN NASHVILLE POLICE DEPT,20200617197,Davidson,Nashville,9/27/2020 9:52:00 AM,2,0,0,36.069980,-86.684360,ANTIOCH PKE,,,,122.00,Feet,South,HAYWOOD LN,,,,0.00,N,Not at Intersection,N,Non-Junction,None,,,         ,Stanley,Collins,,Front to Rear,no,no,no,no,yes,False
102794898,METROPOLITAN NASHVILLE POLICE DEPT,20200617227,Davidson,Nashville,9/27/2020 12:00:00 AM,2,0,0,36.182010,-86.803710,10TH AVN,,,,291.00,Feet,South,COFFEE ST,,,,0.00,N,Not at Intersection,N,Non-Junction,None,,,         ,Julie,Nabors,Unknown,"Sideswipe, Same Direction",no,no,no,no,yes,False
102794912,METROPOLITAN NASHVILLE POLICE DEPT,20200617236,Davidson,Nashville,9/27/2020 10:23:00 AM,2,0,0,36.059680,-86.670980,HICKORY HOLLOW PKWY,,,,15.00,Feet,South,UNA ANTIOCH PKE,,,,0.00,N,Not at Intersection, ,Non-Junction,None,,,         ,Michael,Moss,,Angle,no,no,no,no,no,False
102794921,METROPOLITAN NASHVILLE POLICE DEPT,20200617349,Davidson,Madison,9/27/2020 11:30:00 AM,2,1,0,36.293840,-86.696450,MYATT DR,,,,0.00,Feet,,SPRING BRANCH DR,,,,0.00,Y,T-Intersection,N,Intersection,None,,,         ,Ian,Wilson,,Front to Rear,no,no,no,no,no,False
102794930,METROPOLITAN NASHVILLE POLICE DEPT,20200617307,Davidson,Nashville,9/27/2020 11:24:00 AM,3,0,0,36.146520,-86.626020,BELL RD,,,,300.00,Feet,South,TRAILS CIR,,,,0.00,N,Not at Intersection,N,Non-Junction,None,,,         ,Patrick,Lancaster,Clear,Front to Rear,no,no,no,no,no,False
102794931,METROPOLITAN NASHVILLE POLICE DEPT,20200617332,Davidson,Nashville,9/27/2020 11:50:00 AM,2,0,0,36.151580,-86.771100,4TH AVS,,,,90.00,Feet,South,LAFAYETTE ST,,,,0.00,N,Not at Intersection, ,,None,,,         ,Kimberly,Forsyth,,,no,no,no,no,no,False
102794970,METROPOLITAN NASHVILLE POLICE DEPT,2020-0617179,Davidson,Nashville,9/27/2020 8:00:00 AM,2,0,0,36.152700,-86.658380,COLFAX DR,,,,210.00,Feet,North,TWIN LAWN DR,,,,0.00,N,Not at Intersection,N,Non-Junction,None,,,         ,Crockett,Bruce,Clear,"Sideswipe, Opposite Direction",no,no,no,no,yes,False
102794977,METROPOLITAN NASHVILLE POLICE DEPT,20200617322,Davidson,Nashville,9/27/2020 11:38:00 AM,2,0,0,36.043720,-86.642020,MT VIEW RD,,,,392.00,Feet,West,BABY RUTH LN,,,,0.00,N,Not at Intersection,N,Non-Junction,None,,,         ,Nicholas,Carter,,"Sideswipe, Opposite Direction",no,no,no,no,no,False
102794991,METROPOLITAN NASHVILLE POLICE DEPT,20200617419,Davidson,Nashville,9/27/2020 1:22:00 PM,2,0,0,36.193830,-86.623000,LEBANON PKE,,,,424.00,Feet,North,JUAREZ DR,,,,0.00,N,Not at Intersection, ,Non-Junction,None,,,         ,Ian,Hammond,Clear,Front to Rear,no,no,no,no,no,False
102794996,METROPOLITAN NASHVILLE POLICE DEPT,20200617381,Davidson,Nashville,9/27/2020 12:49:00 PM,1,1,0,36.156540,-86.759670,I24 W ENT RAMP,,,,0.00,Feet,East,I 24,,,,0.00,N,Not at Intersection,N,Non-Junction,None,,,         ,Jason,Thomas,Cloudy,Not Collision with Motor Vehicle in Transport,no,no,no,no,no,False
102795002,METROPOLITAN NASHVILLE POLICE DEPT,20200617343,Davidson,Nashville,9/27/2020 12:10:00 PM,2,0,0,36.120170,-86.932530,WEST RUNNING BROOK RD,,,,469.00,Feet,South,HALEYS HOPE CT,,,,0.00,N,Not at Intersection, ,"Driveway, Alley Access, etc",None,,,         ,Chase,Carter,Clear,Rear to Rear,no,no,no,yes,no,False
102795013,METROPOLITAN NASHVILLE POLICE DEPT,20200617363,Davidson,Nashville,9/27/2020 12:21:00 PM,3,0,0,36.087830,-86.649260,MURFREESBORO PKE,,,,376.00,Feet,North,RANSOM PL,,,,0.00,N,Not at Intersection, ,Non-Junction,None,,,         ,MIchael,Mihajlov,,Front to Rear,no,no,no,no,no,False
102795018,METROPOLITAN NASHVILLE POLICE DEPT,20200617390,Davidson,Nashville,9/27/2020 12:35:00 PM,2,1,0,36.066060,-86.738120,BREWER DR,,,,0.00,,,EDMONDSON PKE,,,,0.00,Y,Four-Way,N,Intersection-Related,None,,,         ,Cynthia,Quirouette,,Front to Rear,no,no,no,no,yes,False
102795047,METROPOLITAN NASHVILLE POLICE DEPT,20200617368,Davidson,Nashville,9/27/2020 12:30:00 PM,3,1,0,36.130220,-86.900210,CHARLOTTE PKE,,,,83.00,Feet,West,I40 W EXT RAMP,,,,0.00,N,Not at Intersection,N,Non-Junction,None,,,         ,Gerry,Hutcheson,Clear,Front to Rear,no,no,no,no,no,False
102795083,METROPOLITAN NASHVILLE POLICE DEPT,20200617533,Davidson,Nashville,9/27/2020 1:38:00 PM,2,0,0,36.168640,-86.682340,FAIRWAY DR,,,,155.00,Feet,South,LEBANON PKE,,,,0.00,N,Not at Intersection,N,Non-Junction,None,,,         ,Douglas,Mann,Clear,Angle,no,no,no,no,yes,False
102795102,METROPOLITAN NASHVILLE POLICE DEPT,20200617554,Davidson,Nashville,9/27/2020 3:20:00 PM,2,1,0,36.185300,-86.636500,JACKSON DOWNS BLVD,,,,0.00,Feet,East,LEBANON PKE,,,,0.00,N,Not at Intersection,N,Non-Junction,None,,,         ,Evan,Grace,,Angle,no,no,no,no,no,False
102795114,METROPOLITAN NASHVILLE POLICE DEPT,20200617536,Davidson,Not in City Limit,9/27/2020 3:00:00 PM,2,0,0,36.262350,-86.680910,E OLD HICKORY BLVD,,,,43.00,Feet,East,RIO VISTA DR,,,,0.00,N,Not at Intersection, ,Non-Junction,None,,,         ,Dylan,Bradley,,Front to Rear,no,no,no,no,yes,False
102795131,WILLIAMSON CO SHERIFFS OFFICE,2021006,Davidson,Nashville,9/27/2020 5:15:00 PM,1,1,0,36.028030,-86.909050,SNEED RDW,,,,1626.00,Feet,West,WILLOWBROOKE CIR,,,,0.00,N,Not at Intersection,N,Non-Junction,None,,,         ,Greg,Wilhelm,Clear,Not Collision with Motor Vehicle in Transport,no,no,no,no,no,False
102795137,METROPOLITAN NASHVILLE POLICE DEPT,20200617664,Davidson,Nashville,9/27/2020 4:20:00 PM,3,1,0,36.129930,-86.901310,CHARLOTTE PKE,,,,164.00,Feet,West,CABOT DR,,,,0.00,N,Not at Intersection,N,Non-Junction,None,,,         ,William,Vanbergen,Clear,Front to Rear,no,no,no,no,yes,False
102795140,METROPOLITAN NASHVILLE POLICE DEPT,20200617721,Davidson,Nashville,9/27/2020 5:45:00 PM,2,1,0,36.087990,-86.653000,RANSOM PL,,,,10.00,Feet,East,OLIVE CIR,,,,0.00,N,Not at Intersection,Y,Non-Junction,None,,,         ,Gary,Anderson,Clear,Front to Rear,no,no,no,no,no,False
102795147,VANDERBILT UNIVERSITY POLICE,20200617629,Davidson,Nashville,9/27/2020 4:15:00 PM,2,0,0,36.106540,-86.764500,POWELL AVE,,,,415.00,Feet,North,POWELL PL,,,,0.00,,Not at Intersection, ,Non-Junction,None,,,         ,Joseph,Bishop,Clear,Rear to Side,no,no,no,yes,no,False
102795150,METROPOLITAN NASHVILLE POLICE DEPT,20200617692,Davidson,Nashville,9/27/2020 5:18:00 PM,1,1,0,36.174530,-86.799140,CHEATHAM PL,,,,0.00,,,MARY ST,,,,0.00,Y,T-Intersection,N,Intersection,None,,,         ,Anna,Clayton,Clear,Unknown,no,no,no,no,no,False
102795154,METROPOLITAN NASHVILLE POLICE DEPT,20200617643,Davidson,Nashville,9/27/2020 2:47:00 PM,3,0,0,36.200550,-86.620930,OLD HICKORY BLVD,,,,0.00,,,PLANTATION DR,,,,0.00,Y,T-Intersection,Y,Intersection,None,,,         ,Melina,Tamborella,,Front to Rear,no,no,no,no,yes,False
102795155,METROPOLITAN NASHVILLE POLICE DEPT,20200617563,Davidson,Nashville,9/27/2020 3:40:00 PM,2,0,0,36.174140,-86.750700,FATHERLAND ST,,,,97.00,Feet,West,S 11TH ST,,,,0.00,N,Not at Intersection, ,Non-Junction,None,,,         ,Donovan,Coble,,"Sideswipe, Opposite Direction",no,no,no,no,no,False
102795173,METROPOLITAN NASHVILLE POLICE DEPT,20200617687,Davidson,Not in City Limit,9/27/2020 5:06:00 PM,1,0,0,36.061440,-86.991160,MCCRORY LN,,,,0.52,Miles,North,RUSSELL RD,,,,0.00,N,Not at Intersection, ,,None,,,         ,Adam,Reese,,,no,no,no,no,no,False
102795180,METROPOLITAN NASHVILLE POLICE DEPT,20200617774,Davidson,Nashville,9/27/2020 6:09:00 PM,2,0,0,36.153240,-86.792220,16TH AVE S,,,,0.00,,,MCGAVOCK ST,,,,0.00,Y,Four-Way, ,Intersection,None,,,         ,Zachary,Plese,Clear,Rear to Side,no,no,no,no,no,False
102795183,METROPOLITAN NASHVILLE POLICE DEPT,20200614960,Davidson,Nashville,9/26/2020 12:50:00 AM,1,0,0,36.167120,-86.609080,I40 E EXT RAMP,,,,20.00,Feet,North,I 40,,,,0.00,N,Not at Intersection,N,Entrance/Exit Ramp Related,None,,,         ,Paul,Stein,Clear,Not Collision with Motor Vehicle in Transport,no,no,no,no,no,False
102795193,METROPOLITAN NASHVILLE POLICE DEPT,20200617814,Davidson,Antioch,9/27/2020 7:00:00 PM,2,0,0,36.047840,-86.612050,MURFREESBORO PKE,,,,1284.00,Feet,North,MOUNTAIN SPRINGS RD,,,,0.00,N,Not at Intersection,N,Non-Junction,None,,,         ,Brandon,Simpkins,Clear,Front to Rear,no,no,no,no,no,False
102795202,METROPOLITAN NASHVILLE POLICE DEPT,20200617551,Davidson,Nashville,9/27/2020 3:35:00 PM,2,0,0,36.131840,-86.895620,CHARLOTTE PKE,,,,0.00,,,I40 E ENT RAMP,,,,0.00,Y,Four-Way, ,Non-Junction,None,,,         ,Andrew,McCarron,Clear,Front to Rear,no,no,no,no,no,False
102795207,METROPOLITAN NASHVILLE POLICE DEPT,20200617722,Davidson,Nashville,9/27/2020 5:41:00 PM,2,0,0,36.144600,-86.872596,CHARLOTTE PK,,,,0.00,,,AMERICAN RD,,,,0.00,Y,T-Intersection,N,Intersection-Related,None,,,         ,Jeremy,Huffine,Clear,Front to Rear,no,no,no,no,yes,False
102795219,METROPOLITAN NASHVILLE POLICE DEPT,20200617486,Davidson,Nashville,9/27/2020 7:00:00 PM,2,1,0,36.161410,-86.792770,GEORGE L DAVIS BLVD,,,,25.00,Feet,South,I40 W ENT RAMP,,,,0.00,N,Not at Intersection,Y,Non-Junction,None,,,         ,Alexander,Hartle,Clear,Angle,no,no,no,no,no,False
102795220,METROPOLITAN NASHVILLE POLICE DEPT,20200617666,Davidson,Nashville,9/27/2020 4:49:00 PM,2,1,0,36.063710,-86.717070,NOLENSVILLE PKE,,,,295.00,Feet,North,FAIRLANE DR,,,,0.00,N,Not at Intersection,N,OtherLocation,None,,,         ,Darci,Stechman,,"Sideswipe, Opposite Direction",no,no,no,no,no,False
102795236,METROPOLITAN NASHVILLE POLICE DEPT,20200617597,Davidson,Goodlettsville,9/27/2020 3:38:00 PM,2,1,0,36.306080,-86.693920,CONFERENCE DR,,,,66.00,Feet,North,RIVERGATE MALL PVTDR,,,,0.00,N,Not at Intersection,N,Non-Junction,None,,,         ,Joshua,Zambrano-Vera,Clear,"Sideswipe, Same Direction",no,no,no,no,no,False
102795237,METROPOLITAN NASHVILLE POLICE DEPT,20200617743,Davidson,Goodlettsville,9/27/2020 5:47:00 PM,2,0,0,36.296250,-86.698660,MYATT DR,,,,113.00,Feet,North,RIVERGATE STATION PVTDR,,,,0.00,N,Not at Intersection, ,Non-Junction,None,,,         ,Joshua,Zambrano-Vera,Clear,Angle,no,no,no,no,no,False
102795272,METROPOLITAN NASHVILLE POLICE DEPT,20200617947,Davidson,Nashville,9/27/2020 8:46:00 PM,2,1,0,36.155640,-86.789710,14TH AVE,,,,0.00,,,US HWY 70,,,,0.00,Y,Four-Way,N,Intersection,None,,,         ,Zachary,Plese,Clear,Angle,no,no,no,no,no,False
102795273,METROPOLITAN NASHVILLE POLICE DEPT,20200617610,Davidson,Not in City Limit,9/27/2020 4:05:00 PM,1,0,0,36.305170,-86.859950,US HWY 431,,,,2032.00,Feet,North,BEAR HOLLOW RD,,,,0.00,N,Not at Intersection,N,Non-Junction,None,,,         ,William,Boler,,Not Collision with Motor Vehicle in Transport,no,no,no,no,no,False
102795282,METROPOLITAN NASHVILLE POLICE DEPT,20200617883,Davidson,Not in City Limit,9/27/2020 7:30:00 PM,1,0,0,35.997800,-86.691190,NOLENSVILLE PKE,,,,515.00,Feet,West,CONCORD RD,,,,0.00,N,Not at Intersection, ,Non-Junction,None,,,         ,Darci,Stechman,,Not Collision with Motor Vehicle in Transport,no,no,no,no,no,False
102795329,METROPOLITAN NASHVILLE POLICE DEPT,20200617903,Davidson,Nashville,9/27/2020 8:10:00 PM,2,1,0,36.129490,-86.714700,MURFREESBORO PKE,,,,0.00,Feet,,MILLWOOD DR,,,,0.00,Y,T-Intersection,N,Intersection-Related,None,,,         ,Molly,Page,Clear,Front to Rear,no,no,no,no,no,False
102795336,METROPOLITAN NASHVILLE POLICE DEPT,20200617835,Davidson,Nashville,9/27/2020 7:19:00 PM,1,2,0,36.161820,-86.599560,BELL RD,,,,718.00,Feet,South,OLD HICKORY BLVD,,,,0.00,N,Not at Intersection,N,Non-Junction,None,,,         ,Melina,Tamborella,,Not Collision with Motor Vehicle in Transport,no,no,no,no,no,False
102795343,METROPOLITAN NASHVILLE POLICE DEPT,20200617984,Davidson,Antioch,9/27/2020 9:25:00 PM,2,3,0,36.013440,-86.620690,I24 E EXT RAMP,,,,0.00,,,I 24,,,,0.00,Y,Four-Way,N,Intersection,None,,,         ,Dalton,Crum,Clear,Angle,no,no,no,no,no,False
102795364,METROPOLITAN NASHVILLE POLICE DEPT,20200618046,Davidson,Nashville,9/27/2020 10:30:00 PM,2,1,0,36.075400,-86.768040,I 65,,,,0.00,,,,,,,77.30,N,Not at Intersection,N,Non-Junction,None,,,         ,Darci,Stechman,,Front to Rear,no,no,no,no,no,False
102795389,METROPOLITAN NASHVILLE POLICE DEPT,20200618059,Davidson,Nashville,9/27/2020 10:10:00 PM,2,0,0,36.146860,-86.743390,I 40,,,,0.00,,,,,,,212.05,N,Not at Intersection, ,Non-Junction,None,,,         ,Jonathan,Handley,Clear,"Sideswipe, Same Direction",no,no,no,no,no,False
102795397,METROPOLITAN NASHVILLE POLICE DEPT,20200618104,Davidson,Nashville,9/27/2020 11:00:00 PM,1,0,0,36.233870,-86.702490,BRILEY PKWYE,,,,895.00,Feet,West,BRILEY PKWYW,,,,0.00,N,Not at Intersection,N,Non-Junction,None,,,         ,Carey,Steel,Clear,Not Collision with Motor Vehicle in Transport,no,no,no,no,yes,False
102795400,METROPOLITAN NASHVILLE POLICE DEPT,20200618252,Davidson,Nashville,9/27/2020 10:30:00 PM,2,0,0,36.079280,-86.632680,BELL RD,,,,46.00,Feet,West,EDGE O LAKE DR,,,,0.00,N,Not at Intersection,N,Non-Junction,None,,,         ,Corey,Ethridge,,Front to Rear,no,no,no,no,yes,False
102795413,METROPOLITAN NASHVILLE POLICE DEPT,20200618293,Davidson,Nashville,9/28/2020 1:40:00 AM,1,0,0,36.141070,-86.664610,I40 E EXT RAMP,,,,0.00,Feet,East,I 40,,,,0.00,N,Not at Intersection,N,Non-Junction,None,,,         ,Torry,Hill,Clear,Unknown,no,no,no,no,yes,False
102795424,METROPOLITAN NASHVILLE POLICE DEPT,20200618321,Davidson,Nashville,9/28/2020 2:05:00 AM,1,0,0,36.070140,-86.684970,HAYWOOD LN,,,,139.00,Feet,West,ANTIOCH PKE,,,,0.00,N,Not at Intersection,N,Non-Junction,None,,,         ,Kaleigh,Pearce,Clear,Unknown,no,no,no,no,yes,False
102795439,METROPOLITAN NASHVILLE POLICE DEPT,20200618399,Davidson,Nashville,9/28/2020 3:30:00 AM,2,0,0,36.104830,-86.717040,I 24,,,,0.00,,,,,,,54.15,N,Not at Intersection, ,Entrance/Exit Ramp Related,None,,,         ,Wallace,Seay III,,"Sideswipe, Same Direction",no,no,no,no,yes,False
102795490,METROPOLITAN NASHVILLE POLICE DEPT,20200618472,Davidson,Nashville,9/28/2020 12:00:00 AM,1,0,0,36.077310,-86.671220,FRANKLIN LIMESTONE RD,,,,450.00,Feet,North,BILLINGSGATE RD,,,,0.00,N,Not at Intersection,N,Non-Junction,None,,,         ,Kyle,Burks,,Not Collision with Motor Vehicle in Transport,no,no,no,no,yes,False
102795491,METROPOLITAN NASHVILLE POLICE DEPT,20200618395,Davidson,Nashville,9/28/2020 3:28:00 AM,1,1,0,36.192610,-86.772650,DICKERSON PKE,,,,147.00,Feet,South,AUCTION WAY,,,,0.00,N,Not at Intersection,N,Non-Junction,None,,,         ,Kristopher,Sutton,Clear,Not Collision with Motor Vehicle in Transport,no,no,no,no,no,False
102795500,METROPOLITAN NASHVILLE POLICE DEPT,2020-0618555,Davidson,Nashville,9/28/2020 6:10:00 AM,1,0,0,36.174150,-86.647390,LEBANON PKE,,,,173.00,Feet,North,YMCA CNCTR,,,,0.00,N,Not at Intersection,N,Non-Junction,None,,,         ,Charles,Large,,Not Collision with Motor Vehicle in Transport,no,no,no,no,no,False
102795511,METROPOLITAN NASHVILLE POLICE DEPT,20200618592,Davidson,Nashville,9/28/2020 6:50:00 AM,2,0,0,36.142190,-86.734580,I 40,,,,0.00,,,,,,,212.85,N,Not at Intersection, ,,None,,,         ,Michael,Brooks,,,no,no,no,no,no,False
102795514,METROPOLITAN NASHVILLE POLICE DEPT,20200618542,Davidson,Antioch,9/28/2020 3:30:00 AM,1,0,0,36.063690,-86.591890,STATE HWY 171,,,,464.00,Feet,North,BEACHMIST WAY,,,,0.00,N,Not at Intersection,N,Non-Junction,None,,,         ,Luke,Steigerwalt,Clear,Not Collision with Motor Vehicle in Transport,no,no,no,no,yes,False