master_record_number,agency,agency_tracking_number,county,city,collision_date,vehicles_involved,number_injured,number_dead,latitude,longitude,roadway_name,roadway_suffix,roadway_number,roadway_local_id,distance_from_reference,miles-feet_indicator,direction_from_reference,intersection_road_name,intersection_road_name_suffix,intersection_road_number,intersection_local_id,mile_marker,intersection_indicator,intersect_type,interchange_related_indicator,relation_to_junction,work_zone_type,construction_maintenance_zone,construction_maintenance_zone_location,fatal_case_number,officer_first_name,officer_last_name,weather_condition(s),manner_of_crash,pedestrian,bicycle,scooter,parking,hitrun,mou
102797069,METROPOLITAN NASHVILLE POLICE DEPT,20200623072,Davidson,Nashville,9/30/2020 7:33:00 AM,2,0,0,36.054292,-86.618688,MURFREESBORO RD,RD,,,0.00,,,MT VIEW RD,RD,US,,0.00,Y,Four-Way, ,Intersection-Related,None,,,         ,Alex,Moore,,Front to Rear,no,no,no,no,no,False
102797070,METROPOLITAN NASHVILLE POLICE DEPT,20200623130,Davidson,Nashville,9/30/2020 7:40:00 AM,2,2,0,36.075010,-86.662540,UNA ANTIOCH PKE,,,,0.00,,,BILLINGSGATE RD,,,,0.00,Y,T-Intersection,N,Intersection,None,,,         ,Alex,Moore,,HeadOn,no,no,no,no,no,False
102797072,METROPOLITAN NASHVILLE POLICE DEPT,20200623143,Davidson,Nashville,9/30/2020 8:00:00 AM,1,0,0,36.235280,-86.796390,VISTA LN,,,,0.00,,,CREEKBEND DR,,,,0.00,Y,T-Intersection, ,Intersection,None,,,         ,Wesley,Young,Clear,Not Collision with Motor Vehicle in Transport,no,no,no,no,no,False
102797083,METROPOLITAN NASHVILLE POLICE DEPT,20200623157,Davidson,Nashville,9/30/2020 8:31:00 AM,2,0,0,36.199060,-86.740960,GALLATIN PKE,,,,0.00,,,DELMAS AV,,,,0.00,Y,T-Intersection,N,Intersection,None,,,         ,Russell,Freeman,Clear,Angle,no,no,no,no,no,False
102797111,METROPOLITAN NASHVILLE POLICE DEPT,20200623453,Davidson,Nashville,9/30/2020 11:43:00 AM,2,1,0,36.155750,-86.809740,CHARLOTTE AV,,,,0.00,,,23RD AVN,,,,0.00,Y,Four-Way,N,Intersection,None,,,         ,Darren,Key,Clear,Front to Rear,no,no,no,no,yes,False
102797117,METROPOLITAN NASHVILLE POLICE DEPT,20200623396,Davidson,Nashville,9/30/2020 10:59:00 AM,2,1,0,36.090020,-86.733660,NOLENSVILLE PKE,,,,0.00,,,ZOO RD,,,,0.00,Y,T-Intersection,N,Intersection,None,,,         ,Robert,Higgins,,Front to Rear,no,no,no,no,no,False
102797167,Metro Park Police,20200616092,Davidson,Nashville,9/26/2020 3:50:00 PM,2,0,0,36.188140,-86.761480,N 6TH ST,,,,43.00,Feet,South,VERNON WINFREY AV,,,,0.00,N,Not at Intersection, ,Non-Junction,None,,,         ,Derek,Adamberger,Clear,"Sideswipe, Same Direction",no,no,no,no,no,False
102797175,METROPOLITAN NASHVILLE POLICE DEPT,20200623627,Davidson,Nashville,9/30/2020 1:20:00 PM,2,0,0,36.177900,-86.795940,DELTA AV,,,,124.00,Feet,West,CHEATHAM PL,,,,0.00,N,Not at Intersection,N,Non-Junction,None,,,         ,Brian,Quigley,Clear,"Sideswipe, Same Direction",no,no,no,no,yes,False
102797190,METROPOLITAN NASHVILLE POLICE DEPT,20200623667,Davidson,Nashville,9/30/2020 1:16:00 PM,2,0,0,36.044770,-86.661110,BELL RD,,,,123.00,Feet,East,CANE RIDGE RD,,,,0.00,N,Not at Intersection, ,Non-Junction,None,,,         ,Cory,Stratton,Clear,Front to Rear,no,no,no,no,yes,False
102797245,METROPOLITAN NASHVILLE POLICE DEPT,20200623497,Davidson,Nashville,9/30/2020 11:55:00 AM,2,1,0,36.059460,-86.672300,BLUE HOLE RD,,,,0.00,,,MILL CREEK BLUE HOLE GRNWY,,,,0.00,Y,OTHER,N,Non-Junction,None,,,         ,Alex,Moore,Clear,Front to Rear,no,no,no,no,no,False
102797290,METROPOLITAN NASHVILLE POLICE DEPT,20200623755,Davidson,Nashville,9/30/2020 2:47:00 PM,2,0,0,36.169860,-86.766780,I 24,,,,0.00,,,,,,,48.70,N,Not at Intersection,N,Non-Junction,None,,,         ,Zachary,Aldrich,,"Sideswipe, Same Direction",no,no,no,no,yes,False
102797291,GOODLETTSVILLE POLICE DEPT,20-29085,Davidson,Goodlettsville,9/30/2020 2:20:00 PM,2,2,0,36.307770,-86.703950,RIVERGATE PKWY,,,,27.00,Feet,West,I65 N ENT RAMP,,,,0.00,N,Not at Intersection,N,Non-Junction,None,,,         ,Daniel,Knalls,Clear,Front to Rear,no,no,no,no,no,False
102797305,METROPOLITAN NASHVILLE POLICE DEPT,20200623839,Davidson,Nashville,9/30/2020 3:28:00 PM,2,0,0,36.149080,-86.746520,I 40,,,,0.00,,,,,,,211.80,N,Not at Intersection, ,,None,,,         ,Jason,Milyaro Lucas,,,no,no,no,no,no,False
102797319,METROPOLITAN NASHVILLE POLICE DEPT,20200623749,Davidson,Nashville,9/30/2020 2:09:00 PM,2,0,0,36.236480,-86.761440,I 65,,,,0.00,,,,,,,89.75,N,Not at Intersection, ,Non-Junction,None,,,         ,Marc,Kozen,Clear,"Sideswipe, Same Direction",no,no,no,no,no,False
102797330,METROPOLITAN NASHVILLE POLICE DEPT,20200623758,Davidson,Not in City Limit,9/30/2020 2:00:00 PM,1,0,0,36.000460,-87.021250,HIGHWAY 96,,,,1261.00,Feet,East,LITTLE EAST FORK RD,,,,0.00,N,Not at Intersection,N,Non-Junction,None,,,         ,Ryan,Papp,,Not Collision with Motor Vehicle in Transport,no,no,no,no,yes,False
102797333,METROPOLITAN NASHVILLE POLICE DEPT,20200623829,Davidson,Nashville,9/30/2020 3:10:00 PM,2,1,0,36.139890,-86.760910,2ND AVS,,,,59.00,Feet,North,OLD RADNOR CAR LINE,,,,0.00,N,Not at Intersection,N,Non-Junction,None,,,         ,Jerre,Fly,Unknown,"Sideswipe, Same Direction",no,no,no,no,yes,False
102797334,METROPOLITAN NASHVILLE POLICE DEPT,20200623851,Davidson,Antioch,9/30/2020 12:00:00 AM,2,0,0,36.047840,-86.612050,MURFREESBORO PKE,,,,1284.00,Feet,North,MOUNTAIN SPRINGS RD,,,,0.00,N,Not at Intersection, ,Non-Junction,None,,,         ,Maccio,Hightower,Clear,Angle,no,no,no,no,no,False
102797336,METROPOLITAN NASHVILLE POLICE DEPT,20200621152,Davidson,Not in City Limit,9/29/2020 10:30:00 AM,2,1,0,36.262860,-86.703390,E OLD HICKORY BLVD,,,,0.00,Feet,,FOREST PARK RD,,,,0.00,Y,T-Intersection,N,Intersection,None,,,         ,William,Gibbs,,Angle,no,no,no,no,yes,False
102797345,THP District 3 - Nashville,320055395,Davidson,Not in City Limit,9/28/2020 6:30:00 AM,3,0,0,36.309510,-86.825360,I 24,,,,0.00,,,,,,,37.80,N,Not at Intersection,N,Non-Junction,None,,,         ,Randall retired,Cole retired,Clear,Front to Rear,no,no,no,no,no,False
102797359,METROPOLITAN NASHVILLE POLICE DEPT,20200623854,Davidson,Nashville,9/30/2020 3:35:00 PM,3,0,0,36.046430,-86.661180,I 24,,,,0.00,,,,,,,59.30,N,Not at Intersection, ,Non-Junction,None,,,         ,Austin,Binner,Clear,Front to Rear,no,no,no,no,no,False
102797361,METROPOLITAN NASHVILLE POLICE DEPT,20200623936,Davidson,Nashville,9/30/2020 4:21:00 PM,2,0,0,36.238240,-86.756510,I 65,,,,0.00,,,,,,,90.00,N,Not at Intersection,N,Entrance/Exit Ramp Related,None,,,         ,Christopher,Littles,,"Sideswipe, Same Direction",no,no,no,no,yes,False
102797363,METROPOLITAN NASHVILLE POLICE DEPT,20200623952,Davidson,Nashville,9/30/2020 4:15:00 PM,2,0,0,36.152080,-86.795320,18TH AVE S,,,,11.00,Feet,North,US HWY 431,,,,0.00,N,Not at Intersection, ,Non-Junction,None,,,         ,Goran,Manojlovic,Clear,"Sideswipe, Same Direction",no,no,no,no,no,False
102797365,METROPOLITAN NASHVILLE POLICE DEPT,20200623790,Davidson,Nashville,9/30/2020 2:45:00 PM,2,0,0,36.156680,-86.843720,INDIANA AV,,,,0.00,,,47TH AVN,,,,0.00,Y,Four-Way, ,,None,,,         ,Hillary,Sherman,,,no,no,no,no,no,False
102797389,METROPOLITAN NASHVILLE POLICE DEPT,20200623804,Davidson,Nashville,9/30/2020 1:10:00 PM,2,0,0,36.071870,-86.636180,MURFREESBORO PKE,,,,0.00,,,BELL RD,,,,0.00,Y,Four-Way,Y,Intersection,None,,,         ,Cooper,HIll,Clear,"Sideswipe, Same Direction",no,no,no,no,no,False
102797394,METROPOLITAN NASHVILLE POLICE DEPT,20200623957,Davidson,Not in City Limit,9/30/2020 4:30:00 PM,2,0,0,36.262210,-86.712210,GALLATIN PKES,,,,0.00,,,E OLD HICKORY BLVD,,,,0.00,Y,Four-Way, ,Intersection,None,,,         ,Dylan,Bradley,,Angle,no,no,no,no,no,False
102797399,METROPOLITAN NASHVILLE POLICE DEPT,20200623956,Davidson,Nashville,9/30/2020 3:06:00 PM,2,0,0,36.067410,-86.631250,MURFREESBORO PKE,,,,0.00,,,FOREST VIEW DR,,,,0.00,Y,Four-Way,Y,Intersection,None,,,         ,Joel,Bennett,Clear,Angle,no,no,no,no,no,False
102797411,METROPOLITAN NASHVILLE POLICE DEPT,20200623990,Davidson,Nashville,9/30/2020 4:20:00 PM,2,0,0,36.107450,-86.801430,GLEN ECHO RD,,,,205.00,Feet,West,BELMONT BLVD,,,,0.00,N,Not at Intersection, ,Non-Junction,None,,,         ,Douglas,Sykes,,Front to Rear,no,no,no,no,no,False
102797421,GOODLETTSVILLE POLICE DEPT,20-29094,Davidson,Goodlettsville,9/30/2020 3:50:00 PM,2,0,0,36.309470,-86.691460,VIETNAM VETERANS BLVDS,,,,1221.00,Feet,East,CONFERENCE DR,,,,0.00,N,Not at Intersection, ,Non-Junction,None,,,         ,Wesley,Sakarapanee,Clear,Front to Rear,no,no,no,no,no,False
102797427,METROPOLITAN NASHVILLE POLICE DEPT,20200623850,Davidson,Nashville,9/30/2020 3:26:00 PM,6,0,0,36.044870,-86.658500,I 24,,,,0.00,,,,,,,59.45,N,Not at Intersection,N,Non-Junction,None,,,         ,Edward,Starke,Clear,Front to Rear,no,no,no,no,no,False
102797434,METROPOLITAN NASHVILLE POLICE DEPT,20200623783,Davidson,Nashville,9/30/2020 1:59:00 PM,2,0,0,36.121250,-86.727000,I 24,,,,0.00,,,,,,,52.85,N,Not at Intersection,N,Non-Junction,None,,,         ,Molly,Page,Clear,Angle,no,no,no,no,yes,False
102797437,METROPOLITAN NASHVILLE POLICE DEPT,20200624001,Davidson,Nashville,9/30/2020 4:45:00 PM,2,0,0,36.148110,-86.867550,CHARLOTTE PKE,,,,50.00,Feet,West,EASTBORO DR,,,,0.00,N,Not at Intersection, ,Non-Junction,None,,,         ,Ciara,Doherty,,"Sideswipe, Same Direction",no,no,no,no,no,False
102797438,METROPOLITAN NASHVILLE POLICE DEPT,20200623955,Davidson,Nashville,9/30/2020 4:20:00 PM,2,0,0,36.040300,-86.780430,OLD HICKORY BLVD,,,,113.00,Feet,East,I65 N ENT RAMP,,,,0.00,N,Not at Intersection, ,,None,,,         ,Darci,Stechman,,,no,no,no,no,no,False
102797448,METROPOLITAN NASHVILLE POLICE DEPT,20200619483,Davidson,Nashville,9/28/2020 3:28:00 PM,2,0,0,36.150090,-86.858200,CHARLOTTE PKE,,,,77.00,Feet,West,WHITE BRIDGE PKE,,,,0.00,N,Not at Intersection, ,Non-Junction,None,,,         ,Torian,Cox,Clear,"Sideswipe, Opposite Direction",no,no,no,no,no,False
102797449,METROPOLITAN NASHVILLE POLICE DEPT,20200624039,Davidson,Nashville,9/30/2020 3:30:00 PM,2,0,0,36.087700,-87.024290,MCCRORY LN,,,,2102.00,Feet,South,HIGHWAY 70,,,,0.00,N,Not at Intersection, ,Non-Junction,None,,,         ,Ryan,Papp,,Front to Rear,no,no,no,no,no,False
102797451,METROPOLITAN NASHVILLE POLICE DEPT,20200624068,Davidson,Nashville,9/30/2020 5:27:00 PM,2,0,0,36.124240,-86.739290,I 440,,,,0.00,,,,,,,6.90,N,Not at Intersection, ,Non-Junction,None,,,         ,Joel,Bennett,Clear,Front to Rear,no,no,no,no,no,False
102797455,METROPOLITAN NASHVILLE POLICE DEPT,20200624124,Davidson,Nashville,9/30/2020 5:06:00 PM,2,0,0,36.069540,-86.684090,ANTIOCH PKE,,,,170.00,Feet,North,RICHARDS RD,,,,0.00,N,Not at Intersection, ,Non-Junction,None,,,         ,Edward,Starke,Clear,Angle,no,no,no,no,no,False
102797457,METROPOLITAN NASHVILLE POLICE DEPT,20200624040,Davidson,Nashville,9/30/2020 3:45:00 PM,2,0,0,36.092970,-86.705700,I 24,,,,0.00,,,,,,,55.15,N,Not at Intersection,N,Non-Junction,None,,,         ,John,Jones,Clear,Front to Rear,no,no,no,no,yes,False
102797476,METROPOLITAN NASHVILLE POLICE DEPT,20200624104,Davidson,Nashville,9/30/2020 5:55:00 PM,2,0,0,36.084310,-86.705410,HARDING PL,,,,151.00,Feet,East,LINBAR DR,,,,0.00,N,Not at Intersection,N,Non-Junction,None,,,         ,John,Walden,Clear,"Sideswipe, Opposite Direction",no,no,no,no,yes,False
102797480,METROPOLITAN NASHVILLE POLICE DEPT,20200624128,Davidson,Nashville,9/30/2020 6:00:00 PM,2,0,0,36.183820,-86.768480,HANCOCK ST,,,,0.00,,,MERIDIAN ST,,,,0.00,Y,Four-Way, ,Intersection-Related,None,,,         ,Jeremy,Smith,,Angle,no,no,no,no,no,False
102797496,METROPOLITAN NASHVILLE POLICE DEPT,20200624229,Davidson,Nashville,9/30/2020 6:35:00 PM,2,0,0,36.041220,-86.777040,OLD HICKORY BLVD,,,,248.00,Feet,West,BRENTWOOD COMMONS WAY,,,,0.00,N,Not at Intersection, ,Non-Junction,None,,,         ,Amy,Hirschmann,Clear,Front to Rear,no,no,no,no,no,False
102797498,METROPOLITAN NASHVILLE POLICE DEPT,20200624198,Davidson,Nashville,9/30/2020 4:45:00 PM,2,0,0,36.136570,-86.892240,I 40,,,,0.00,,,,,,,201.65,N,Not at Intersection,N,Non-Junction,None,,,         ,Ryan,Papp,,Front to Rear,no,no,no,no,yes,False
102797502,METROPOLITAN NASHVILLE POLICE DEPT,20200624202,Davidson,Nashville,9/30/2020 12:00:00 AM,2,0,0,36.222620,-86.725890,GALLATIN PKE,,,,71.00,Feet,South,GREENLAND AV,,,,0.00,N,Not at Intersection,N,Non-Junction,None,,,         ,Maryanne,Bartello,Clear,Front to Rear,no,no,no,no,yes,False
102797511,METROPOLITAN NASHVILLE POLICE DEPT,20200624126,Davidson,Nashville,9/30/2020 6:00:00 PM,2,0,0,36.238390,-86.671410,MARLIN PASS,,,,0.00,Feet,,JOE PYRON DR,,,,0.00,Y,T-Intersection, ,Intersection-Related,None,,,         ,Dylan,Bradley,,Angle,no,no,no,no,yes,False
102797513,METROPOLITAN NASHVILLE POLICE DEPT,20200624252,Davidson,Nashville,9/30/2020 7:43:00 PM,2,0,0,36.063590,-86.637320,BELL RD,,,,102.00,Feet,North,RICE RD,,,,0.00,N,Not at Intersection,N,Non-Junction,None,,,         ,Joel,Bennett,Clear,Front to Rear,no,no,no,no,no,False
102797517,METROPOLITAN NASHVILLE POLICE DEPT,20200624130,Davidson,Nashville,9/30/2020 5:47:00 PM,2,0,0,36.088480,-86.695990,METROPLEX DR,,,,588.00,Feet,North,HARDING PL,,,,0.00,N,Not at Intersection,N,Non-Junction,None,,,         ,Molly,Page,Clear,Angle,no,no,no,no,no,False
102797519,METROPOLITAN NASHVILLE POLICE DEPT,20200623927,Davidson,Nashville,9/30/2020 4:16:00 PM,2,1,0,36.182230,-86.608280,OLD HICKORY BLVD,,,,56.00,Feet,West,FRIST BLVD,,,,0.00,N,Not at Intersection,N,Non-Junction,None,,,         ,Jason,Milyaro Lucas,,Angle,no,no,no,no,no,False
102797521,METROPOLITAN NASHVILLE POLICE DEPT,20200624007,Davidson,Nashville,9/30/2020 4:53:00 PM,2,0,0,36.183180,-86.773870,GRACE ST,,,,0.00,Feet,,DICKERSON PKE,,,,0.00,Y,Y-Intersection,N,Intersection,None,,,         ,Nicholas,Silinsky,Clear,Front to Rear,no,no,no,no,yes,False
102797524,VANDERBILT UNIVERSITY POLICE,20200624273,Davidson,Nashville,9/24/2020 12:00:00 AM,1,0,0,36.141270,-86.796720,HORTON AVE,,,,0.00,,,,,,,0.00,,, ,Non-Junction,None,,,         ,Alan,Reed,,Not Collision with Motor Vehicle in Transport,no,no,no,yes,no,Campus
102797556,METROPOLITAN NASHVILLE POLICE DEPT,20200624316,Davidson,Nashville,9/30/2020 8:00:00 PM,2,0,0,36.145220,-86.857990,WHITE BRIDGE PKE,,,,77.00,Feet,North,BURGESS AV,,,,0.00,N,Not at Intersection,N,Non-Junction,None,,,         ,Ciara,Doherty,,Angle,no,no,no,no,no,False
102797568,METROPOLITAN NASHVILLE POLICE DEPT,20200624374,Davidson,Nashville,9/30/2020 12:00:00 AM,1,0,0,36.133090,-86.805720,24TH AVE S,,,,100.00,Feet,South,BARTON AVE,,,,0.00,N,Not at Intersection,N,Non-Junction,None,,,         ,Emmanuel,Berger,Clear,Not Collision with Motor Vehicle in Transport,no,no,no,no,yes,False
102797583,METROPOLITAN NASHVILLE POLICE DEPT,20200623889,Davidson,Nashville,9/30/2020 3:56:00 PM,2,0,0,36.077490,-86.732490,HARDING PL,,,,286.00,Feet,West,MILNER DR,,,,0.00,N,Not at Intersection, ,Non-Junction,None,,,         ,Zachary,Smith,,"Sideswipe, Same Direction",no,no,no,no,no,False
102797584,METROPOLITAN NASHVILLE POLICE DEPT,20200624084,Davidson,Nashville,9/30/2020 2:46:00 PM,2,0,0,36.075320,-86.725010,NOLENSVILLE PKE,,,,99.00,Feet,North,FLORA MAXWELL RD,,,,0.00,N,Not at Intersection, ,Non-Junction,None,,,         ,Zachary,Smith,,Front to Rear,no,no,no,no,no,False
102797608,METROPOLITAN NASHVILLE POLICE DEPT,20200624402,Davidson,Nashville,9/30/2020 9:19:00 PM,2,0,0,36.044950,-86.659750,I24 E ENT RAMP,,,,0.00,Feet,,I 24,,,,0.00,Y,Y-Intersection, ,Intersection,None,,,         ,Joel,Bennett,Clear,Angle,no,no,no,no,no,False
102797616,METROPOLITAN NASHVILLE POLICE DEPT,20200624353,Davidson,Nashville,9/30/2020 8:41:00 PM,2,0,0,36.180390,-86.803810,BUCHANAN ST,,,,0.00,,,OWEN ST,,,,0.00,Y,T-Intersection,N,Intersection,None,,,         ,Wesley,Carver,Clear,Front to Rear,no,no,no,no,yes,False
102797645,METROPOLITAN NASHVILLE POLICE DEPT,20200624109,Davidson,Nashville,9/30/2020 5:50:00 PM,2,1,0,36.098070,-86.658580,MURFREESBORO PKE,,,,306.00,Feet,East,HARDING PL,,,,0.00,N,Not at Intersection,N,Non-Junction,None,,,         ,Molly,Page,,Front to Rear,no,no,no,no,no,False
102797646,METROPOLITAN NASHVILLE POLICE DEPT,20200624428,Davidson,Nashville,9/30/2020 9:40:00 PM,2,0,0,36.044770,-86.661010,BELL RD,,,,153.00,Feet,East,CANE RIDGE RD,,,,0.00,N,Not at Intersection, ,Entrance/Exit Ramp Related,None,,,         ,Garrett,Latham,,"Sideswipe, Same Direction",no,no,no,no,no,False
102797680,METROPOLITAN NASHVILLE POLICE DEPT,20200624409,Davidson,Not in City Limit,9/30/2020 8:06:00 PM,2,1,0,36.262990,-86.680940,STATE RT 45,,,,0.00,,,RIO VISTA DR,,,,0.00,Y,Four-Way,N,Intersection,None,,,         ,Esther,Poysti,,Angle,no,no,no,no,yes,False
102797681,METROPOLITAN NASHVILLE POLICE DEPT,20200624468,Davidson,Nashville,9/30/2020 10:15:00 PM,2,1,0,36.058460,-86.645460,RURAL HILL RD,,,,1192.00,Feet,South,TOOK LN,,,,0.00,N,Not at Intersection,N,Non-Junction,None,,,         ,Laura,Williams,,Angle,no,no,no,no,yes,False
102797682,METROPOLITAN NASHVILLE POLICE DEPT,20200624449,Davidson,Not in City Limit,9/30/2020 9:59:00 PM,1,1,0,36.132200,-86.998160,POND CREEK RD,,,,548.00,Feet,South,NATIER DR,,,,0.00,N,Not at Intersection,N,Non-Junction,None,,,         ,Ryan,Papp,Clear,Not Collision with Motor Vehicle in Transport,no,no,no,no,no,False
102797684,METROPOLITAN NASHVILLE POLICE DEPT,20200624474,Davidson,Nashville,9/30/2020 10:20:00 PM,2,0,0,36.244620,-86.762070,SKYLINE COMMONS PVTDR,,,,0.00,Feet,East,DOVERSIDE DR,,,,0.00,N,Not at Intersection,N,Non-Junction,None,,,         ,Bradley,Fort,,Angle,no,no,no,yes,yes,False
102797697,METROPOLITAN NASHVILLE POLICE DEPT,20200624036,Davidson,Nashville,9/30/2020 4:58:00 PM,2,1,0,36.133350,-86.828680,WEST END AV,,,,123.00,Feet,West,WHITEHALL,,,,0.00,N,Not at Intersection,N,Non-Junction,None,,,         ,Torian,Cox,Clear,Front to Rear,no,no,no,no,no,False
102797699,METROPOLITAN NASHVILLE POLICE DEPT,20200624314,Davidson,Nashville,9/30/2020 8:02:00 PM,2,0,0,36.130080,-86.912910,RIVER RD,,,,536.00,Feet,East,RIVER RD PVT DR,,,,0.00,N,Not at Intersection,N,Non-Junction,None,,,         ,Jeremy,Huffine,Clear,Angle,no,no,no,no,no,False
102797700,METROPOLITAN NASHVILLE POLICE DEPT,2020-0615923,Davidson,Nashville,9/26/2020 2:40:00 PM,1,0,0,36.142230,-86.678450,I 40,,,,0.00,,,,,,,215.95,N,Not at Intersection,N,Non-Junction,None,,,         ,Frank,Walker,,Not Collision with Motor Vehicle in Transport,no,no,no,no,no,False
102797702,METROPOLITAN NASHVILLE POLICE DEPT,20200624447,Davidson,Nashville,9/30/2020 9:52:00 PM,2,1,0,36.167600,-86.762220,S 5TH ST,,,,0.00,,,SHELBY AV,,,,0.00,Y,Four-Way,N,Intersection-Related,Work Zone,Other,Unknown,         ,Kaleb,Stella,Clear,Other,no,no,no,no,yes,False
102797716,METROPOLITAN NASHVILLE POLICE DEPT,20200624185,Davidson,Nashville,9/30/2020 5:37:00 PM,2,1,0,36.147270,-86.857950,WHITE BRIDGE PKE,,,,411.00,Feet,West,LENOX AV,,,,0.00,N,Not at Intersection,N,Non-Junction,None,,,         ,Torian,Cox,Clear,Front to Rear,no,no,no,no,no,False
102797723,METROPOLITAN NASHVILLE POLICE DEPT,20200624482,Davidson,Nashville,9/30/2020 12:00:00 AM,1,0,0,36.144830,-86.697870,I40 E ENT RAMP,,,,0.00,Feet,East,I 40,,,,0.00,N,Not at Intersection,N,Non-Junction,None,,,         ,Amy,Hirschmann,,Not Collision with Motor Vehicle in Transport,no,no,no,no,no,False
102797725,METROPOLITAN NASHVILLE POLICE DEPT,20200624549,Davidson,Nashville,9/30/2020 10:38:00 PM,2,0,0,36.077090,-86.725560,EDMONDSON PKE,,,,0.00,Feet,,WALLACE RD,,,,0.00,Y,Four-Way,N,Intersection,None,,,         ,Aaron,Brumley,,Angle,no,no,no,no,yes,False
102797726,METROPOLITAN NASHVILLE POLICE DEPT,20200624494,Davidson,Nashville,9/30/2020 9:45:00 PM,2,0,0,36.164340,-86.757990,S 6TH ST,,,,248.00,Feet,North,CAYCE PLACE PVTDR,,,,0.00,N,Not at Intersection,N,Non-Junction,None,,,         ,Shaquille,Graham,,"Sideswipe, Opposite Direction",no,no,no,no,yes,False
102797740,METROPOLITAN NASHVILLE POLICE DEPT,20200624481,Davidson,Nashville,9/30/2020 10:30:00 PM,3,0,0,36.182750,-86.799110,I 65,,,,0.00,,,,,,,85.20,N,Not at Intersection,N,Non-Junction,None,,,         ,Joshua,Green,Clear,Not Collision with Motor Vehicle in Transport,no,no,no,no,no,False
102797768,METROPOLITAN NASHVILLE POLICE DEPT,20200624497,Davidson,Not in City Limit,9/30/2020 10:30:00 PM,1,1,0,36.272460,-86.736100,I 65,,,,0.00,,,,,,,92.80,N,Not at Intersection,N,Non-Junction,None,,,         ,Ashton,Hill,,Not Collision with Motor Vehicle in Transport,no,no,no,no,no,False
102797773,METROPOLITAN NASHVILLE POLICE DEPT,20200620715,Davidson,Nashville,9/29/2020 5:45:00 AM,1,1,0,36.057610,-86.701800,TUSCULUM RD,,,,70.00,Feet,East,BREWER DR,,,,0.00,N,Not at Intersection,N,Non-Junction,None,,,         ,Antoine,Maghamez,Clear,Not Collision with Motor Vehicle in Transport,yes,no,no,no,no,False
102797819,METROPOLITAN NASHVILLE POLICE DEPT,20200624628,Davidson,Nashville,9/30/2020 11:54:00 PM,2,0,0,36.060702,-86.604136,HAMILTON CHURCH,RD,,,1056.00,Feet,West,MT VIEW,RD,,,0.00,N,Not at Intersection,N,Non-Junction,None,,,         ,Kyle,Burks,,"Sideswipe, Opposite Direction",no,no,no,no,yes,False
102797878,METROPOLITAN NASHVILLE POLICE DEPT,20200623628,Davidson,Nashville,9/30/2020 1:25:00 PM,1,1,0,36.153750,-86.787660,I40 W EXT RAMP,,,,0.00,,,DEMONBREUN ST,,,,0.00,Y,OTHER,Y,Entrance/Exit Ramp Related,None,,,         ,Nathaniel,Jones,Clear,Not Collision with Motor Vehicle in Transport,no,no,no,no,no,False
102797901,METROPOLITAN NASHVILLE POLICE DEPT,20200623549,Davidson,Nashville,9/30/2020 12:37:00 PM,2,0,0,36.281970,-86.785330,BRICK CHURCH PKE,,,,620.00,Feet,South,AUTUMN RIDGE DR,,,,0.00,N,Not at Intersection, ,Non-Junction,None,,,         ,Ricki,Armstrong,,Front to Rear,no,no,no,no,no,False
102798072,METROPOLITAN NASHVILLE POLICE DEPT,2020-0623616,Davidson,Nashville,9/30/2020 12:54:00 PM,2,1,0,36.054680,-86.715340,NOLENSVILLE PKE,,,,385.00,Feet,North,BREWER DR,,,,0.00,N,Not at Intersection,N,Non-Junction,None,,,         ,Sean,Williams,,Front to Rear,no,no,no,no,no,False
102798073,METROPOLITAN NASHVILLE POLICE DEPT,2020-0623704,Davidson,Not in City Limit,9/30/2020 2:13:00 PM,3,1,0,35.997470,-86.690730,NOLENSVILLE PKE,,,,332.00,Feet,West,CONCORD RD,,,,0.00,N,Not at Intersection,N,Non-Junction,None,,,         ,Sean,Williams,,Front to Rear,no,no,no,no,no,False
102798082,METROPOLITAN NASHVILLE POLICE DEPT,20200624193,Davidson,Nashville,9/30/2020 6:57:00 PM,1,1,0,36.157110,-86.774670,4TH AVS,,,,0.00,,,KOREAN VETERANS BLVD,,,,0.00,Y,Four-Way,N,Intersection,None,,,         ,Joshua,Reece,Clear,Not Collision with Motor Vehicle in Transport,yes,no,no,no,no,False
102798208,METROPOLITAN NASHVILLE POLICE DEPT,20200624234,Davidson,Nashville,9/30/2020 7:27:00 PM,1,2,0,36.117130,-86.702150,BRILEY PKWY N EXT RAMP,,,,0.00,Feet,East,BRILEY PKWYN,,,,0.00,N,Not at Intersection,N,Non-Junction,None,,,         ,Edward,Starke,Clear,Not Collision with Motor Vehicle in Transport,no,no,no,no,no,False
102799155,THP District 9 - Administrative,320056236,Davidson,Nashville,9/30/2020 12:56:00 PM,2,0,0,36.171100,-86.789500,ROSA L PARKS BLVD,,,,219.00,Feet,East,LOCKLAYER ST,,,,0.00,N,Not at Intersection, ,Non-Junction,None,,,         ,Michael,Morgan,Clear,"Sideswipe, Same Direction",no,no,no,yes,yes,False